,year,name,coalition,party_code,votes,vote_share,parliament_code_digits,constituency,state,total_votes,gender,results_added,spr_id,winner
641,2022,RUSYDAN RUSMI,PN,PAS,24267,53.58373078961314,001,PADANG BESAR,Perlis,45288,F,1,1069,1.0
644,2022,ZAHIDA ZARIK KHAN,BN,UMNO,11753,25.951686981098746,001,PADANG BESAR,Perlis,45288,M,1,259,0.0
645,2022,MOHAMAD SAAD @ YAHYA,PH,AMANAH,7085,15.644320791379615,001,PADANG BESAR,Perlis,45288,F,1,118,0.0
643,2022,ZAHIDI ZAINUL ABIDIN,,IND,1939,4.281487369722663,001,PADANG BESAR,Perlis,45288,F,1,1113,0.0
642,2022,KO CHU LIANG,,WARISAN,244,0.5387740681858328,001,PADANG BESAR,Perlis,45288,F,1,969,0.0
289,2022,ZAKRI HASSAN,PN,BERSATU,24562,43.704626334519574,002,KANGAR,Perlis,56200,F,1,449.0,1.0
290,2022,FATHUL BARI MAT JAHYA,BN,UMNO,15370,27.348754448398576,002,KANGAR,Perlis,56200,F,1,847.0,0.0
292,2022,NOOR AMIN AHMAD,PH,PKR,15143,26.944839857651246,002,KANGAR,Perlis,56200,F,1,1332.0,0.0
293,2022,NUR SULAIMAN ZOLKAPLI,GTA,PEJUANG,708,1.2597864768683273,002,KANGAR,Perlis,56200,F,1,1312.0,0.0
291,2022,ROHIMI SHAPIEE,,WARISAN,417,0.7419928825622776,002,KANGAR,Perlis,56200,F,1,1309.0,0.0
613,2022,SHAHIDAN KASSIM,PN,DIRECT,31458,67.23375152279382,003,ARAU,Perlis,46789,F,1,1091,1.0
614,2022,ROZABIL ABD RAHMAN,BN,UMNO,8242,17.615251447989912,003,ARAU,Perlis,46789,F,1,741,0.0
612,2022,FATHIN AMELINA FAZLIE,PH,PKR,7089,15.150997029216269,003,ARAU,Perlis,46789,M,1,447,0.0
241,2022,SUHAIMI ABDULLAH,PN,BERSATU,25463,53.62889637742207,004,LANGKAWI,Kedah,47480,F,1,294.0,1.0
243,2022,ARMISHAH SIRAJ,BN,UMNO,11945,25.157961246840774,004,LANGKAWI,Kedah,47480,F,1,125.0,0.0
244,2022,ZABIDI YAHYA,PH,AMANAH,5417,11.409014321819713,004,LANGKAWI,Kedah,47480,F,1,248.0,0.0
242,2022,MAHATHIR MOHAMAD,GTA,PEJUANG,4566,9.616680707666386,004,LANGKAWI,Kedah,47480,F,1,15.0,0.0
240,2022,ABD KADIR,,IND,89,0.18744734625105308,004,LANGKAWI,Kedah,47480,F,1,213.0,0.0
521,2022,ABD GHANI AHMAD,PN,PAS,31685,60.691095063880326,005,JERLUN,Kedah,52207,F,1,437,1.0
524,2022,OTHMAN AZIZ,BN,UMNO,11229,21.50860995651924,005,JERLUN,Kedah,52207,F,1,349,0.0
523,2022,FADZIL ALI MOHD ALI,PH,PKR,6149,11.778114046009156,005,JERLUN,Kedah,52207,F,1,625,0.0
522,2022,MUKHRIZ MAHATHIR,GTA,PEJUANG,3144,6.022180933591281,005,JERLUN,Kedah,52207,F,1,159,0.0
11,2022,KU ABD RAHMAN KU ISMAIL,PN,BERSATU,47584,57.053787678952546,006,KUBANG PASU,Kedah,83402,F,1,535.0,1.0
12,2022,MOHD AIZUDDIN ARIFFIN,PH,PKR,16000,19.1841922256061,006,KUBANG PASU,Kedah,83402,F,1,238.0,0.0
14,2022,HASMUNI HASSAN,BN,UMNO,14489,17.372485072300424,006,KUBANG PASU,Kedah,83402,F,1,161.0,0.0
13,2022,AMIRUDDIN HAMZAH,GTA,PEJUANG,5329,6.389535023140932,006,KUBANG PASU,Kedah,83402,F,1,838.0,0.0
118,2022,NURUL AMIN HAMID,PN,PAS,28217,58.02504678278394,007,PADANG TERAP,Kedah,48629,F,1,75.0,1.0
116,2022,MAHDZIR KHALID,BN,UMNO,17258,35.48911143556314,007,PADANG TERAP,Kedah,48629,F,1,477.0,0.0
117,2022,MUAZ ABDULLAH,PH,AMANAH,2702,5.556355261263855,007,PADANG TERAP,Kedah,48629,F,1,201.0,0.0
115,2022,RAZALI LEBAI SALLEH,GTA,PEJUANG,452,0.9294865203890682,007,PADANG TERAP,Kedah,48629,F,1,302.0,0.0
713,2022,AHMAD SAAD @ YAHAYA,PN,PAS,52275,59.44123533157464,008,POKOK SENA,Kedah,87944,F,1,233,1.0
715,2022,MAHFUZ OMAR,PH,AMANAH,20524,23.337578459019376,008,POKOK SENA,Kedah,87944,F,1,407,0.0
714,2022,NORAN ZAMINI JAMALUDDIN,BN,UMNO,14523,16.513917947784954,008,POKOK SENA,Kedah,87944,F,1,564,0.0
712,2022,NORAINI MD SALLEH,,WARISAN,622,0.7072682616210315,008,POKOK SENA,Kedah,87944,M,1,286,0.0
483,2022,AFNAN HAMIMI TAIB AZAMUDDIN,PN,PAS,37486,48.691969968565715,009,ALOR SETAR,Kedah,76986,F,1,178,1.0
485,2022,SIMON OOI TZE MIN,PH,PKR,27555,35.79222196243473,009,ALOR SETAR,Kedah,76986,F,1,601,0.0
488,2022,TAN CHEE HIONG,BN,MCA,8930,11.5995115995116,009,ALOR SETAR,Kedah,76986,F,1,524,0.0
482,2022,MOHAMAD NUHAIRI RAHMAT,GTA,PEJUANG,2383,3.0953679889850103,009,ALOR SETAR,Kedah,76986,F,1,123,0.0
484,2022,FADZIL HANAFI,,WARISAN,366,0.47541111370898603,009,ALOR SETAR,Kedah,76986,F,1,334,0.0
487,2022,SOFAN FEROZA,,IND,151,0.1961395578416855,009,ALOR SETAR,Kedah,76986,F,1,800,0.0
486,2022,NORDIN YUNUS,,IND,115,0.14937780895227704,009,ALOR SETAR,Kedah,76986,F,1,484,0.0
516,2022,AHMAD FAKHRUDDIN FAKHRURAZI,PN,PAS,56298,56.031848718586716,010,KUALA KEDAH,Kedah,100475,F,1,110,1.0
513,2022,AZMAN ISMAIL,PH,PKR,28237,28.10350833540682,010,KUALA KEDAH,Kedah,100475,F,1,672,0.0
517,2022,MASHITAH IBRAHIM,BN,UMNO,13879,13.813386414530978,010,KUALA KEDAH,Kedah,100475,M,1,220,0.0
515,2022,ULYA AQAMAH HUSAMUDIN,GTA,PEJUANG,1805,1.7964667827817866,010,KUALA KEDAH,Kedah,100475,F,1,448,0.0
514,2022,SYED ARANIRI SYED AHMAD,,WARISAN,256,0.2547897486937049,010,KUALA KEDAH,Kedah,100475,F,1,726,0.0
84,2022,AWANG HASHIM,PN,PAS,49008,64.83054210651639,011,PENDANG,Kedah,75594,F,1,353.0,1.0
87,2022,SURAYA YAACOB,BN,UMNO,17719,23.43969098076567,011,PENDANG,Kedah,75594,M,1,285.0,0.0
85,2022,ZULKIFLI MOHAMAD,PH,PKR,8058,10.659576156837844,011,PENDANG,Kedah,75594,F,1,550.0,0.0
86,2022,ABDUL RASHID YOP,GTA,DIRECT,809,1.0701907558800963,011,PENDANG,Kedah,75594,F,1,622.0,0.0
718,2022,SABRI AZIT,PN,PAS,49461,60.10353249972658,012,JERAI,Kedah,82293,F,1,471,1.0
717,2022,JAMIL KHIR BAHAROM,BN,UMNO,16269,19.769603733002807,012,JERAI,Kedah,82293,F,1,328,0.0
716,2022,ZULHAZMI SHARIFF,PH,DAP,15590,18.944503177670033,012,JERAI,Kedah,82293,F,1,615,0.0
719,2022,MOHD NIZAM MAHSHAR,GTA,DIRECT,973,1.1823605896005736,012,JERAI,Kedah,82293,F,1,245,0.0
380,2022,AHMAD TARMIZI SULAIMAN,PN,PAS,34606,67.64136744786067,013,SIK,Kedah,51161,F,1,382,1.0
378,2022,MAIZATULAKMAM OTHMAN @ IBRAHIM,BN,UMNO,12819,25.056195148648385,013,SIK,Kedah,51161,M,1,546,0.0
379,2022,LATIPAH MOHAMAD YATIM,PH,AMANAH,3736,7.3024374034909405,013,SIK,Kedah,51161,M,1,100,0.0
492,2022,MOHD NAZRI ABU HASSAN,PN,BERSATU,52573,51.26872366983929,014,MERBOK,Kedah,102544,F,1,666,1.0
491,2022,NOR AZRINA SURIP,PH,PKR,31554,30.771181151505694,014,MERBOK,Kedah,102544,M,1,165,0.0
490,2022,SHAIFUL HAZIZY ZAINOL ABIDIN,BN,UMNO,16691,16.27691527539398,014,MERBOK,Kedah,102544,F,1,737,0.0
493,2022,MOHAMED MOSIN ABDUL RAZAK,GTA,IMAN,1201,1.1712045560929942,014,MERBOK,Kedah,102544,F,1,496,0.0
489,2022,KHAIRUL ANUAR AHMAD,,WARISAN,525,0.5119753471680449,014,MERBOK,Kedah,102544,F,1,80,0.0
573,2022,MOHAMMED TAUFIK JOHARI,PH,PKR,50580,38.90649518476354,015,SUNGAI PETANI,Kedah,130004,F,1,1155,1.0
576,2022,ROBERT LING KUI EE,PN,BERSATU,49465,38.04882926679179,015,SUNGAI PETANI,Kedah,130004,F,1,783,0.0
577,2022,SHAHANIM MOHAMAD YUSOFF,BN,UMNO,27391,21.069351712255006,015,SUNGAI PETANI,Kedah,130004,M,1,619,0.0
575,2022,MARZUKI YAHYA,GTA,PEJUANG,2342,1.8014830312913448,015,SUNGAI PETANI,Kedah,130004,F,1,1167,0.0
574,2022,TAN CHOW KANG,,PRM,226,0.17384080489831083,015,SUNGAI PETANI,Kedah,130004,F,1,400,0.0
611,2022,HASSAN SAAD,PN,PAS,64493,59.13316951514707,016,BALING,Kedah,109064,F,1,588,1.0
610,2022,ABDUL AZEEZ ABDUL RAHIM,BN,UMNO,35356,32.417663023545806,016,BALING,Kedah,109064,F,1,539,0.0
608,2022,JOHARI ABDULLAH,PH,AMANAH,8636,7.918286510672632,016,BALING,Kedah,109064,F,1,215,0.0
609,2022,LT KOL (B) BASIR,GTA,PUTRA,579,0.5308809506344898,016,BALING,Kedah,109064,F,1,419,0.0
312,2022,HAMZAH ABD RAHMAN,GTA,PUTRA,0,0.0,017,PADANG SERAI,Kedah,0,F,0,,0.0
313,2022,M KARUPAIYA,PH,PKR,0,0.0,017,PADANG SERAI,Kedah,0,F,0,,0.0
314,2022,SIVARAJ CHANDRAN,BN,MIC,0,0.0,017,PADANG SERAI,Kedah,0,F,0,,0.0
315,2022,AZMAN NASRUDIN,PN,BERSATU,0,0.0,017,PADANG SERAI,Kedah,0,F,0,,0.0
316,2022,MOHD BAKHRI HASHIM,,WARISAN,0,0.0,017,PADANG SERAI,Kedah,0,F,0,,0.0
317,2022,ANANDA AK,,IND,0,0.0,017,PADANG SERAI,Kedah,0,F,0,,0.0
70,2022,ROSLAN HASHIM,PN,BERSATU,34469,49.00341199886267,018,KULIM-BANDAR BAHARU,Kedah,70340,F,1,837.0,1.0
69,2022,SAIFUDDIN NASUTION ISMAIL,PH,PKR,21408,30.43502985499005,018,KULIM-BANDAR BAHARU,Kedah,70340,F,1,318.0,0.0
72,2022,MUHAR HUSSAIN,BN,UMNO,13872,19.721353426215526,018,KULIM-BANDAR BAHARU,Kedah,70340,F,1,861.0,0.0
71,2022,MOHAMAD YUSRIZAL YUSOFF,GTA,DIRECT,591,0.84020471993176,018,KULIM-BANDAR BAHARU,Kedah,70340,F,1,779.0,0.0
246,2022,MUMTAZ MD NAWI,PN,PAS,65426,62.51349621150594,019,TUMPAT,Kelantan,104659,M,1,6.0,1.0
249,2022,CHE ABDULLAH MAT NAWI,BN,DIRECT,30633,29.26934138487851,019,TUMPAT,Kelantan,104659,F,1,405.0,0.0
248,2022,WAN MOHD JOHARI WAN OMAR,PH,AMANAH,7762,7.416466811263246,019,TUMPAT,Kelantan,104659,F,1,251.0,0.0
247,2022,CHE MUHAMMAD ASWARI CHE ALI,GTA,PUTRA,593,0.5666020122493048,019,TUMPAT,Kelantan,104659,F,1,37.0,0.0
245,2022,KHAIRUL AZUAN KAMARRUDIN,,WARISAN,245,0.2340935801030012,019,TUMPAT,Kelantan,104659,F,1,145.0,0.0
401,2022,AHMAD MARZUK SHAARY,PN,PAS,53933,69.35738995126091,020,PENGKALAN CHEPA,Kelantan,77761,F,1,623,1.0
402,2022,MOHD HAFIEZULNIEZAM MOHD HASDIN,BN,UMNO,15663,20.1424878795283,020,PENGKALAN CHEPA,Kelantan,77761,F,1,747,0.0
399,2022,NIK FAIZAH NIK OTHMAN,PH,AMANAH,7356,9.45975488998341,020,PENGKALAN CHEPA,Kelantan,77761,M,1,815,0.0
398,2022,ABE WAE REDZUAN,,IND,451,0.5799822533146436,020,PENGKALAN CHEPA,Kelantan,77761,F,1,903,0.0
400,2022,WAN AHMAD NASRI WAN ISMAIL,GTA,PEJUANG,358,0.4603850259127326,020,PENGKALAN CHEPA,Kelantan,77761,F,1,939,0.0
150,2022,TAKIYUDDIN HASSAN,PN,PAS,41869,53.66513285225394,021,KOTA BHARU,Kelantan,78019,F,1,818.0,1.0
151,2022,HAFIDZAH MUSTAKIM,PH,AMANAH,19256,24.681167407939093,021,KOTA BHARU,Kelantan,78019,M,1,923.0,0.0
152,2022,ROSMADI ISMAIL,BN,UMNO,16168,20.723157179661364,021,KOTA BHARU,Kelantan,78019,F,1,758.0,0.0
154,2022,CHE MUSA CHE OMAR,GTA,PUTRA,528,0.6767582255604404,021,KOTA BHARU,Kelantan,78019,F,1,888.0,0.0
153,2022,ANDY TAN @ AWANG,,PRM,107,0.1371460798010741,021,KOTA BHARU,Kelantan,78019,F,1,959.0,0.0
155,2022,IZAT BUKHARY,,IND,91,0.11663825478409105,021,KOTA BHARU,Kelantan,78019,F,1,989.0,0.0
647,2022,AHMAD FADHLI SHAARI,PN,PAS,44444,68.2148174297423,022,PASIR MAS,Kelantan,65153,F,1,187,1.0
648,2022,AB GHANI HARUN,BN,UMNO,13727,21.06886866299326,022,PASIR MAS,Kelantan,65153,F,1,92,0.0
646,2022,HUSAM MUSA,PH,PKR,6439,9.8828910410879,022,PASIR MAS,Kelantan,65153,F,1,431,0.0
649,2022,NASRUL ALI HASAN ABDUL LATIF,GTA,PUTRA,543,0.8334228661765383,022,PASIR MAS,Kelantan,65153,F,1,360,0.0
730,2022,SITI ZAILAH MOHD YUSOFF,PN,PAS,37759,62.38372957523089,023,RANTAU PANJANG,Kelantan,60527,M,1,599,1.0
732,2022,ZULKARNAIN YUSOFF,BN,UMNO,17123,28.289854114692616,023,RANTAU PANJANG,Kelantan,60527,F,1,197,0.0
733,2022,WAN SHAH JIHAN WAN DIN,PH,AMANAH,4256,7.03157268656963,023,RANTAU PANJANG,Kelantan,60527,F,1,513,0.0
729,2022,IBRAHIM ALI,GTA,PUTRA,1216,2.009020767591323,023,RANTAU PANJANG,Kelantan,60527,F,1,39,0.0
731,2022,DATUK ZAIN,,PRM,173,0.28582285591554185,023,RANTAU PANJANG,Kelantan,60527,F,1,421,0.0
122,2022,TUAN IBRAHIM TUAN MAN,PN,PAS,55654,68.38444903175072,024,KUBANG KERIAN,Kelantan,81384,F,1,682.0,1.0
121,2022,NURUL AMAL MOHD FAUZI,BN,UMNO,14807,18.193993905435956,024,KUBANG KERIAN,Kelantan,81384,M,1,82.0,0.0
119,2022,WAN AHMAD KAMIL WAN ABDULLAH,PH,AMANAH,10236,12.57741079327632,024,KUBANG KERIAN,Kelantan,81384,F,1,255.0,0.0
120,2022,MOHAMAD RIZAL RAZALI,GTA,PEJUANG,687,0.8441462695370098,024,KUBANG KERIAN,Kelantan,81384,F,1,138.0,0.0
106,2022,MOHD SYAHRIR CHE SULAIMAN,PN,PAS,57130,63.89165371238131,025,BACHOK,Kelantan,89417,F,1,813.0,1.0
110,2022,MOHD ZAIN YASIM,BN,UMNO,27229,30.45170381471085,025,BACHOK,Kelantan,89417,F,1,115.0,0.0
107,2022,NOR AZMIZA MAMAT,PH,PKR,4366,4.8827404184886545,025,BACHOK,Kelantan,89417,M,1,870.0,0.0
108,2022,ZU,,IND,418,0.46747262824742497,025,BACHOK,Kelantan,89417,F,1,186.0,0.0
109,2022,KAMARUL AZAM OSMAN,GTA,PUTRA,274,0.30642942617175706,025,BACHOK,Kelantan,89417,F,1,340.0,0.0
540,2022,KHLIR MOHD NOR,PN,PAS,40542,64.49365276319557,026,KETEREH,Kelantan,62862,F,1,608,1.0
539,2022,MARZUANI ARDILA ARIFFIN,BN,UMNO,17435,27.73535681333715,026,KETEREH,Kelantan,62862,M,1,749,0.0
538,2022,RAHIMI MUHAMAD,PH,PKR,4662,7.416245108332538,026,KETEREH,Kelantan,62862,F,1,664,0.0
541,2022,HANIF IBRAHIM,GTA,PUTRA,223,0.3547453151347396,026,KETEREH,Kelantan,62862,F,1,528,0.0
232,2022,IKMAL HISHAM ABDUL AZIZ,PN,BERSATU,54266,77.87216944579973,027,TANAH MERAH,Kelantan,69686,F,1,740.0,1.0
228,2022,BAKRI @ MOHD BAKRI MUSTAPHA,BN,UMNO,9781,14.035817811325087,027,TANAH MERAH,Kelantan,69686,F,1,911.0,0.0
229,2022,MOHAMAD SUPARADI MD NOOR,PH,PKR,5357,7.687340355308097,027,TANAH MERAH,Kelantan,69686,F,1,809.0,0.0
230,2022,MOHD NASIR ABDULLAH,GTA,PUTRA,168,0.24108142238039204,027,TANAH MERAH,Kelantan,69686,F,1,873.0,0.0
231,2022,NIK SAPEIA,,IND,114,0.1635909651866946,027,TANAH MERAH,Kelantan,69686,F,1,649.0,0.0
22,2022,NIK MUHAMMAD ZAWAWI SALLEH,PN,PAS,52937,65.37207636642052,028,PASIR PUTEH,Kelantan,80978,F,1,49.0,1.0
20,2022,ZAWAWI OTHMAN,BN,UMNO,23828,29.42527600088913,028,PASIR PUTEH,Kelantan,80978,F,1,557.0,0.0
21,2022,MUHAMMAD HUSAIN,PH,AMANAH,3864,4.7716663785225615,028,PASIR PUTEH,Kelantan,80978,F,1,362.0,0.0
19,2022,WAN MARZUDI WAN OMAR,GTA,PEJUANG,349,0.43098125416779864,028,PASIR PUTEH,Kelantan,80978,F,1,463.0,0.0
452,2022,WAN AHMAD FAYHSAL WAN AHMAD KAMAL,PN,BERSATU,35603,54.6779494425162,029,MACHANG,Kelantan,65114,F,1,261,1.0
450,2022,AHMAD JAZLAN YAAKUB,BN,UMNO,25449,39.08376078877046,029,MACHANG,Kelantan,65114,F,1,506,0.0
453,2022,ROSLI ALLANI ABDUL KADIR,PH,PKR,3934,6.041711459901096,029,MACHANG,Kelantan,65114,F,1,392,0.0
451,2022,MUHAMMAD SEMAN,GTA,PUTRA,128,0.196578308812237,029,MACHANG,Kelantan,65114,F,1,617,0.0
251,2022,ZAHARI KECHIK,PN,BERSATU,27072,63.0270295439201,030,JELI,Kelantan,42953,F,1,158.0,1.0
252,2022,NORWAHIDA PATUAN,BN,UMNO,14608,34.00926594184341,030,JELI,Kelantan,42953,M,1,834.0,0.0
253,2022,MD RADZI WAHAB,PH,AMANAH,1140,2.65406374409238,030,JELI,Kelantan,42953,F,1,696.0,0.0
250,2022,MUHAMMAD DAUD,GTA,PUTRA,133,0.309640770144111,030,JELI,Kelantan,42953,F,1,777.0,0.0
65,2022,ABDUL LATIFF ABDUL RAHMAN,PN,PAS,42740,66.07813732007854,031,KUALA KRAI,Kelantan,64681,F,1,193.0,1.0
66,2022,MOHAMED ZULKEPLI OMAR,BN,UMNO,17552,27.13625330467989,031,KUALA KRAI,Kelantan,64681,F,1,393.0,0.0
68,2022,MOHD HISYAMUDDIN,PH,AMANAH,4148,6.413011548986565,031,KUALA KRAI,Kelantan,64681,F,1,317.0,0.0
67,2022,NORASHIKIN CHE OMAR,GTA,PEJUANG,241,0.3725978262550053,031,KUALA KRAI,Kelantan,64681,M,1,490.0,0.0
277,2022,MOHD AZIZI ABU NAIM,PN,BERSATU,21826,45.1164809723629,032,GUA MUSANG,Kelantan,48377,F,1,703.0,1.0
276,2022,TENGKU RAZALEIGH HAMZAH,BN,UMNO,21663,44.779543998180955,032,GUA MUSANG,Kelantan,48377,F,1,580.0,0.0
279,2022,ASHARUN UJI,PH,PKR,4517,9.337081671042023,032,GUA MUSANG,Kelantan,48377,F,1,766.0,0.0
278,2022,SAMSU ADABI MAMAT,GTA,PEJUANG,371,0.7668933584141224,032,GUA MUSANG,Kelantan,48377,F,1,645.0,0.0
478,2022,CHE MOHAMAD ZULKIFLY JUSOH,PN,PAS,49569,58.06780375802446,033,BESUT,Terengganu,85364,F,1,368,1.0
481,2022,NAWI MOHAMAD,BN,UMNO,30903,36.201443231338736,033,BESUT,Terengganu,85364,F,1,263,0.0
480,2022,ABD RAHMAN @ ABD AZIZ ABAS,PH,AMANAH,4339,5.082938943817066,033,BESUT,Terengganu,85364,F,1,163,0.0
479,2022,WAN NAZARI WAN JUSOH,GTA,PEJUANG,553,0.6478140668197366,033,BESUT,Terengganu,85364,F,1,531,0.0
616,2022,SHAHARIZUKIRNAIN ABD KADIR,PN,PAS,50768,59.84534138061109,034,SETIU,Terengganu,84832,F,1,210,1.0
615,2022,ABDUL RAHMAN MAT YASIN,BN,UMNO,31736,37.410411165597885,034,SETIU,Terengganu,84832,F,1,336,0.0
617,2022,MOHAMAD NGAH,PH,PKR,2125,2.5049509619011694,034,SETIU,Terengganu,84832,F,1,446,0.0
618,2022,WAN ADNAN WAN ALI,GTA,PEJUANG,203,0.23929649188985289,034,SETIU,Terengganu,84832,F,1,52,0.0
102,2022,ALIAS RAZAK,PN,PAS,56697,64.70192176016798,035,KUALA NERUS,Terengganu,87628,F,1,33.0,1.0
103,2022,KHAIRUDDIN AMAN RAZALI,BN,DIRECT,26932,30.734468434746884,035,KUALA NERUS,Terengganu,87628,F,1,189.0,0.0
105,2022,SUHAIMI HASHIM,PH,AMANAH,3708,4.231524170356507,035,KUALA NERUS,Terengganu,87628,F,1,425.0,0.0
104,2022,AZAHA WAHID,GTA,PUTRA,291,0.33208563472862557,035,KUALA NERUS,Terengganu,87628,F,1,321.0,0.0
126,2022,AHMAD AMZAD MOHAMED,PN,PAS,63016,65.26638495318585,036,KUALA TERENGGANU,Terengganu,96552,F,1,131.0,1.0
124,2022,MOHD ZUBIR EMBONG,BN,UMNO,22109,22.898541718452233,036,KUALA TERENGGANU,Terengganu,96552,F,1,341.0,0.0
125,2022,RAJA KAMARUL BAHRIN SHAH,PH,AMANAH,10946,11.336896180296629,036,KUALA TERENGGANU,Terengganu,96552,F,1,53.0,0.0
123,2022,MOHAMAD ABU BAKAR MUDA,GTA,PUTRA,481,0.49817714806529123,036,KUALA TERENGGANU,Terengganu,96552,F,1,231.0,0.0
460,2022,ABDUL HADI AWANG,PN,PAS,73115,67.03616092712804,037,MARANG,Terengganu,109068,F,1,414,1.0
461,2022,JASMIRA OTHMAN,BN,UMNO,31386,28.77654307404555,037,MARANG,Terengganu,109068,F,1,8,0.0
463,2022,AZHAR AB SHUKUR,PH,AMANAH,4140,3.795797117394653,037,MARANG,Terengganu,109068,F,1,288,0.0
462,2022,ZARAWI SULONG,GTA,PUTRA,427,0.39149888143176736,037,MARANG,Terengganu,109068,F,1,133,0.0
472,2022,ROSOL WAHID,PN,BERSATU,42910,59.59060104432841,038,HULU TERENGGANU,Terengganu,72008,F,1,30,1.0
470,2022,ROZI MAMAT,BN,UMNO,27176,37.740251083212975,038,HULU TERENGGANU,Terengganu,72008,F,1,366,0.0
473,2022,ALIAS ISMAIL,PH,PKR,1740,2.4163981779802244,038,HULU TERENGGANU,Terengganu,72008,F,1,230,0.0
471,2022,MOHD KHADRI ABDULLAH,GTA,PUTRA,182,0.2527496944783913,038,HULU TERENGGANU,Terengganu,72008,F,1,88,0.0
705,2022,WAN HASSAN MOHD RAMLI,PN,PAS,59720,65.43295094720004,039,DUNGUN,Terengganu,91269,F,1,424,1.0
704,2022,NURHISAM JOHARI,BN,UMNO,25615,28.065389124456278,039,DUNGUN,Terengganu,91269,F,1,656,0.0
703,2022,MOHD JOHARI MOHAMAD,PH,PKR,5307,5.814679683134471,039,DUNGUN,Terengganu,91269,F,1,282,0.0
702,2022,NUR AISAH HASSAN,GTA,PEJUANG,322,0.35280325192562645,039,DUNGUN,Terengganu,91269,M,1,761,0.0
701,2022,GHAZALI,,IND,305,0.33417699328359024,039,DUNGUN,Terengganu,91269,F,1,585,0.0
605,2022,CHE ALIAS HAMID,PN,PAS,65714,58.10513285291127,040,KEMAMAN,Terengganu,113095,F,1,107,1.0
606,2022,AHMAD SAID,BN,UMNO,38535,34.07312436447235,040,KEMAMAN,Terengganu,113095,F,1,24,0.0
607,2022,HASUNI SUDIN,PH,PKR,8340,7.374331314381714,040,KEMAMAN,Terengganu,113095,F,1,468,0.0
604,2022,ROSLI AB GHANI,GTA,PEJUANG,506,0.44741146823467,040,KEMAMAN,Terengganu,113095,F,1,332,0.0
128,2022,SITI MASTURA MOHAMAD,PN,PAS,28604,41.274422094600446,041,KEPALA BATAS,Penang,69302,M,1,147.0,1.0
130,2022,REEZAL MERICAN NAINA MERICAN,BN,UMNO,25737,37.137456350466074,041,KEPALA BATAS,Penang,69302,F,1,460.0,0.0
129,2022,DANIAL ABDUL MAJEED,PH,MUDA,14214,20.510230584975904,041,KEPALA BATAS,Penang,69302,F,1,653.0,0.0
127,2022,HAMIDI ABU HASSAN,GTA,BERJASA,747,1.077890969957577,041,KEPALA BATAS,Penang,69302,F,1,890.0,0.0
96,2022,WAN SAIFUL WAN JAN,PN,BERSATU,31116,46.36428656574085,042,TASEK GELUGOR,Penang,67112,F,1,753.0,1.0
95,2022,MUHAMAD YUSOFF MOHD NOOR,BN,UMNO,18864,28.108236976993684,042,TASEK GELUGOR,Penang,67112,F,1,375.0,0.0
93,2022,NIK ABDUL RAZAK NIK MD RIDZUAN,PH,AMANAH,16547,24.65579926093694,042,TASEK GELUGOR,Penang,67112,F,1,67.0,0.0
94,2022,ABDUL HALIM SHER JUNG,GTA,DIRECT,406,0.6049588747168911,042,TASEK GELUGOR,Penang,67112,F,1,563.0,0.0
92,2022,MOHD AKMAL AZHAR,,WARISAN,179,0.2667183216116343,042,TASEK GELUGOR,Penang,67112,F,1,951.0,0.0
562,2022,LIM GUAN ENG,PH,DAP,55797,81.27275905264078,043,BAGAN,Penang,68654,F,1,494,1.0
563,2022,ALAN OH TEIK CHOON,PN,BERSATU,6149,8.956506540041367,043,BAGAN,Penang,68654,F,1,240,0.0
561,2022,TAN CHUAN HONG,BN,MCA,5385,7.8436799021178665,043,BAGAN,Penang,68654,F,1,739,0.0
564,2022,MOHAMMED HAFIZ MOHAMED ABU BAKAR,GTA,IMAN,1323,1.9270545051999883,043,BAGAN,Penang,68654,F,1,871,0.0
395,2022,MUHAMMAD FAWWAZ MAT JAN,PN,PAS,37638,43.04043545878694,044,PERMATANG PAUH,Penang,87448,F,1,646,1.0
397,2022,NURUL IZZAH ANWAR,PH,PKR,32366,37.01170981611929,044,PERMATANG PAUH,Penang,87448,M,1,364,0.0
394,2022,MOHD ZAIDI MOHD SAID,BN,UMNO,16971,19.406961851614675,044,PERMATANG PAUH,Penang,87448,F,1,814,0.0
396,2022,NASIR OTHMAN,GTA,PUTRA,473,0.5408928734790962,044,PERMATANG PAUH,Penang,87448,F,1,540,0.0
332,2022,STEVEN SIM CHEE KEONG,PH,DAP,71722,77.33247075314033,045,BUKIT MERTAJAM,Penang,92745,F,1,90,1.0
334,2022,STEVEN KOH TIEN YEW,PN,PAS,14037,15.135047711466925,045,BUKIT MERTAJAM,Penang,92745,F,1,195,0.0
333,2022,TAN YANG PANG,BN,MCA,6986,7.532481535392743,045,BUKIT MERTAJAM,Penang,92745,F,1,16,0.0
661,2022,CHOW KON YEOW,PH,DAP,50744,73.72259592334849,046,BATU KAWAN,Penang,68831,F,1,333,1.0
663,2022,WONG CHIA ZHEN,PN,GERAKAN,10344,15.028112333105723,046,BATU KAWAN,Penang,68831,F,1,751,0.0
662,2022,TAN LEE HUAT,BN,MCA,7145,10.380497159710014,046,BATU KAWAN,Penang,68831,F,1,824,0.0
664,2022,ONG CHIN WEN,,WARISAN,450,0.6537751885051793,046,BATU KAWAN,Penang,68831,F,1,511,0.0
660,2022,LEE AH LEONG,,PRM,148,0.21501939533059233,046,BATU KAWAN,Penang,68831,F,1,643,0.0
15,2022,FADHLINA SIDEK,PH,PKR,42188,53.195137943208756,047,NIBONG TEBAL,Penang,79308,M,1,631.0,1.0
16,2022,MANSOR OTHMAN,PN,BERSATU,25895,32.65118273061986,047,NIBONG TEBAL,Penang,79308,F,1,315.0,0.0
17,2022,THANENTHIRAN RAMANKUTTY,BN,MMSP,10660,13.441266959197055,047,NIBONG TEBAL,Penang,79308,M,1,534.0,0.0
18,2022,GOH KHENG HUAT,,IND,565,0.712412366974328,047,NIBONG TEBAL,Penang,79308,F,1,94.0,0.0
344,2022,SYERLEENA ABDUL RASHID,PH,DAP,49353,78.97870025124422,048,BUKIT BENDERA,Penang,62489,M,1,205,1.0
346,2022,HNG CHEE WEY,PN,GERAKAN,6743,10.790699163052697,048,BUKIT BENDERA,Penang,62489,F,1,955,0.0
347,2022,RICHIE HUAN XIN YUN,BN,PCM,5417,8.668725695722447,048,BUKIT BENDERA,Penang,62489,F,1,727,0.0
345,2022,TEH YEE CHEU,,PRM,677,1.0833906767591095,048,BUKIT BENDERA,Penang,62489,F,1,807,0.0
348,2022,RAZALIF ZAIN,,IND,299,0.478484213221527,048,BUKIT BENDERA,Penang,62489,F,1,898,0.0
669,2022,LIM HUI YING,PH,DAP,31968,84.83401003104848,049,TANJONG,Penang,37683,M,1,252,1.0
670,2022,TAN KIM NEE,BN,MCA,3214,8.529044927420854,049,TANJONG,Penang,37683,M,1,135,0.0
671,2022,H'NG KHOON LENG,PN,GERAKAN,2501,6.636945041530664,049,TANJONG,Penang,37683,F,1,391,0.0
532,2022,RSN RAYER,PH,DAP,50369,71.23622837908552,050,JELUTONG,Penang,70707,F,1,555,1.0
533,2022,BALJIT SINGH JIGIRI,PN,GERAKAN,11765,16.639088067659497,050,JELUTONG,Penang,70707,F,1,647,0.0
536,2022,LOGANATHAN THORAISAMY,BN,IPF,7387,10.44733901876759,050,JELUTONG,Penang,70707,F,1,920,0.0
535,2022,YACOOB NOOR,,IND,480,0.6788578217149646,050,JELUTONG,Penang,70707,F,1,1020,0.0
537,2022,LIM HUAT POH,,WARISAN,442,0.6251149108291966,050,JELUTONG,Penang,70707,F,1,752,0.0
534,2022,KOH SWE YONG,,PRM,264,0.3733718019432305,050,JELUTONG,Penang,70707,F,1,971,0.0
144,2022,RAMKARPAL SINGH,PH,DAP,71204,82.72512866985001,051,BUKIT GELUGOR,Penang,86073,F,1,707.0,1.0
143,2022,THINAGANARABHAN PADMANABHAN,PN,BERSATU,8092,9.40132213353781,051,BUKIT GELUGOR,Penang,86073,F,1,516.0,0.0
145,2022,WONG CHIN CHONG,BN,MCA,6777,7.873549196612178,051,BUKIT GELUGOR,Penang,86073,F,1,136.0,0.0
339,2022,SIM TZE TZIN,PH,PKR,55209,61.54300619788648,052,BAYAN BARU,Penang,89708,F,1,614,1.0
340,2022,OH TONG KEONG,PN,GERAKAN,20307,22.636777099032415,052,BAYAN BARU,Penang,89708,F,1,297,0.0
335,2022,SAW YEE FUNG,BN,MCA,13377,14.911713559548758,052,BAYAN BARU,Penang,89708,M,1,370,0.0
336,2022,JEFF OOI CHUAN AUN,,WARISAN,440,0.4904802247291212,052,BAYAN BARU,Penang,89708,F,1,825,0.0
337,2022,RAVINDER SINGH,,PRM,251,0.2797966736522941,052,BAYAN BARU,Penang,89708,F,1,55,0.0
338,2022,KAN CHEE YUEN,,IND,124,0.13822624515093415,052,BAYAN BARU,Penang,89708,F,1,900,0.0
624,2022,MUHAMMAD BAKHTIAR WAN CHIK,PH,PKR,24564,38.43469825225704,053,BALIK PULAU,Penang,63911,F,1,254,1.0
626,2022,MUHAMMAD HARRIS IDAHAM ABDUL RASHID,PN,BERSATU,22982,35.959381014222906,053,BALIK PULAU,Penang,63911,F,1,629,0.0
623,2022,SHAH HEADAN AYOOB HUSSAIN SHAH,BN,UMNO,15478,24.218053230273348,053,BALIK PULAU,Penang,63911,F,1,671,0.0
627,2022,SABARUDDIN AHMAD,,IND,366,0.5726713711254714,053,BALIK PULAU,Penang,63911,F,1,72,0.0
628,2022,FAZLI MOHAMMAD,GTA,PEJUANG,341,0.5335544741906714,053,BALIK PULAU,Penang,63911,F,1,522,0.0
625,2022,JOHNNY,,IND,180,0.2816416579305597,053,BALIK PULAU,Penang,63911,F,1,842,0.0
526,2022,FATHUL HUZIR AYOB,PN,BERSATU,15105,43.640933780191844,054,GERIK,Perak,34612,F,1,36,1.0
525,2022,ASYRAF WAJDI DUSUKI,BN,UMNO,13728,39.66254478215648,054,GERIK,Perak,34612,F,1,404,0.0
527,2022,AHMAD TARMIZI MOHD JAM,PH,DAP,5779,16.696521437651683,054,GERIK,Perak,34612,F,1,396,0.0
318,2022,SHAMSUL ANUAR NASARAH,BN,UMNO,12588,45.478521622891,055,LENGGONG,Perak,27679,F,1,1104,1.0
320,2022,MUHAMMAD RIFAAT RAZMAN,PN,PAS,11709,42.30282885942411,055,LENGGONG,Perak,27679,F,1,1090,0.0
319,2022,JUREY LATIFF MOHD ROSLI,PH,PKR,3382,12.218649517684888,055,LENGGONG,Perak,27679,F,1,1097,0.0
548,2022,HAMZAH ZAINUDIN,PN,BERSATU,28350,41.65381055229867,056,LARUT,Perak,68061,F,1,86,1.0
545,2022,AUZAIE FADZLAN SHAHIDI,GTA,BERJASA,16752,24.613214616300084,056,LARUT,Perak,68061,F,1,579,0.0
547,2022,MOHD SHARIQ FHADLY MAHMUD,BN,UMNO,16752,24.613214616300084,056,LARUT,Perak,68061,F,1,579,0.0
546,2022,ZOLKARNAIN ABIDIN,PH,AMANAH,6207,9.11976021510116,056,LARUT,Perak,68061,F,1,765,0.0
114,2022,MOHD MISBAHUL MUNIR MASDUKI,PN,PAS,23223,43.897321512957674,057,PARIT BUNTAR,Perak,52903,F,1,780.0,1.0
111,2022,MUJAHID YUSOF RAWA,PH,AMANAH,17828,33.699412131637146,057,PARIT BUNTAR,Perak,52903,F,1,81.0,0.0
112,2022,IMRAN MOHD YUSOF,BN,UMNO,11593,21.913691095022966,057,PARIT BUNTAR,Perak,52903,F,1,610.0,0.0
113,2022,ROHIJAS,GTA,PEJUANG,259,0.48957526038220894,057,PARIT BUNTAR,Perak,52903,F,1,924.0,0.0
443,2022,IDRIS AHMAD,PN,PAS,33753,53.976300513328965,058,BAGAN SERAI,Perak,62533,F,1,819,1.0
445,2022,ZUL HELMI GHAZALI,BN,UMNO,15202,24.310364127740552,058,BAGAN SERAI,Perak,62533,F,1,776,0.0
446,2022,SITI AISHAH SHAIK ISMAIL,PH,PKR,13195,21.100858746581803,058,BAGAN SERAI,Perak,62533,M,1,1055,0.0
444,2022,AHMAD LUQMAN AHMAD YAHAYA,GTA,PEJUANG,383,0.6124766123486799,058,BAGAN SERAI,Perak,62533,F,1,802,0.0
39,2022,SYED ABU HUSSIN HAFIZ SYED ABDUL FASAL,PN,BERSATU,32625,45.5866530663574,059,BUKIT GANTANG,Perak,71567,F,1,1185.0,1.0
42,2022,MOHAMMAD SOLLEHIN MOHAMAD TAJIE,BN,UMNO,19869,27.76279570192966,059,BUKIT GANTANG,Perak,71567,F,1,1162.0,0.0
41,2022,FAKHRULDIN MOHD HASHIM,PH,AMANAH,18565,25.940726871323374,059,BUKIT GANTANG,Perak,71567,F,1,636.0,0.0
40,2022,MOHD SHUKRI MOHD YUSOFF,GTA,PEJUANG,508,0.709824360389565,059,BUKIT GANTANG,Perak,71567,F,1,1156.0,0.0
456,2022,WONG KAH WOH,PH,DAP,47098,55.56040533685663,060,TAIPING,Perak,84769,F,1,935,1.0
457,2022,SEE TEAN SENG,PN,GERAKAN,21569,25.44444313369274,060,TAIPING,Perak,84769,F,1,905,0.0
454,2022,NEOW CHOO SEONG,BN,MCA,14599,17.222097700810437,060,TAIPING,Perak,84769,F,1,992,0.0
459,2022,LEOW THYE YIH,,IND,1154,1.3613467187297243,060,TAIPING,Perak,84769,F,1,919,0.0
455,2022,MOHGANAN P MANIKAM,,IND,236,0.2784036617159575,060,TAIPING,Perak,84769,F,1,1131,0.0
458,2022,RAMA,,IND,113,0.13330344819450507,060,TAIPING,Perak,84769,F,1,979,0.0
270,2022,AZAHARI HASAN,PN,BERSATU,12931,43.2793359662628,061,PADANG RENGAS,Perak,29878,F,1,941.0,1.0
271,2022,MOHD ARRIF ABDUL MAJID,BN,UMNO,9885,33.0845438115001,061,PADANG RENGAS,Perak,29878,F,1,1045.0,0.0
272,2022,MUHAMMAD KAMIL ABDUL MUNIM,PH,PKR,7062,23.636120222237096,061,PADANG RENGAS,Perak,29878,F,1,889.0,0.0
134,2022,S KESAVAN,PH,PKR,21637,41.89238901043583,062,SUNGAI SIPUT,Perak,51649,F,1,1.0,1.0
133,2022,S VIGNESWARAN M SANASEE,BN,MIC,19791,38.31826366434974,062,SUNGAI SIPUT,Perak,51649,F,1,1111.0,0.0
137,2022,IRUDIANATHAN GABRIEL,PN,BERSATU,8190,15.857034986156556,062,SUNGAI SIPUT,Perak,51649,F,1,469.0,0.0
135,2022,AHMAD FAUZI MOHD JAAFAR,GTA,PEJUANG,784,1.517938391837209,062,SUNGAI SIPUT,Perak,51649,F,1,1003.0,0.0
131,2022,INDRANI,,IND,614,1.1887935874847528,062,SUNGAI SIPUT,Perak,51649,M,1,1053.0,0.0
132,2022,HAJI BAHA,,IND,598,1.1578152529574628,062,SUNGAI SIPUT,Perak,51649,F,1,83.0,0.0
136,2022,RAJAH NARASAIM,,IND,35,0.06776510677844683,062,SUNGAI SIPUT,Perak,51649,F,1,1077.0,0.0
528,2022,ANWAR IBRAHIM,PH,PKR,49625,39.77350143064383,063,TAMBUN,Perak,124769,F,1,1241,1.0
531,2022,AHMAD FAIZAL AZUMU,PN,BERSATU,45889,36.77916790228342,063,TAMBUN,Perak,124769,F,1,1249,0.0
529,2022,AMINUDDIN MD HANAFIAH,BN,UMNO,28140,22.553679199160047,063,TAMBUN,Perak,124769,F,1,1163,0.0
530,2022,ABDUL RAHIM TAHIR,GTA,PEJUANG,1115,0.8936514679127027,063,TAMBUN,Perak,124769,F,1,1141,0.0
266,2022,HOWARD LEE CHUAN HOW,PH,DAP,57549,72.1346202055653,064,IPOH TIMOR,Perak,79780,F,1,1402.0,1.0
264,2022,NOR AFZAINIZAM SALLEH,PN,BERSATU,13661,17.12333918275257,064,IPOH TIMOR,Perak,79780,F,1,390.0,0.0
265,2022,NG KAI CHEONG,BN,MCA,8570,10.742040611682127,064,IPOH TIMOR,Perak,79780,F,1,51.0,0.0
78,2022,M KULASEGARAN,PH,DAP,63915,81.5700137832457,065,IPOH BARAT,Perak,78356,F,1,1118.0,1.0
77,2022,LOW GUO NAN,BN,MCA,7248,9.250089335851754,065,IPOH BARAT,Perak,78356,F,1,1149.0,0.0
79,2022,CHEK KWONG WENG,PN,GERAKAN,6815,8.697483281433458,065,IPOH BARAT,Perak,78356,F,1,345.0,0.0
80,2022,M KAYVEAS,,IND,378,0.4824135994690898,065,IPOH BARAT,Perak,78356,F,1,1035.0,0.0
630,2022,V SIVAKUMAR,PH,DAP,60999,81.38082849709826,066,BATU GAJAH,Perak,74955,F,1,380,1.0
631,2022,WOO CHEONG YUEN,PN,GERAKAN,7163,9.55640050697085,066,BATU GAJAH,Perak,74955,F,1,381,0.0
629,2022,TEOH CHIN CHONG,BN,MCA,6793,9.062770995930892,066,BATU GAJAH,Perak,74955,F,1,29,0.0
53,2022,ISKANDAR DZULKARNAIN ABDUL KHALID,PN,BERSATU,14380,40.21927616490463,067,KUALA KANGSAR,Perak,35754,F,1,1049.0,1.0
54,2022,MASLIN SHAM RAZMAN,BN,UMNO,10814,30.245566929574313,067,KUALA KANGSAR,Perak,35754,F,1,1083.0,0.0
56,2022,AHMAD TERMIZI RAMLI,PH,AMANAH,10356,28.964591374391677,067,KUALA KANGSAR,Perak,35754,F,1,1037.0,0.0
55,2022,YUSMALIA MUHAMMAD YUSOF,GTA,PEJUANG,204,0.5705655311293841,067,KUALA KANGSAR,Perak,35754,M,1,1012.0,0.0
273,2022,NGEH KOO HAM,PH,DAP,46710,64.71949343937483,068,BERUAS,Perak,72173,F,1,1084.0,1.0
274,2022,ONG KEAN SING,PN,GERAKAN,12739,17.65064497803888,068,BERUAS,Perak,72173,F,1,660.0,0.0
275,2022,DING SIEW CHEE,BN,MCA,12724,17.629861582586287,068,BERUAS,Perak,72173,F,1,702.0,0.0
665,2022,MUHAMMAD ISMI MAT TAIB,PN,PAS,17181,45.76108669596484,069,PARIT,Perak,37545,F,1,1267,1.0
667,2022,MOHD NIZAR ZAKARIA,BN,UMNO,15026,40.02130776401651,069,PARIT,Perak,37545,F,1,991,0.0
666,2022,NURTHAQAFFAH NORDIN,PH,AMANAH,5063,13.485151151950992,069,PARIT,Perak,37545,M,1,937,0.0
668,2022,FAIZOL FADZLI MOHAMAD,GTA,PEJUANG,275,0.7324543880676522,069,PARIT,Perak,37545,F,1,1272,0.0
417,2022,CHONG ZHEMIN,PH,DAP,30467,51.303337486949786,070,KAMPAR,Perak,59386,F,1,1129,1.0
415,2022,LEE CHEE LEONG,BN,MCA,16137,27.173071094197287,070,KAMPAR,Perak,59386,F,1,1173,0.0
416,2022,WONG OI FOON,PN,GERAKAN,12127,20.420637860775265,070,KAMPAR,Perak,59386,M,1,1159,0.0
418,2022,LEONG CHEOK LUNG,,WARISAN,655,1.1029535580776615,070,KAMPAR,Perak,59386,F,1,1147,0.0
383,2022,TAN KAR HING,PH,PKR,55880,53.91844690171558,071,GOPENG,Perak,103638,F,1,887,1.0
381,2022,MUHAMMAD FARHAN ABDUL RAHIM,PN,BERSATU,28732,27.72342191088211,071,GOPENG,Perak,103638,F,1,300,0.0
382,2022,TING ZHAO SONG,BN,MCA,18393,17.747351357610142,071,GOPENG,Perak,103638,M,1,902,0.0
384,2022,BALACHANDRAN GOPAL,,WARISAN,633,0.6107798297921612,071,GOPENG,Perak,103638,F,1,1244,0.0
552,2022,M SARAVANAN,BN,MIC,18398,41.361480182549855,072,TAPAH,Perak,44481,F,1,1231,1.0
549,2022,K SARASWATHY,PH,PKR,13334,29.976844045772353,072,TAPAH,Perak,44481,M,1,1181,0.0
550,2022,MUHAMMAD YADZAN MOHAMMAD,PN,BERSATU,12115,27.23634810368472,072,TAPAH,Perak,44481,F,1,1183,0.0
554,2022,MIOR NOR HAIDIR SUHAIMI,GTA,PEJUANG,335,0.7531305501225243,072,TAPAH,Perak,44481,F,1,1218,0.0
551,2022,MOHAMED AKBAR SHERRIF ALI YASIN,,WARISAN,200,0.4496301791776264,072,TAPAH,Perak,44481,F,1,1174,0.0
553,2022,M KATHIRAVAN,,IND,99,0.22256693869292507,072,TAPAH,Perak,44481,F,1,1211,0.0
376,2022,JAMALUDDIN YAHYA,PN,PAS,24897,43.66132963891763,073,PASIR SALAK,Perak,57023,F,1,310,1.0
377,2022,KHAIRUL AZWAN HARUN,BN,UMNO,19894,34.88767690230258,073,PASIR SALAK,Perak,57023,F,1,121,0.0
375,2022,NIK OMAR NIK AB AZIZ,PH,PKR,11693,20.505760833347946,073,PASIR SALAK,Perak,57023,F,1,312,0.0
374,2022,ZAIROL HIZAM ZAKARIA,GTA,PUTRA,539,0.9452326254318433,073,PASIR SALAK,Perak,57023,F,1,512,0.0
99,2022,NORDIN AHMAD ISMAIL,PN,BERSATU,25212,35.42902110677047,074,LUMUT,Perak,71162,F,1,913.0,1.0
97,2022,ZAMBRY ABD KADIR,BN,UMNO,24849,34.91891739973581,074,LUMUT,Perak,71162,F,1,162.0,0.0
98,2022,HATTA RAMLI,PH,AMANAH,20358,28.607964925100475,074,LUMUT,Perak,71162,F,1,356.0,0.0
101,2022,MAZLAN ABDUL GHANI,GTA,PEJUANG,385,0.5410190832185717,074,LUMUT,Perak,71162,F,1,1251.0,0.0
100,2022,MOHD ISNIN ISMAIL @ IBRAHIM KHAN,,WARISAN,358,0.5030774851746719,074,LUMUT,Perak,71162,F,1,1017.0,0.0
29,2022,AHMAD ZAHID HAMIDI,BN,UMNO,16578,39.607224770642205,075,BAGAN DATUK,Perak,41856,F,1,829.0,1.0
28,2022,SHAMSUL ISKANDAR,PH,PKR,16230,38.77580275229358,075,BAGAN DATUK,Perak,41856,F,1,908.0,0.0
27,2022,MUHAMMAD FAIZ NAâ€™AMAN,PN,BERSATU,8822,21.07702599388379,075,BAGAN DATUK,Perak,41856,F,1,791.0,0.0
26,2022,TAWFIK ISMAIL,,IND,226,0.5399464831804281,075,BAGAN DATUK,Perak,41856,F,1,1236.0,0.0
301,2022,NGA KOR MING,PH,DAP,33133,51.61385799295884,076,TELUK INTAN,Perak,64194,F,1,1391.0,1.0
304,2022,ZAINOL FADZI PAHARUDIN,PN,BERSATU,17964,27.98392373118983,076,TELUK INTAN,Perak,64194,F,1,1395.0,0.0
302,2022,MURUGIAH THOPASAMY,BN,MIC,12304,19.166900333364488,076,TELUK INTAN,Perak,64194,F,1,1392.0,0.0
303,2022,AMIR KHUSYAIRI MOHAMAD TANUSI,GTA,IMAN,793,1.2353179424868368,076,TELUK INTAN,Perak,64194,F,1,1393.0,0.0
708,2022,CHANG LIH KANG,PH,PKR,25140,36.08387995005096,077,TANJONG MALIM,Perak,69671,F,1,1315,1.0
710,2022,NOLEE ASHILIN MOHAMMED RADZI,PN,BERSATU,21599,31.001420964246243,077,TANJONG MALIM,Perak,69671,M,1,895,0.0
709,2022,MAH HANG SOON,BN,MCA,20963,30.088559084841613,077,TANJONG MALIM,Perak,69671,F,1,1132,0.0
706,2022,JAMALUDDIN MOHD RADZI,,IND,1032,1.481247577901853,077,TANJONG MALIM,Perak,69671,F,1,826,0.0
711,2022,AMIR HAMZAH ABDUL RAZAK,GTA,IMAN,609,0.874108309052547,077,TANJONG MALIM,Perak,69671,F,1,1110,0.0
707,2022,IZZAT JOHARI,,IND,328,0.4707841139067905,077,TANJONG MALIM,Perak,69671,F,1,984,0.0
542,2022,RAMLI MOHD NOR,BN,UMNO,16120,48.45934165038329,078,CAMERON HIGHLANDS,Pahang,33265,F,1,1294,1.0
544,2022,CHIONG YOKE KONG,PH,DAP,11576,34.799338644220654,078,CAMERON HIGHLANDS,Pahang,33265,F,1,1357,0.0
543,2022,ABDUL RASID MOHAMED,PN,BERSATU,5569,16.741319705396062,078,CAMERON HIGHLANDS,Pahang,33265,F,1,1284,0.0
512,2022,ABDUL RAHMAN MOHAMAD,BN,UMNO,17672,49.287407614000834,079,LIPIS,Pahang,35855,F,1,917,1.0
509,2022,MOHAMAD SHAHRUM OSMAN,PN,BERSATU,11554,32.22423650815786,079,LIPIS,Pahang,35855,F,1,1354,0.0
511,2022,TENGKU ZULPURI SHAH RAJA PUJI,PH,DAP,6366,17.754845907125922,079,LIPIS,Pahang,35855,F,1,878,0.0
510,2022,AISHATON ABU BAKAR,GTA,PEJUANG,263,0.7335099707153814,079,LIPIS,Pahang,35855,M,1,295,0.0
236,2022,CHOW YU HUI,PH,DAP,21613,38.43336000711301,080,RAUB,Pahang,56235,F,1,827.0,1.0
239,2022,MOHD FAKRUNIZAM IBRAHIM,PN,BERSATU,17256,30.685516137636704,080,RAUB,Pahang,56235,F,1,1308.0,0.0
238,2022,CHONG SIN WOON,BN,MCA,16939,30.121810260513914,080,RAUB,Pahang,56235,F,1,960.0,0.0
237,2022,NORKHAIRUL ANUAR MOHAMED NOR,GTA,PEJUANG,427,0.7593135947363742,080,RAUB,Pahang,56235,F,1,1048.0,0.0
201,2022,KHAIRIL NIZAM KHIRUDIN,PN,PAS,31701,47.489289031368905,081,JERANTUT,Pahang,66754,F,1,572.0,1.0
200,2022,MOHD ZUKARMI ABU BAKAR,BN,UMNO,23609,35.36716900859874,081,JERANTUT,Pahang,66754,F,1,1299.0,0.0
199,2022,HASSAN BASRI AWANG MAT DAHAN,PH,PKR,11444,17.14354196003236,081,JERANTUT,Pahang,66754,F,1,525.0,0.0
359,2022,SAIFUDDIN ABDULLAH,PN,BERSATU,41692,44.64815429593378,082,INDERA MAHKOTA,Pahang,93379,F,1,1304,1.0
360,2022,ZURAIDI ISMAIL,PH,PKR,33293,35.653626618404566,082,INDERA MAHKOTA,Pahang,93379,F,1,1040,0.0
361,2022,QUEK TAI SEONG,BN,MCA,16530,17.70205292410499,082,INDERA MAHKOTA,Pahang,93379,F,1,472,0.0
358,2022,MOHAMAD NOR SUNDARI,GTA,BERJASA,1864,1.9961661615566668,082,INDERA MAHKOTA,Pahang,93379,F,1,1302,0.0
148,2022,WAN RAZALI WAN NOR,PN,PAS,25514,37.65237153566896,083,KUANTAN,Pahang,67762,F,1,1246.0,1.0
147,2022,FUZIAH SALLEH,PH,PKR,22648,33.42286237124052,083,KUANTAN,Pahang,67762,M,1,1240.0,0.0
146,2022,AB HAMID MOHD NAZAHAR,BN,UMNO,19114,28.207549954251647,083,KUANTAN,Pahang,67762,F,1,655.0,0.0
149,2022,ANUAR TAJUDDIN,GTA,PEJUANG,486,0.7172161388388772,083,KUANTAN,Pahang,67762,F,1,798.0,0.0
33,2022,MOHD SHAHAR ABDULLAH,BN,UMNO,26899,43.3973831534453,084,PAYA BESAR,Pahang,61983,F,1,101.0,1.0
30,2022,AIREROSHAIRI ROSLAN,PN,PAS,25582,41.272607005146575,084,PAYA BESAR,Pahang,61983,F,1,1201.0,0.0
32,2022,AHMAD AZAM MOHAMAD SALLEH,PH,AMANAH,9192,14.829872707032573,084,PAYA BESAR,Pahang,61983,F,1,1192.0,0.0
31,2022,ROSMINAHAR MOHD AMIN,GTA,PEJUANG,310,0.5001371343755546,084,PAYA BESAR,Pahang,61983,F,1,1239.0,0.0
6,2022,SHEIKH MOHMED PUZI SHEIKH ALI,BN,UMNO,47418,50.96462849711418,085,PEKAN,Pahang,93041,F,1,1059.0,1.0
10,2022,MOHD FADHIL NOOR ABDUL KARIM,PN,PAS,38469,41.346288195526704,085,PEKAN,Pahang,93041,F,1,373.0,0.0
7,2022,MOHD NAIM ZAINAL ABIDIN,PH,PKR,6316,6.788405111724939,085,PEKAN,Pahang,93041,F,1,1320.0,0.0
9,2022,MOHAMMAD RADHI ABDUL RAZAK,GTA,PEJUANG,472,0.5073032319085135,085,PEKAN,Pahang,93041,F,1,1307.0,0.0
8,2022,TENGKU HISHAM,,IND,366,0.3933749637256693,085,PEKAN,Pahang,93041,F,1,1311.0,0.0
221,2022,FAZIL AZMI NADZRI,PN,PAS,19600,47.69784872967974,086,MARAN,Pahang,41092,F,1,483.0,1.0
220,2022,SHAHANIZA BT SHAMSUDDIN,BN,UMNO,17779,43.26632921249878,086,MARAN,Pahang,41092,M,1,704.0,0.0
222,2022,AHMAD SHUHOR AWANG,PH,AMANAH,3547,8.631850481845614,086,MARAN,Pahang,41092,F,1,904.0,0.0
219,2022,MUHAMAD HAFIZ AL-HAFIZ,,IND,166,0.40397157597585903,086,MARAN,Pahang,41092,F,1,1323.0,0.0
363,2022,KAMAL ASHAARI,PN,PAS,22505,47.127929135342285,087,KUALA KRAU,Pahang,47753,F,1,1227,1.0
362,2022,ISMAIL MOHAMED SAID,BN,UMNO,21481,44.98356124222562,087,KUALA KRAU,Pahang,47753,F,1,1217,0.0
364,2022,JUHARI OSMAN,PH,AMANAH,3593,7.524134609343916,087,KUALA KRAU,Pahang,47753,F,1,858,0.0
365,2022,SHAHRUDDIN MOHAMED SALLEH,GTA,PEJUANG,174,0.36437501308818293,087,KUALA KRAU,Pahang,47753,F,1,1321,0.0
579,2022,SALAMIAH MOHD NOR,PN,PAS,30929,37.4275445623631,088,TEMERLOH,Pahang,82637,M,1,1335,1.0
580,2022,MOHD HASBIE MUDA,PH,AMANAH,25409,30.747728015295813,088,TEMERLOH,Pahang,82637,F,1,1325,0.0
578,2022,MOHD SHARKAR SHAMSUDIN,BN,UMNO,25191,30.483923666154386,088,TEMERLOH,Pahang,82637,F,1,1322,0.0
581,2022,AMINUDDIN YAHAYA,GTA,DIRECT,1108,1.3408037561866961,088,TEMERLOH,Pahang,82637,F,1,410,0.0
637,2022,YOUNG SYEFURA OTHMAN,PH,DAP,25075,37.617954603417495,089,BENTONG,Pahang,66657,M,1,1331,1.0
638,2022,LIOW TIONG LAI,BN,MCA,24383,36.57980407159038,089,BENTONG,Pahang,66657,F,1,1337,0.0
639,2022,ROSLAN HASSAN,PN,BERSATU,16233,24.35303118952248,089,BENTONG,Pahang,66657,F,1,467,0.0
640,2022,WONG TACK,,IND,798,1.1971735901705747,089,BENTONG,Pahang,66657,F,1,708,0.0
636,2022,ACHIK KHALIL,,IND,168,0.2520365452990684,089,BENTONG,Pahang,66657,F,1,1397,0.0
468,2022,ISMAIL SABRI YAAKOB,BN,UMNO,31762,53.338483240411094,090,BERA,Pahang,59548,F,1,925,1.0
469,2022,ABBAS SALLEH,PH,PKR,15067,25.302277154564386,090,BERA,Pahang,59548,F,1,1070,0.0
467,2022,ASMAWI HARUN,PN,BERSATU,12719,21.359239605024516,090,BERA,Pahang,59548,F,1,488,0.0
507,2022,ABDUL KHALIB ABDULLAH,PN,BERSATU,31589,47.199187174085196,091,ROMPIN,Pahang,66927,F,1,1257,1.0
506,2022,HASAN ARIFIN,BN,UMNO,30151,45.05057749488248,091,ROMPIN,Pahang,66927,F,1,1270,0.0
508,2022,ERMAN SHAH JAIOS,PH,PKR,4779,7.140615894930297,091,ROMPIN,Pahang,66927,F,1,1007,0.0
505,2022,HAMIZI HUSSAIN,,IND,408,0.6096194361020216,091,ROMPIN,Pahang,66927,F,1,1276,0.0
90,2022,MOHD FASIAH MOHD FAKEH,PN,BERSATU,17973,43.86119042389633,092,SABAK BERNAM,Selangor,40977,F,1,409.0,1.0
89,2022,ABD RAHMAN BAKRI,BN,UMNO,12917,31.52256143690363,092,SABAK BERNAM,Selangor,40977,F,1,503.0,0.0
91,2022,SHAMSUL MA'ARIF ISMAIL,PH,AMANAH,9627,23.49366717914928,092,SABAK BERNAM,Selangor,40977,F,1,265.0,0.0
88,2022,IDRIS MD YUSOF,GTA,DIRECT,460,1.1225809600507601,092,SABAK BERNAM,Selangor,40977,F,1,144.0,0.0
296,2022,MUSLIMIN YAHAYA,PN,BERSATU,19791,38.75269238300372,093,SUNGAI BESAR,Selangor,51070,F,1,140.0,1.0
297,2022,SAIPOLYAZAN MAT YUSOP,PH,PKR,17070,33.42471118073233,093,SUNGAI BESAR,Selangor,51070,F,1,61.0,0.0
294,2022,JAMAL MD YUNOS,BN,UMNO,13984,27.382024672018797,093,SUNGAI BESAR,Selangor,51070,F,1,277.0,0.0
295,2022,ASMAWAR SAMAD,GTA,PUTRA,225,0.4405717642451537,093,SUNGAI BESAR,Selangor,51070,F,1,412.0,0.0
560,2022,MOHD HASNIZAN HARUN,PN,PAS,46823,38.240963068228226,094,HULU SELANGOR,Selangor,122442,F,1,587,1.0
558,2022,SATHIA PRAKASH NADARAJAN,PH,PKR,45261,36.96525701965012,094,HULU SELANGOR,Selangor,122442,F,1,79,0.0
556,2022,T MOHAN,BN,MIC,27050,22.092092582610544,094,HULU SELANGOR,Selangor,122442,F,1,182,0.0
557,2022,HARUMAINI OMAR,GTA,PEJUANG,1849,1.5101027425229905,094,HULU SELANGOR,Selangor,122442,F,1,498,0.0
559,2022,HANIZA TALHA,,PBM,1013,0.8273304911713301,094,HULU SELANGOR,Selangor,122442,M,1,316,0.0
555,2022,AZLINDA BARONI,,IND,446,0.3642540958167949,094,HULU SELANGOR,Selangor,122442,M,1,386,0.0
225,2022,ZULKAFPERI HANAPI,PN,BERSATU,18054,35.25827555902744,095,TANJUNG KARANG,Selangor,51205,F,1,369.0,1.0
227,2022,HABIBAH MOHD YUSOF,BN,UMNO,15874,31.000878820427694,095,TANJUNG KARANG,Selangor,51205,M,1,234.0,0.0
226,2022,SITI RAHAYU BAHARIN,PH,MUDA,12314,24.04843277023728,095,TANJUNG KARANG,Selangor,51205,M,1,105.0,0.0
223,2022,AZLAN SANI ZAWAWI (LANDO BROTHERHOOD),GTA,DIRECT,3557,6.946587247339127,095,TANJUNG KARANG,Selangor,51205,F,1,509.0,0.0
224,2022,MOHD ROSNI,,IND,1406,2.74582560296846,095,TANJUNG KARANG,Selangor,51205,F,1,654.0,0.0
695,2022,DZULKEFLY AHMAD,PH,AMANAH,31033,35.88418265283704,096,KUALA SELANGOR,Selangor,86481,F,1,694,1.0
693,2022,TENGKU ZAFRUL TENGKU ABDUL AZIZ,BN,UMNO,30031,34.72554665186573,096,KUALA SELANGOR,Selangor,86481,F,1,527,0.0
696,2022,MOHD NOOR MOHD SAHAR,PN,PAS,23639,27.334327771418,096,KUALA SELANGOR,Selangor,86481,F,1,417,0.0
694,2022,MOHD SHAID ROSLI,GTA,PEJUANG,1778,2.0559429238792335,096,KUALA SELANGOR,Selangor,86481,F,1,626,0.0
325,2022,WILLIAM LEONG JEE KEEN,PH,PKR,72773,50.22949869203001,097,SELAYANG,Selangor,144881,F,1,62,1.0
321,2022,ABDUL RASHID ASARI,PN,BERSATU,49154,33.92715400915234,097,SELAYANG,Selangor,144881,F,1,298,0.0
322,2022,CHAN WUN HOONG,BN,MCA,19425,13.40755516596379,097,SELAYANG,Selangor,144881,F,1,130,0.0
323,2022,SALLEH AMIRUDDIN,GTA,PEJUANG,2584,1.7835326923475128,097,SELAYANG,Selangor,144881,F,1,212,0.0
324,2022,MUHAMMAD ZAKI OMAR,,IND,945,0.6522594405063465,097,SELAYANG,Selangor,144881,F,1,473,0.0
139,2022,AMIRUDIN SHARI,PH,PKR,72267,43.68539407348301,098,GOMBAK,Selangor,165426,F,1,71.0,1.0
138,2022,AZMIN ALI,PN,BERSATU,59538,35.99071488157847,098,GOMBAK,Selangor,165426,F,1,32.0,0.0
142,2022,MEGAT ZULKARNAIN OMARDIN,BN,UMNO,30723,18.572050342751442,098,GOMBAK,Selangor,165426,F,1,228.0,0.0
140,2022,AZIZ JAMALUDIN MOHD TAHIR,GTA,PUTRA,2223,1.3438032715534438,098,GOMBAK,Selangor,165426,F,1,150.0,0.0
141,2022,ZULKIFLI,,IND,675,0.4080374306336368,098,GOMBAK,Selangor,165426,F,1,308.0,0.0
385,2022,RODZIAH ISMAIL,PH,PKR,56754,54.346452168916976,099,AMPANG,Selangor,104430,M,1,562,1.0
391,2022,SASHA LYNA ABDUL LATIF,PN,BERSATU,27073,25.924542755913052,099,AMPANG,Selangor,104430,M,1,194,0.0
386,2022,IVONE LOW YI WEN,BN,MCA,11509,11.020779469501102,099,AMPANG,Selangor,104430,M,1,3,0.0
388,2022,ZURAIDA KAMARUDDIN,,PBM,4589,4.394331130901082,099,AMPANG,Selangor,104430,M,1,640,0.0
389,2022,NURUL ASHIKIN MABAHWI,GTA,PEJUANG,2653,2.540457722876568,099,AMPANG,Selangor,104430,M,1,476,0.0
390,2022,LAI WAI CHONG,,WARISAN,1423,1.362635258067605,099,AMPANG,Selangor,104430,F,1,731,0.0
392,2022,MUHAMMAD SHAFIQ IZWAN MOHD YUNOS,,IND,188,0.18002489706023173,099,AMPANG,Selangor,104430,F,1,91,0.0
387,2022,M RAVEEN,,IND,148,0.1417217274729484,099,AMPANG,Selangor,104430,F,1,335,0.0
393,2022,TAN HUA MENG,,IND,93,0.08905486929043378,099,AMPANG,Selangor,104430,F,1,28,0.0
284,2022,RAFIZI RAMLI,PH,PKR,74002,63.98457494639275,100,PANDAN,Selangor,115656,F,1,611.0,1.0
286,2022,MUHAMMAD FARIQUE ZUBIR ALBAKRI,PN,PAS,25706,22.22625717645431,100,PANDAN,Selangor,115656,F,1,442.0,0.0
288,2022,LEONG KOK WEE,BN,MCA,11664,10.085079892093795,100,PANDAN,Selangor,115656,F,1,510.0,0.0
285,2022,ONG TEE KEAT,,WARISAN,3323,2.873175624265062,100,PANDAN,Selangor,115656,F,1,658.0,0.0
287,2022,NADIA HANAFIAH,GTA,DIRECT,961,0.830912360794079,100,PANDAN,Selangor,115656,M,1,723.0,0.0
406,2022,MOHD SANY HAMZAN,PH,AMANAH,58382,42.68033248287509,101,HULU LANGAT,Selangor,136789,M,1,683,1.0
411,2022,MOHD RADZI ABD LATIF,PN,BERSATU,43486,31.790567955025622,101,HULU LANGAT,Selangor,136789,F,1,781,0.0
409,2022,JOHAN ABD AZIZ,BN,UMNO,32570,23.810394110637553,101,HULU LANGAT,Selangor,136789,F,1,577,0.0
407,2022,MARKIMAN KOBIRAN,GTA,PEJUANG,1655,1.2098926083237687,101,HULU LANGAT,Selangor,136789,F,1,1102,0.0
408,2022,ABDUL RAHMAN JAAFAR,,WARISAN,370,0.2704895861509332,101,HULU LANGAT,Selangor,136789,F,1,479,0.0
410,2022,MOHAMED MUSTAFA,,IND,326,0.23832325698703843,101,HULU LANGAT,Selangor,136789,F,1,750,0.0
682,2022,SYAHREDZAN JOHAN,PH,DAP,141568,57.95055896451363,102,BANGI,Selangor,244291,F,1,268,1.0
676,2022,MUHAMMAD NAZRUL HAKIM MD NAZIR,PN,PAS,71867,29.41860322320511,102,BANGI,Selangor,244291,F,1,928,0.0
678,2022,HOH HEE LEE,BN,MCA,25685,10.514099987310216,102,BANGI,Selangor,244291,F,1,857,0.0
683,2022,ANNUAR SALLEH,GTA,BERJASA,3148,1.2886270881858113,102,BANGI,Selangor,244291,F,1,725,0.0
681,2022,CHEE CHEE MENG,,PRM,752,0.30782959666954574,102,BANGI,Selangor,244291,F,1,896,0.0
677,2022,JAMAL,,IND,676,0.27671915870826186,102,BANGI,Selangor,244291,F,1,797,0.0
679,2022,FAUZI HASIM,,IND,401,0.16414849503256362,102,BANGI,Selangor,244291,F,1,639,0.0
680,2022,SUTHAN M,,IND,194,0.07941348637485622,102,BANGI,Selangor,244291,F,1,530,0.0
632,2022,YEO BEE YIN,PH,DAP,79425,65.66817418912103,103,PUCHONG,Selangor,120949,M,1,668,1.0
634,2022,SYED IBRAHIM KADER,BN,KIMMA,21468,17.74963000934278,103,PUCHONG,Selangor,120949,F,1,458,0.0
635,2022,CHEW JYH GANG,PN,GERAKAN,18263,15.099752788365343,103,PUCHONG,Selangor,120949,F,1,567,0.0
633,2022,KUAN CHEE HENG,,IND,1793,1.4824430131708406,103,PUCHONG,Selangor,120949,F,1,700,0.0
311,2022,WONG CHEN,PH,PKR,138259,77.68101447891091,104,SUBANG,Selangor,177983,F,1,134.0,1.0
309,2022,ANG HIANG NI,PN,GERAKAN,23185,13.026525005197126,104,SUBANG,Selangor,177983,F,1,438.0,0.0
310,2022,KOW CHEONG WEI,BN,MCA,16539,9.292460515891968,104,SUBANG,Selangor,177983,F,1,307.0,0.0
331,2022,LEE CHEAN CHUNG,PH,PKR,83311,57.11631542142573,105,PETALING JAYA,Selangor,145862,F,1,767,1.0
330,2022,THENG BOOK,PN,BERSATU,32736,22.44313117878543,105,PETALING JAYA,Selangor,145862,F,1,691,0.0
328,2022,CHEW HIAN TAT,BN,MCA,23253,15.941780587130301,105,PETALING JAYA,Selangor,145862,F,1,301,0.0
329,2022,MAZWEEN MOKHTAR,GTA,DIRECT,4052,2.7779682165334356,105,PETALING JAYA,Selangor,145862,M,1,132,0.0
326,2022,MOHAMAD EZAM MOHD NOR,,PRM,2049,1.404752437235195,105,PETALING JAYA,Selangor,145862,F,1,584,0.0
327,2022,K J JOHN,,IND,461,0.3160521588899096,105,PETALING JAYA,Selangor,145862,F,1,441,0.0
412,2022,GOBIND SINGH DEO,PH,DAP,142875,81.67225915615336,106,DAMANSARA,Selangor,174937,F,1,207,1.0
413,2022,LIM SI CHING,PN,GERAKAN,18256,10.43575687247409,106,DAMANSARA,Selangor,174937,F,1,320,0.0
414,2022,TAN GIM TUAN,BN,MCA,13806,7.891983971372551,106,DAMANSARA,Selangor,174937,F,1,104,0.0
429,2022,RAMANAN RAMAKRISHNAN,PH,PKR,50943,39.296045171591885,107,SUNGAI BULOH,Selangor,129639,F,1,241,1.0
427,2022,KHAIRY JAMALUDDIN ABU BAKAR,BN,UMNO,48250,37.21873818835381,107,SUNGAI BULOH,Selangor,129639,F,1,395,0.0
430,2022,MOHD GHAZALI MD HAMIN,PN,PAS,29060,22.416093922353614,107,SUNGAI BULOH,Selangor,129639,F,1,143,0.0
425,2022,MOHD AKMAL MOHD YUSOF,GTA,PEJUANG,829,0.6394680613087111,107,SUNGAI BULOH,Selangor,129639,F,1,56,0.0
424,2022,AHMAD JUFLIZ FAIZA,,PRM,279,0.21521301460208733,107,SUNGAI BULOH,Selangor,129639,F,1,699,0.0
428,2022,SYED RAZAK ALSAGOFF,,IND,165,0.12727651401198714,107,SUNGAI BULOH,Selangor,129639,F,1,518,0.0
426,2022,SIFU LINDA,,IND,113,0.08716512777790635,107,SUNGAI BULOH,Selangor,129639,M,1,621,0.0
672,2022,AZLI YUSOF,PH,AMANAH,61409,45.230168667599614,108,SHAH ALAM,Selangor,135770,F,1,379,1.0
675,2022,AFIF BAHARDIN,PN,BERSATU,43314,31.902482138911395,108,SHAH ALAM,Selangor,135770,F,1,296,0.0
674,2022,HIZATUL ISHAM ABDUL JALIL,BN,UMNO,28266,20.819032186786476,108,SHAH ALAM,Selangor,135770,F,1,127,0.0
673,2022,MUHAMMAD RAFIQUE RASHID ALI,GTA,PEJUANG,2781,2.048317006702512,108,SHAH ALAM,Selangor,135770,F,1,499,0.0
257,2022,HALIMAH ALI,PN,PAS,65751,41.60665696386762,109,KAPAR,Selangor,158030,M,1,466.0,1.0
260,2022,ABDULLAH SANI ABDUL HAMID,PH,PKR,53969,34.15111054863001,109,KAPAR,Selangor,158030,F,1,46.0,0.0
254,2022,MUHAMMAD NOOR AZMAN @ NOOR HIZAM,BN,UMNO,35079,22.19768398405366,109,KAPAR,Selangor,158030,F,1,561.0,0.0
255,2022,DAROYAH ALWI,,PBM,1474,0.9327342909574131,109,KAPAR,Selangor,158030,M,1,270.0,0.0
256,2022,MUHAMMAD PATHAN HUSSIN,GTA,BERJASA,1015,0.6422831108017465,109,KAPAR,Selangor,158030,F,1,96.0,0.0
259,2022,SIVALINGAM,,IND,477,0.3018414225147124,109,KAPAR,Selangor,158030,F,1,209.0,0.0
258,2022,RAHIM AWANG,,WARISAN,265,0.16768967917484023,109,KAPAR,Selangor,158030,F,1,388.0,0.0
207,2022,V GANABATIRAU,PH,DAP,115539,70.49144321405693,110,KLANG,Selangor,163905,F,1,574.0,1.0
202,2022,JAYA CHANDRAN PERUMAL,PN,BERSATU,23738,14.48277965894878,110,KLANG,Selangor,163905,F,1,630.0,0.0
204,2022,TEE HOOI LING,BN,MCA,19762,12.056984228669046,110,KLANG,Selangor,163905,M,1,500.0,0.0
203,2022,HEDRHIN RAMLI @ AWIN,,IND,3016,1.8400902962081693,110,KLANG,Selangor,163905,F,1,914.0,0.0
205,2022,LOO CHENG WEE,,WARISAN,1140,0.6955248467099845,110,KLANG,Selangor,163905,F,1,742.0,0.0
208,2022,DEEPAK JAIKISHAN,,IND,439,0.2678380769348098,110,KLANG,Selangor,163905,F,1,688.0,0.0
206,2022,S CHANDRASEGAR,,PRM,271,0.16533967847228578,110,KLANG,Selangor,163905,F,1,940.0,0.0
61,2022,MOHAMAD SABU,PH,AMANAH,123306,62.35764134722363,111,KOTA RAJA,Selangor,197740,F,1,116.0,1.0
58,2022,MOHAMED DIAH BAHARUN,PN,PAS,49308,24.935774249013857,111,KOTA RAJA,Selangor,197740,F,1,280.0,0.0
60,2022,D KAJENDRAN,BN,MIC,22225,11.239506422575099,111,KOTA RAJA,Selangor,197740,F,1,439.0,0.0
57,2022,FAHMI BAZLAN MUDA,GTA,BERJASA,2063,1.04328916759381,111,KOTA RAJA,Selangor,197740,F,1,581.0,0.0
63,2022,SARAH AFIQAH ZAINOL ARIF,,PRM,360,0.18205724688985536,111,KOTA RAJA,Selangor,197740,M,1,796.0,0.0
62,2022,P RAVEENTHARAN A PERIASAMY,,IND,209,0.10569434611105492,111,KOTA RAJA,Selangor,197740,F,1,865.0,0.0
59,2022,KUMAR KARANANEDI,,IND,163,0.08243147567512896,111,KOTA RAJA,Selangor,197740,F,1,993.0,0.0
64,2022,SURENDHAR SELVARAJU,,IND,106,0.053605744917568525,111,KOTA RAJA,Selangor,197740,F,1,706.0,0.0
216,2022,AHMAD YUNUS HAIRI,PN,PAS,52867,42.68286775391571,112,KUALA LANGAT,Selangor,123860,F,1,673.0,1.0
218,2022,MANIVANAN GOVIN,PH,PKR,51034,41.20297109639916,112,KUALA LANGAT,Selangor,123860,F,1,319.0,0.0
214,2022,MOHANA MUNIANDY RAMAN,BN,MIC,18685,15.08558049410625,112,KUALA LANGAT,Selangor,123860,M,1,543.0,0.0
215,2022,RIDZUAN ABDULLAH,GTA,DIRECT,591,0.4771516227999354,112,KUALA LANGAT,Selangor,123860,F,1,773.0,0.0
213,2022,ZANARIAH JUMHURI,,IND,512,0.41336993379622156,112,KUALA LANGAT,Selangor,123860,M,1,137.0,0.0
217,2022,M GANESKUMAR,,PRM,171,0.13805909898272242,112,KUALA LANGAT,Selangor,123860,F,1,854.0,0.0
568,2022,RAJ MUNNI @ AIMAN ATHIRAH,PH,AMANAH,56264,40.78431372549019,113,SEPANG,Selangor,137955,M,1,444,1.0
570,2022,RINA HARUN,PN,BERSATU,47315,34.29741582400058,113,SEPANG,Selangor,137955,M,1,117,0.0
571,2022,ANUAR BASIRAN,BN,UMNO,31097,22.541408430285237,113,SEPANG,Selangor,137955,F,1,224,0.0
566,2022,CHE ASMAH IBRAHIM,GTA,PEJUANG,2337,1.6940306621724475,113,SEPANG,Selangor,137955,M,1,31,0.0
565,2022,SHAHRUL AMRI MAT SARI,,IND,319,0.23123482294951253,113,SEPANG,Selangor,137955,F,1,593,0.0
567,2022,DAUD LEONG,,PUR,264,0.19136675002718279,113,SEPANG,Selangor,137955,F,1,327,0.0
569,2022,M MUNESWARAN,,IND,194,0.140625566307854,113,SEPANG,Selangor,137955,F,1,719,0.0
572,2022,R NAGESWARAN,,PRM,165,0.11960421876698923,113,SEPANG,Selangor,137955,F,1,968,0.0
190,2022,LIM LIP ENG,PH,DAP,64308,88.92268974958172,114,KEPONG,KL,72319,F,1,435.0,1.0
189,2022,YAP ZHENG HOE,BN,MCA,3227,4.46217453228059,114,KEPONG,KL,72319,F,1,789.0,0.0
187,2022,PHAANG JING FATT,PN,GERAKAN,2795,3.8648211396728382,114,KEPONG,KL,72319,F,1,651.0,0.0
191,2022,YEE POH PING,,IND,1461,2.020215987499827,114,KEPONG,KL,72319,F,1,721.0,0.0
188,2022,YOUNG SHANG YI,,WARISAN,528,0.7300985909650299,114,KEPONG,KL,72319,F,1,243.0,0.0
45,2022,P PRABAKARAN,PH,PKR,45716,52.459091639317926,115,BATU,KL,87146,F,1,533.0,1.0
49,2022,AZHAR YAHYA,PN,PAS,23475,26.937553071856424,115,BATU,KL,87146,F,1,411.0,0.0
51,2022,A KOHILAN PILLAY,BN,MIC,10398,11.93170082390471,115,BATU,KL,87146,F,1,641.0,0.0
44,2022,TIAN CHUA,,IND,4603,5.281940651320772,115,BATU,KL,87146,F,1,262.0,0.0
48,2022,WAN AZLIANA WAN ADNAN,GTA,PEJUANG,849,0.9742271590204944,115,BATU,KL,87146,M,1,734.0,0.0
43,2022,SITI KASIM,,IND,653,0.7493172377389667,115,BATU,KL,87146,M,1,983.0,0.0
52,2022,NUR FATHIAH SYAZWANA @ CLEO,,IND,628,0.7206297477795883,115,BATU,KL,87146,M,1,970.0,0.0
50,2022,NAGANATHAN PILLAI,,WARISAN,575,0.6598122690657058,115,BATU,KL,87146,F,1,894.0,0.0
46,2022,MOHD ZULKIFLI ABDUL FATTAH,,PRM,137,0.15720744497739425,115,BATU,KL,87146,F,1,787.0,0.0
47,2022,TOO GAO LAN,,IND,112,0.12851995501801575,115,BATU,KL,87146,F,1,542.0,0.0
654,2022,ZAHIR HASSAN,PH,PKR,46031,49.634461936596935,116,WANGSA MAJU,KL,92740,F,1,620,1.0
658,2022,NURIDAH MOHD SALLEH,PN,PAS,25335,27.31830925167134,116,WANGSA MAJU,KL,92740,M,1,383,0.0
656,2022,MOHD SHAFEI ABDULLAH,BN,UMNO,19595,21.128962691395298,116,WANGSA MAJU,KL,92740,F,1,778,0.0
659,2022,NORZAILA ARIFIN,GTA,PUTRA,987,1.0642656890230753,116,WANGSA MAJU,KL,92740,M,1,180,0.0
655,2022,WEE CHOO KEONG,,WARISAN,576,0.6210912227733448,116,WANGSA MAJU,KL,92740,F,1,690,0.0
657,2022,RAVEE SUNTHERALINGAM,,IND,216,0.23290920854000433,116,WANGSA MAJU,KL,92740,F,1,536,0.0
368,2022,HANNAH YEOH TSEOW SUAN,PH,DAP,68438,80.04818938897726,117,SEGAMBUT,KL,85496,M,1,478,1.0
366,2022,PRABAGARAN VYTHILINGAM,PN,GERAKAN,8754,10.23907551230467,117,SEGAMBUT,KL,85496,F,1,770,0.0
367,2022,DANIEL LING SIA CHIN,BN,MCA,8304,9.712735098718069,117,SEGAMBUT,KL,85496,F,1,711,0.0
723,2022,NIK NAZMI NIK AHMAD,PH,PKR,34434,46.056925793162485,118,SETIAWANGSA,KL,74764,F,1,864,1.0
728,2022,NURUL FADZILAH KAMALUDDIN,PN,BERSATU,22270,29.787063292493713,118,SETIAWANGSA,KL,74764,M,1,782,0.0
725,2022,IZUDIN ISHAK,BN,UMNO,16333,21.846075651383018,118,SETIAWANGSA,KL,74764,F,1,603,0.0
724,2022,BIBI SUNITA SAKANDAR KHAN,GTA,PEJUANG,953,1.2746776523460488,118,SETIAWANGSA,KL,74764,M,1,172,0.0
727,2022,MIOR ROSLI,,IND,492,0.6580707292279707,118,SETIAWANGSA,KL,74764,F,1,720,0.0
726,2022,STANLEY LIM YEN TIONG,,IND,282,0.3771868813867637,118,SETIAWANGSA,KL,74764,F,1,728,0.0
283,2022,JOHARI ABDUL GHANI,BN,UMNO,25042,41.14824673830885,119,TITIWANGSA,KL,60858,F,1,64.0,1.0
281,2022,KHALID ABD SAMAD,PH,AMANAH,20410,33.53708633211739,119,TITIWANGSA,KL,60858,F,1,594.0,0.0
280,2022,ROSNI ADAM,PN,PAS,14518,23.855532551184726,119,TITIWANGSA,KL,60858,M,1,27.0,0.0
282,2022,KHAIRUDDIN ABU HASSAN,GTA,PEJUANG,888,1.4591343783890367,119,TITIWANGSA,KL,60858,F,1,532.0,0.0
234,2022,FONG KUI LUN,PH,DAP,43827,82.79242859301799,120,BUKIT BINTANG,KL,52936,F,1,324.0,1.0
235,2022,TAN TEIK PENG,BN,MCA,4850,9.162006951790842,120,BUKIT BINTANG,KL,52936,F,1,166.0,0.0
233,2022,CHEN WIN KEONG,PN,BERSATU,4259,8.045564455191174,120,BUKIT BINTANG,KL,52936,F,1,151.0,0.0
162,2022,FAHMI FADZIL,PH,PKR,35359,46.091977996193656,121,LEMBAH PANTAI,KL,76714,F,1,429.0,1.0
163,2022,RAMLAN SHAHEAN @ ASKOLANI,BN,UMNO,21447,27.95708736345387,121,LEMBAH PANTAI,KL,76714,F,1,169.0,0.0
161,2022,FAUZI ABU BAKAR,PN,PAS,19098,24.89506478608859,121,LEMBAH PANTAI,KL,76714,F,1,583.0,0.0
160,2022,NOOR ASMAH MOHD RAZALLI,GTA,PUTRA,810,1.0558698542638894,121,LEMBAH PANTAI,KL,76714,M,1,495.0,0.0
585,2022,TERESA KOK SUH SIM,PH,DAP,73234,83.74002332654881,122,SEPUTEH,KL,87454,M,1,716,1.0
583,2022,ALAN WONG YEE YENG,PN,GERAKAN,6047,6.91449219017998,122,SEPUTEH,KL,87454,F,1,598,0.0
582,2022,LEE KAH HING,BN,MCA,6032,6.897340316051867,122,SEPUTEH,KL,87454,F,1,553,0.0
586,2022,LEE WAI HONG,,IND,1276,1.4590527591648181,122,SEPUTEH,KL,87454,F,1,267,0.0
584,2022,CHOY SAN YEH,,IND,865,0.9890914080545201,122,SEPUTEH,KL,87454,M,1,840,0.0
81,2022,TAN KOK WAI,PH,DAP,60294,84.03813453014803,123,CHERAS,KL,71746,F,1,698.0,1.0
83,2022,CHIN YOKE KHENG,PN,BERSATU,5846,8.148189446101524,123,CHERAS,KL,71746,M,1,73.0,0.0
82,2022,CHONG YEW CHUAN,BN,MCA,5606,7.813676023750453,123,CHERAS,KL,71746,F,1,428.0,0.0
440,2022,WAN AZIZAH WAN ISMAIL,PH,PKR,43476,46.73783339245977,124,BANDAR TUN RAZAK,KL,93021,M,1,108,1.0
442,2022,KAMARUDDIN JAAFAR,PN,BERSATU,33659,36.18430246933488,124,BANDAR TUN RAZAK,KL,93021,F,1,256,0.0
441,2022,CHEW YIN KEEN,BN,MCA,15886,17.077864138205353,124,BANDAR TUN RAZAK,KL,93021,F,1,354,0.0
185,2022,MOHD RADZI JIDIN,PN,BERSATU,16002,43.67000518516497,125,PUTRAJAYA,Putrajaya,36643,F,1,188.0,1.0
181,2022,TENGKU ADNAN TENGKU MANSOR,BN,UMNO,13692,37.365936195180524,125,PUTRAJAYA,Putrajaya,36643,F,1,485.0,0.0
182,2022,NORAISHAH MYDIN ABDUL AZIZ,PH,PKR,5988,16.341456758453184,125,PUTRAJAYA,Putrajaya,36643,M,1,501.0,0.0
183,2022,MUHD ROSLI RAMLI,GTA,BERJASA,878,2.3960920230330487,125,PUTRAJAYA,Putrajaya,36643,F,1,681.0,0.0
184,2022,SAMSUDIN PKPKL,,IND,63,0.17192915427230304,125,PUTRAJAYA,Putrajaya,36643,F,1,480.0,0.0
186,2022,LIM FICE BEE,,IND,20,0.05458068389596921,125,PUTRAJAYA,Putrajaya,36643,M,1,293.0,0.0
620,2022,JALALUDDIN ALIAS,BN,UMNO,21805,48.098557374156265,126,JELEBU,Negeri Sembilan,45334,F,1,547,1.0
621,2022,ZULKEFLY MOHAMAD OMAR,PH,AMANAH,13680,30.176026823134954,126,JELEBU,Negeri Sembilan,45334,F,1,229,0.0
622,2022,ZAHARUDDIN BABA SAMION,PN,BERSATU,9596,21.167335774473905,126,JELEBU,Negeri Sembilan,45334,F,1,670,0.0
619,2022,AHMAD FAKRI ABU SAMAH,GTA,PUTRA,253,0.5580800282348789,126,JELEBU,Negeri Sembilan,45334,F,1,408,0.0
75,2022,SHAMSULKAHAR MOHD DELI,BN,UMNO,30138,41.97785361097569,127,JEMPOL,Negeri Sembilan,71795,F,1,406.0,1.0
76,2022,NORWANI AHMAT,PH,AMANAH,24281,33.819903893028766,127,JEMPOL,Negeri Sembilan,71795,M,1,820.0,0.0
73,2022,MUHAMMAD NORAFFENDY MOHD SALLEH,PN,BERSATU,16722,23.29131555122223,127,JEMPOL,Negeri Sembilan,71795,F,1,946.0,0.0
74,2022,MOHD KHALID MUHD YUNUS,GTA,PUTRA,654,0.9109269447733129,127,JEMPOL,Negeri Sembilan,71795,F,1,684.0,0.0
419,2022,ANTHONY LOKE SIEW FOOK,PH,DAP,63916,51.844521592420755,128,SEREMBAN,Negeri Sembilan,123284,F,1,445,1.0
423,2022,MOHD FADLI CHE ME,PN,PAS,33075,26.828298887122415,128,SEREMBAN,Negeri Sembilan,123284,F,1,70,0.0
421,2022,WONG YIN TING,BN,MCA,24584,19.940949352714057,128,SEREMBAN,Negeri Sembilan,123284,F,1,537,0.0
422,2022,MOHAMAD JANI ISMAIL,GTA,PEJUANG,1336,1.0836767139288148,128,SEREMBAN,Negeri Sembilan,123284,F,1,190,0.0
420,2022,IZZAT LESLY,,IND,373,0.30255345381395804,128,SEREMBAN,Negeri Sembilan,123284,F,1,14,0.0
591,2022,ADNAN ABU HASSAN,BN,UMNO,21423,44.02408450125355,129,KUALA PILAH,Negeri Sembilan,48662,F,1,355,1.0
590,2022,NOR AZMAN MOHAMAD,PH,PKR,14940,30.701574123546095,129,KUALA PILAH,Negeri Sembilan,48662,F,1,216,0.0
588,2022,EDDIN SYAZLEE SHITH,PN,BERSATU,11560,23.755702601619333,129,KUALA PILAH,Negeri Sembilan,48662,F,1,60,0.0
587,2022,KAMARULZAMAN KAMDIAS,GTA,PUTRA,406,0.834326579261025,129,KUALA PILAH,Negeri Sembilan,48662,F,1,149,0.0
589,2022,AZMAN BIN IDRIS,,WARISAN,333,0.6843121943200033,129,KUALA PILAH,Negeri Sembilan,48662,F,1,291,0.0
269,2022,CHA KEE CHIN,PH,DAP,81434,68.03686158524869,130,RASAH,Negeri Sembilan,119691,F,1,244.0,1.0
267,2022,NG KIAN NAM,BN,MCA,19447,16.247671086380763,130,RASAH,Negeri Sembilan,119691,F,1,129.0,0.0
268,2022,CHOONG VEE HING,PN,GERAKAN,18810,15.715467328370554,130,RASAH,Negeri Sembilan,119691,F,1,42.0,0.0
173,2022,MOHAMAD HAJI HASAN,BN,UMNO,53075,48.49866588691107,131,REMBAU,Negeri Sembilan,109436,F,1,693.0,1.0
174,2022,JUFITRI JOHAR,PH,PKR,33178,30.317263057860302,131,REMBAU,Negeri Sembilan,109436,F,1,311.0,0.0
172,2022,MOHD NAZREE MOHD YUNUS,PN,BERSATU,21875,19.98885193172265,131,REMBAU,Negeri Sembilan,109436,F,1,225.0,0.0
175,2022,TINAGARAN SUBRAMANIAM,,PSM,779,0.7118315727914032,131,REMBAU,Negeri Sembilan,109436,F,1,142.0,0.0
176,2022,RAMLY AWALUDDIN,GTA,PEJUANG,529,0.4833875507145729,131,REMBAU,Negeri Sembilan,109436,F,1,38.0,0.0
357,2022,AMINUDDIN HARUN,PH,PKR,42013,52.39508636278606,132,PORT DICKSON,Negeri Sembilan,80185,F,1,57,1.0
354,2022,P KAMALANATHAN,BN,MIC,18412,22.96190060485128,132,PORT DICKSON,Negeri Sembilan,80185,F,1,592,0.0
353,2022,RAFIEI MUSTAPHA,PN,PAS,18235,22.7411610650371,132,PORT DICKSON,Negeri Sembilan,80185,F,1,226,0.0
356,2022,AHMAD IDHAM AHMAD NAZRI,GTA,DIRECT,1084,1.3518737918563322,132,PORT DICKSON,Negeri Sembilan,80185,F,1,491,0.0
355,2022,RANI KULUP,,IND,441,0.5499781754692274,132,PORT DICKSON,Negeri Sembilan,80185,F,1,372,0.0
305,2022,MOHD ISAM MOHD ISA,BN,UMNO,23283,38.14821490013599,133,TAMPIN,Negeri Sembilan,61033,F,1,19.0,1.0
308,2022,MUHAMMAD FAIZ FADZIL,PH,AMANAH,22007,36.057542640866416,133,TAMPIN,Negeri Sembilan,61033,F,1,69.0,0.0
307,2022,ABDUL HALIM ABU BAKAR,PN,PAS,14962,24.51460685203087,133,TAMPIN,Negeri Sembilan,61033,F,1,152.0,0.0
306,2022,ZAMANI IBRAHIM,GTA,BERJASA,781,1.279635606966723,133,TAMPIN,Negeri Sembilan,61033,F,1,299.0,0.0
210,2022,MAS ERMIEYATI SAMSUDIN,PN,BERSATU,25604,46.76615097992657,134,MASJID TANAH,Melaka,54749,M,1,99.0,1.0
209,2022,ABDUL HAKIM ABDUL WAHID,BN,UMNO,21193,38.70938281977753,134,MASJID TANAH,Melaka,54749,F,1,361.0,0.0
211,2022,MUTALIB UTHMAN,PH,MUDA,7445,13.598421888984273,134,MASJID TANAH,Melaka,54749,F,1,275.0,0.0
212,2022,HANDRAWIRAWAN ABU BAKAR,GTA,PEJUANG,507,0.9260443113116221,134,MASJID TANAH,Melaka,54749,F,1,184.0,0.0
698,2022,ADLY ZAHARI,PH,AMANAH,28178,38.6,135,ALOR GAJAH,Melaka,73000,F,1,352,1.0
697,2022,SHAHRIL SUFIAN HAMDAN,BN,UMNO,27288,37.38082191780822,135,ALOR GAJAH,Melaka,73000,F,1,111,0.0
699,2022,MOHD REDZUAN MD YUSOF,PN,BERSATU,17211,23.576712328767123,135,ALOR GAJAH,Melaka,73000,F,1,486,0.0
700,2022,MUHAMMAD NAZRIQ ABDUL RAHMAN,GTA,BERJASA,323,0.44246575342465755,135,ALOR GAJAH,Melaka,73000,F,1,249,0.0
36,2022,BAKRI JAMALUDDIN,PN,PAS,37406,40.646766709769956,136,TANGGA BATU,Melaka,92027,F,1,507.0,1.0
37,2022,RUSNAH ALUAI,PH,PKR,28557,31.031110434981038,136,TANGGA BATU,Melaka,92027,M,1,283.0,0.0
38,2022,LIM BAN HONG,BN,MCA,25095,27.269171004161823,136,TANGGA BATU,Melaka,92027,F,1,676.0,0.0
34,2022,GHAZALI ABU,GTA,PUTRA,702,0.7628196072891651,136,TANGGA BATU,Melaka,92027,F,1,164.0,0.0
35,2022,SHAHRIL MAHMOOD,,IND,267,0.2901322437980158,136,TANGGA BATU,Melaka,92027,F,1,403.0,0.0
592,2022,ADAM ADLI,PH,PKR,39418,41.71834980843723,137,HANG TUAH JAYA,Melaka,94486,F,1,128,1.0
594,2022,MOHD RIDHWAN MOHD ALI,BN,UMNO,30780,32.57625468323349,137,HANG TUAH JAYA,Melaka,94486,F,1,223,0.0
595,2022,MOHD AZRUDIN MD IDRIS,PN,BERSATU,23549,24.923269055733126,137,HANG TUAH JAYA,Melaka,94486,F,1,305,0.0
593,2022,SHEIKH IKHZAN SHEIKH SALLEH,GTA,PEJUANG,739,0.7821264525961518,137,HANG TUAH JAYA,Melaka,94486,F,1,377,0.0
156,2022,KHOO POAY TIONG,PH,DAP,73995,60.07014068728132,138,KOTA MELAKA,Melaka,123181,F,1,217.0,1.0
159,2022,SUHAIME BORHAN,PN,GERAKAN,27575,22.385757543777043,138,KOTA MELAKA,Melaka,123181,F,1,394.0,0.0
157,2022,KON QI YAO,BN,MCA,20686,16.793174272006233,138,KOTA MELAKA,Melaka,123181,F,1,160.0,0.0
158,2022,NORAZLAN,,IND,925,0.750927496935404,138,KOTA MELAKA,Melaka,123181,F,1,326.0,0.0
434,2022,ZULKIFLI ISMAIL,PN,PAS,27893,35.945514059640715,139,JASIN,Melaka,77598,F,1,397,1.0
432,2022,ROSLAN AHMAD,BN,UMNO,27571,35.53055491120905,139,JASIN,Melaka,77598,F,1,173,0.0
431,2022,HARUN MOHAMED,PH,AMANAH,21674,27.931132245676434,139,JASIN,Melaka,77598,F,1,331,0.0
433,2022,MOHD DAUD NASIR,GTA,PEJUANG,460,0.5927987834738009,139,JASIN,Melaka,77598,F,1,266,0.0
351,2022,YUNESWARAN RAMARAJ,PH,PKR,23437,46.27063097212351,140,SEGAMAT,Johor,50652,F,1,1215,1.0
350,2022,RAMASAMY MUTHUSAMY,BN,MIC,17768,35.07857537708284,140,SEGAMAT,Johor,50652,F,1,556,0.0
352,2022,POOBALAN PONNUSAMY,PN,BERSATU,8385,16.554134091447523,140,SEGAMAT,Johor,50652,F,1,181,0.0
349,2022,SYED HAIROUL FAIZEY SYED ALI,GTA,PUTRA,1062,2.0966595593461266,140,SEGAMAT,Johor,50652,F,1,399,0.0
372,2022,ZALIHA MUSTAFA,PH,PKR,18941,39.26653813462695,141,SEKIJANG,Johor,48237,M,1,10,1.0
369,2022,MD SALLEHEEN MOHAMAD,BN,UMNO,17207,35.67178721728134,141,SEKIJANG,Johor,48237,F,1,154,0.0
370,2022,UZZAIR ISMAIL,PN,BERSATU,11612,24.072807181209445,141,SEKIJANG,Johor,48237,F,1,122,0.0
371,2022,MOHD ZOHAR AHMAD,,WARISAN,339,0.7027800236333105,141,SEKIJANG,Johor,48237,F,1,257,0.0
373,2022,MUHD SAIFUL FAIZAL ABD HALIM,GTA,PUTRA,138,0.2860874432489583,141,SEKIJANG,Johor,48237,F,1,112,0.0
197,2022,PANG HOK LIONG,PH,DAP,16133,46.43258022737084,142,LABIS,Johor,34745,F,1,342.0,1.0
198,2022,CHUA TEE YONG,BN,MCA,13300,38.278889048783995,142,LABIS,Johor,34745,F,1,97.0,0.0
196,2022,ALVIN CHANG TECK KIAM,PN,BERSATU,5312,15.288530723845158,142,LABIS,Johor,34745,F,1,416.0,0.0
448,2022,MUHYIDDIN YASSIN,PN,BERSATU,24986,45.93774705374051,143,PAGOH,Johor,54391,F,1,11,1.0
449,2022,ISKANDAR SHAH ABD RAHMAN,PH,PKR,14979,27.53948263499476,143,PAGOH,Johor,54391,F,1,208,0.0
447,2022,RAZALI IBRAHIM,BN,UMNO,14426,26.522770311264733,143,PAGOH,Johor,54391,F,1,124,0.0
687,2022,SYED IBRAHIM SYED NOR,PH,PKR,33650,41.90170221773943,144,LEDANG,Johor,80307,F,1,348,1.0
691,2022,HAMIM SAMURI,BN,UMNO,23881,29.7371337492373,144,LEDANG,Johor,80307,F,1,401,0.0
692,2022,ZAIDI ABD MAJID,PN,BERSATU,22292,27.7584768451069,144,LEDANG,Johor,80307,F,1,481,0.0
690,2022,RAFIDAH RIDWAN,GTA,PEJUANG,269,0.33496457344938796,144,LEDANG,Johor,80307,M,1,497,0.0
689,2022,YUNUS,,IND,140,0.1743310047691982,144,LEDANG,Johor,80307,F,1,559,0.0
688,2022,ZAINAL BAHROM,,IND,75,0.09339160969778475,144,LEDANG,Johor,80307,F,1,604,0.0
652,2022,TAN HONG PIN,PH,DAP,36636,50.090237899917966,145,BAKRI,Johor,73140,F,1,95,1.0
651,2022,LEE CHING YONG,BN,MCA,17382,23.76538146021329,145,BAKRI,Johor,73140,F,1,84,0.0
650,2022,CHELVARAJAN R. SUPPIAH,PN,BERSATU,17222,23.546622914957617,145,BAKRI,Johor,73140,F,1,1121,0.0
653,2022,HARON JAFFAR,,IND,1900,2.5977577249111294,145,BAKRI,Johor,73140,F,1,222,0.0
300,2022,SYED SADDIQ SYED ABDUL RAHMAN,PH,MUDA,19961,37.55032168253132,146,MUAR,Johor,53158,F,1,697.0,1.0
299,2022,ABDULLAH HUSIN,PN,PAS,18616,35.02012867301253,146,MUAR,Johor,53158,F,1,710.0,0.0
298,2022,MOHD HELMY ABD LATIF,BN,UMNO,14581,27.42954964445615,146,MUAR,Johor,53158,F,1,701.0,0.0
494,2022,NORAINI AHMAD,BN,UMNO,25740,40.886996854846394,147,PARIT SULONG,Johor,62954,M,1,440,1.0
495,2022,ABDUL KARIM DERAMAN,PN,PAS,23719,37.67671633256028,147,PARIT SULONG,Johor,62954,F,1,239,0.0
496,2022,MOHD FAIZAL DOLAH,PH,AMANAH,13495,21.436286812593323,147,PARIT SULONG,Johor,62954,F,1,278,0.0
464,2022,WEE KA SIONG,BN,MCA,18911,40.501584853936436,148,AYER HITAM,Johor,46692,F,1,605,1.0
465,2022,SHEIKH UMAR BAGHARIB ALI,PH,DAP,15948,34.15574402467232,148,AYER HITAM,Johor,46692,F,1,618,0.0
466,2022,MUHAMMAD SYAFIQ A AZIZ,PN,BERSATU,11833,25.342671121391245,148,AYER HITAM,Johor,46692,F,1,612,0.0
474,2022,AMINOLHUDA HASSAN,PH,AMANAH,23242,37.93745103160094,149,SRI GADING,Johor,61264,F,1,247,1.0
476,2022,MOHD LASSIM BURHAN,BN,UMNO,19242,31.408331156960042,149,SRI GADING,Johor,61264,F,1,26,0.0
475,2022,ZANARIYAH ABDUL HAMID,PN,PAS,18475,30.15637242099765,149,SRI GADING,Johor,61264,M,1,427,0.0
477,2022,MAHDZIR IBRAHIM,GTA,PEJUANG,305,0.4978453904413685,149,SRI GADING,Johor,61264,F,1,504,0.0
596,2022,ONN ABU BAKAR,PH,PKR,45242,45.47208876917201,150,BATU PAHAT,Johor,99494,F,1,12,1.0
600,2022,RASHID HASNON,PN,BERSATU,29270,29.41885942870927,150,BATU PAHAT,Johor,99494,F,1,281,0.0
598,2022,ISHAK @ MOHD FARID SIRAJ,BN,UMNO,24309,24.43262910326251,150,BATU PAHAT,Johor,99494,F,1,78,0.0
599,2022,NIZAM BASHIR ABDUL KARIEM BASHIR,GTA,PEJUANG,410,0.41208515086336867,150,BATU PAHAT,Johor,99494,F,1,413,0.0
597,2022,ZAHARI OSMAN,,PRM,263,0.2643375479928438,150,BATU PAHAT,Johor,99494,F,1,155,0.0
195,2022,HASNI MOHAMMAD,BN,UMNO,18312,41.494640955337516,151,SIMPANG RENGGAM,Johor,44131,F,1,7.0,1.0
192,2022,MASZLEE MALEK,PH,PKR,16491,37.36828986426775,151,SIMPANG RENGGAM,Johor,44131,F,1,44.0,0.0
194,2022,MOHD FAZRUL KAMAT,PN,BERSATU,9077,20.568307992114388,151,SIMPANG RENGGAM,Johor,44131,F,1,306.0,0.0
193,2022,KAMAL KUSMIN,GTA,PUTRA,251,0.5687611882803472,151,SIMPANG RENGGAM,Johor,44131,F,1,303.0,0.0
502,2022,WONG SHU QI,PH,DAP,49801,52.081655703245104,152,KLUANG,Johor,95621,M,1,192,1.0
501,2022,GAN PING SIEU,BN,MCA,23395,24.466382907520316,152,KLUANG,Johor,95621,F,1,77,0.0
504,2022,DZULKARNAIN ALIAS,PN,BERSATU,22021,23.029460055845473,152,KLUANG,Johor,95621,F,1,141,0.0
503,2022,U RAMENDRAN,,IND,404,0.4225013333891091,152,KLUANG,Johor,95621,F,1,13,0.0
518,2022,HISHAMMUDDIN HUSSEIN,BN,UMNO,22572,55.14781333984852,153,SEMBRONG,Johor,40930,F,1,505,1.0
519,2022,HASNI ABAS,PH,PKR,11692,28.565844124114342,153,SEMBRONG,Johor,40930,F,1,443,0.0
520,2022,AZIZ ISMAIL,PN,BERSATU,6666,16.286342536037136,153,SEMBRONG,Johor,40930,F,1,487,0.0
437,2022,MUHAMMAD ISLAHUDDIN ABAS,PN,BERSATU,21066,44.91109879333134,154,MERSING,Johor,46906,F,1,886,1.0
439,2022,ABD LATIF BANDI,BN,UMNO,18729,39.92879375772822,154,MERSING,Johor,46906,F,1,817,0.0
435,2022,FATIN ZULAIKHA ZAIDI,PH,DAP,6813,14.524794269389844,154,MERSING,Johor,46906,M,1,830,0.0
438,2022,NURFATIMAH IBRAHIM,GTA,PEJUANG,209,0.4455719950539377,154,MERSING,Johor,46906,M,1,863,0.0
436,2022,ISMAIL DON,,IND,89,0.1897411844966529,154,MERSING,Johor,46906,F,1,823,0.0
177,2022,MANNDZRI NASIB,BN,UMNO,21185,41.25608568646543,155,TENGGARA,Johor,51350,F,1,214.0,1.0
179,2022,MOHD NAZARI MOKHTAR,PN,PAS,18194,35.43135345666991,155,TENGGARA,Johor,51350,F,1,538.0,0.0
180,2022,ZURAIDAH ZAINAB MOHD ZAIN,PH,PKR,11618,22.62512171372931,155,TENGGARA,Johor,51350,M,1,523.0,0.0
178,2022,M AZHAR PALAL,GTA,PUTRA,353,0.6874391431353457,155,TENGGARA,Johor,51350,F,1,433.0,0.0
403,2022,MOHAMED KHALED NORDIN,BN,UMNO,25410,53.68347664420172,156,KOTA TINGGI,Johor,47333,F,1,59,1.0
404,2022,MOHAMAD RIDHWAN RASMAN,PN,BERSATU,17020,35.95799970422327,156,KOTA TINGGI,Johor,47333,F,1,35,0.0
405,2022,ONN JAAFAR,PH,AMANAH,4903,10.35852365157501,156,KOTA TINGGI,Johor,47333,F,1,237,0.0
685,2022,AZALINA OTHMAN SAID,BN,UMNO,21738,51.95506692160612,157,PENGERANG,Johor,41840,M,1,374,1.0
684,2022,FAIRULNIZAR RAHMAT,PN,BERSATU,16728,39.98087954110898,157,PENGERANG,Johor,41840,F,1,521,0.0
686,2022,CHE ZAKARIA MOHD SALLEH,PH,AMANAH,3374,8.064053537284895,157,PENGERANG,Johor,41840,F,1,455,0.0
23,2022,JIMMY PUAH WEE TSE,PH,PKR,83959,49.98600898996815,158,TEBRAU,Johor,167965,F,1,474.0,1.0
24,2022,MOHAMAD ISA MOHAMAD BASIR,PN,BERSATU,53239,31.696484386628168,158,TEBRAU,Johor,167965,F,1,126.0,0.0
25,2022,WONG SIAW TING,BN,MCA,30767,18.317506623403684,158,TEBRAU,Johor,167965,M,1,314.0,0.0
498,2022,HASSAN ABDUL KARIM,PH,PKR,71233,47.71771168274384,159,PASIR GUDANG,Johor,149280,F,1,170,1.0
499,2022,MOHAMAD FARID ABDUL RAZAK,PN,BERSATU,39675,26.57757234726688,159,PASIR GUDANG,Johor,149280,F,1,384,0.0
497,2022,NOOR AZLEEN AMBROS,BN,UMNO,37369,25.032824222936764,159,PASIR GUDANG,Johor,149280,F,1,68,0.0
500,2022,MOHAMMAD RAFI BERAN,GTA,IMAN,1003,0.6718917470525188,159,PASIR GUDANG,Johor,149280,F,1,20,0.0
171,2022,AKMAL NASRULLAH MOHD NASIR,PH,PKR,43252,45.82119436822646,160,JOHOR BAHRU,Johor,94393,F,1,45.0,1.0
168,2022,JOHAN ARIFIN MOHD ROPI,BN,UMNO,27211,28.827349485661014,160,JOHOR BAHRU,Johor,94393,F,1,2.0,0.0
169,2022,MOHD MOHTAJ YACOB,PN,BERSATU,22075,23.38626804953757,160,JOHOR BAHRU,Johor,94393,F,1,63.0,0.0
170,2022,MOHD AKHIRI MAHMOOD,GTA,PEJUANG,1855,1.965188096574958,160,JOHOR BAHRU,Johor,94393,F,1,167.0,0.0
263,2022,SALAHUDDIN AYUB,PH,AMANAH,64900,55.32680323606387,161,PULAI,Johor,117303,F,1,54.0,1.0
261,2022,NUR JAZLAN MOHAMED,BN,UMNO,31726,27.04619660196244,161,PULAI,Johor,117303,F,1,21.0,0.0
262,2022,LOH KAH YONG,PN,GERAKAN,20677,17.627000161973694,161,PULAI,Johor,117303,F,1,74.0,0.0
343,2022,LIEW CHIN TONG,PH,DAP,96819,59.15139296187683,162,ISKANDAR PUTERI,Johor,163680,F,1,179,1.0
342,2022,TEOH SEW HOCK,BN,MCA,36783,22.4725073313783,162,ISKANDAR PUTERI,Johor,163680,F,1,25,0.0
341,2022,TAN NAM CHA,PN,BERSATU,30078,18.376099706744867,162,ISKANDAR PUTERI,Johor,163680,F,1,168,0.0
602,2022,TEO NIE CHING,PH,DAP,65529,56.85665449055556,163,KULAI,Johor,115253,M,1,848,1.0
601,2022,CHUA JIAN BOON,BN,MCA,29506,25.601068952651993,163,KULAI,Johor,115253,F,1,846,0.0
603,2022,TAN CHIN HOCK,PN,GERAKAN,20218,17.542276556792448,163,KULAI,Johor,115253,F,1,844,0.0
165,2022,AHMAD MASLAN,BN,UMNO,23201,40.81018803539076,164,PONTIAN,Johor,56851,F,1,41.0,1.0
164,2022,ISA AB HAMID,PN,BERSATU,17443,30.681958101000863,164,PONTIAN,Johor,56851,F,1,517.0,0.0
166,2022,SHAZWAN ZAINAL ABIDIN,PH,DAP,15901,27.969604756292764,164,PONTIAN,Johor,56851,F,1,325.0,0.0
167,2022,JAMALUDDIN MOHAMAD,GTA,DIRECT,306,0.5382491073156145,164,PONTIAN,Johor,56851,F,1,461.0,0.0
721,2022,WEE JECK SENG,BN,MCA,23593,43.22012163845534,165,TANJUNG PIAI,Johor,54588,F,1,271,1.0
722,2022,LIM WEI JIET,PH,MUDA,17233,31.569209350040303,165,TANJUNG PIAI,Johor,54588,F,1,65,0.0
720,2022,NAJWAH HALIMAH AB ALIM,PN,BERSATU,13762,25.21066901150436,165,TANJUNG PIAI,Johor,54588,M,1,287,0.0
1,2022,SUHAILI ABDUL RAHMAN,PN,BERSATU,8124,28.55636401982495,166,LABUAN,Sabah,28449,F,1,203.0,1.0
2,2022,BASHIR ALIAS,BN,UMNO,7416,26.067700094906677,166,LABUAN,Sabah,28449,F,1,347.0,0.0
4,2022,ROZMAN ISLI,,WARISAN,7310,25.695103518577103,166,LABUAN,Sabah,28449,F,1,432.0,0.0
3,2022,RAMLI TAHIR,PH,AMANAH,5307,18.654434250764528,166,LABUAN,Sabah,28449,F,1,508.0,0.0
5,2022,DAYANG RUSIMAH @ RAYNIE BT MOHD DIN,,PBM,202,0.7100425322506942,166,LABUAN,Sabah,28449,M,1,808.0,0.0
0,2022,RAMLE MAT DALY,GTA,PUTRA,90,0.3163555836760519,166,LABUAN,Sabah,28449,F,1,606.0,0.0
769,2022,VERDON BAHANDA,,IND,16323,36.186485767491355,167,KUDAT,Sabah,45108,F,1,575,1.0
766,2022,RUDDY AWAH,GRS,BERSATU,14356,31.825840205728475,167,KUDAT,Sabah,45108,F,1,218,0.0
768,2022,ABDUL RASHID ABDUL HARUN,,WARISAN,9421,20.88543052230203,167,KUDAT,Sabah,45108,F,1,712,0.0
770,2022,THONNY CHEE,PH,PKR,4726,10.477077236853773,167,KUDAT,Sabah,45108,F,1,841,0.0
767,2022,NUR ALYA HUMAIRAH USUN ABDULLAH,GTA,PEJUANG,282,0.6251662676243682,167,KUDAT,Sabah,45108,M,1,962,0.0
852,2022,WETROM BAHANDA,,KDM,24318,48.68858367036399,168,KOTA MARUDU,Sabah,49946,F,1,85,1.0
851,2022,MAXIMUS ONGKILI,GRS,PBS,16144,32.322908741440756,168,KOTA MARUDU,Sabah,49946,F,1,196,0.0
850,2022,JILID KUMINDING @ ZAINUDDIN,,WARISAN,5320,10.651503623913827,168,KOTA MARUDU,Sabah,49946,F,1,662,0.0
848,2022,SHARIZAL DENCI,PH,MUDA,3225,6.456973531413927,168,KOTA MARUDU,Sabah,49946,F,1,350,0.0
849,2022,NORMAN TULANG,,IND,660,1.3214271413126177,168,KOTA MARUDU,Sabah,49946,F,1,482,0.0
847,2022,MOHD AZMI ZULKIFLEE,GTA,PEJUANG,279,0.5586032915548793,168,KOTA MARUDU,Sabah,49946,F,1,569,0.0
837,2022,ISNARAISSAH MUNIRAH MAJILIS,,WARISAN,25148,46.538482891352224,169,KOTA BELUD,Sabah,54037,M,1,635,1.0
836,2022,ABDUL RAHMAN DAHLAN,BN,UMNO,20566,38.05910764846309,169,KOTA BELUD,Sabah,54037,F,1,269,0.0
835,2022,MADELY MODILY BANGALI,PH,PKR,8323,15.402409460184689,169,KOTA BELUD,Sabah,54037,F,1,724,0.0
819,2022,WILFRED MADIUS TANGAU,PH,UPKO,24943,42.83751524206983,170,TUARAN,Sabah,58227,F,1,359,1.0
824,2022,JONISTON BANGKUAI,GRS,PBS,24710,42.437357239768495,170,TUARAN,Sabah,58227,F,1,198,0.0
822,2022,JO-ANNA SUE HENLY RAMPAS,,WARISAN,5728,9.83736067460113,170,TUARAN,Sabah,58227,M,1,795,0.0
821,2022,NOORTAIP SUHAILI @ SUALEE,,IND,2008,3.448571968330843,170,TUARAN,Sabah,58227,F,1,692,0.0
823,2022,MUMININ KALINGKONG @ NORBINSHA,GTA,PEJUANG,445,0.7642502619059887,170,TUARAN,Sabah,58227,F,1,465,0.0
820,2022,BOBY LEWAT,,IND,393,0.6749446133237158,170,TUARAN,Sabah,58227,F,1,859,0.0
742,2022,MUSTAPHA SAKMUD,PH,PKR,27022,38.43593536640874,171,SEPANGGAR,Sabah,70304,F,1,253,1.0
740,2022,YAKUB KHAN,BN,UMNO,19980,28.419435593991807,171,SEPANGGAR,Sabah,70304,F,1,743,0.0
739,2022,MOHD AZIS JAMMAN,,WARISAN,18594,26.447997269003185,171,SEPANGGAR,Sabah,70304,F,1,423,0.0
743,2022,JUMARDIE LUKMAN,,KDM,3977,5.656861629494766,171,SEPANGGAR,Sabah,70304,F,1,616,0.0
741,2022,YUSOF KUNCHANG,GTA,PEJUANG,731,1.0397701411015021,171,SEPANGGAR,Sabah,70304,F,1,803,0.0
787,2022,CHAN FOONG HIN,PH,DAP,31359,71.0766092475068,172,KOTA KINABALU,Sabah,44120,F,1,453,1.0
784,2022,AMANDA YEO YAN YIN,,WARISAN,7576,17.171350861287397,172,KOTA KINABALU,Sabah,44120,M,1,175,0.0
788,2022,YEE TSAI YIEW,GRS,PBS,4592,10.407978241160471,172,KOTA KINABALU,Sabah,44120,M,1,18,0.0
786,2022,WINSTON LIAW KIT SIONG,,KDM,456,1.0335448776065277,172,KOTA KINABALU,Sabah,44120,F,1,687,0.0
785,2022,MARCEL JUDE,,IND,137,0.31051677243880327,172,KOTA KINABALU,Sabah,44120,F,1,607,0.0
763,2022,SHAHELMEY YAHYA,BN,UMNO,16234,39.35610560256006,173,PUTATAN,Sabah,41249,F,1,304,1.0
762,2022,AWANG HUSAINI SAHARI,PH,PKR,16110,39.05549225435768,173,PUTATAN,Sabah,41249,F,1,418,0.0
765,2022,AHMAD MOHD SAID,,WARISAN,8511,20.633227472181144,173,PUTATAN,Sabah,41249,F,1,551,0.0
764,2022,POYNE B TUDUS @ PATRICK PAYNE,GTA,IMAN,394,0.9551746709011127,173,PUTATAN,Sabah,41249,F,1,659,0.0
838,2022,EWON BENEDICK,PH,UPKO,29066,57.29548590577568,174,PENAMPANG,Sabah,50730,F,1,93,1.0
841,2022,DARELL LEIKING,,WARISAN,14656,28.890203035679086,174,PENAMPANG,Sabah,50730,F,1,576,0.0
840,2022,KENNY CHUA,GRS,STAR,6719,13.244628424995073,174,PENAMPANG,Sabah,50730,F,1,470,0.0
839,2022,RICHARD JIMMY,,IND,289,0.5696826335501676,174,PENAMPANG,Sabah,50730,F,1,292,0.0
810,2022,AMIRZAN MOHD ALI,GRS,BERSATU,22620,51.989243604771424,175,PAPAR,Sabah,43509,F,1,685,1.0
809,2022,AHMAD HASSAN,,WARISAN,10396,23.893907007745526,175,PAPAR,Sabah,43509,F,1,589,0.0
807,2022,HENRY SHIM CHEE ON,PH,DAP,9144,21.016341446597256,175,PAPAR,Sabah,43509,F,1,176,0.0
805,2022,NICHOLAS SYLVESTER,GTA,PEJUANG,783,1.7996276632420878,175,PAPAR,Sabah,43509,F,1,866,0.0
808,2022,JOHNNY SITAMIN,,IND,335,0.7699556413615574,175,PAPAR,Sabah,43509,F,1,771,0.0
806,2022,NORBERT CHIN,,IND,231,0.5309246362821485,175,PAPAR,Sabah,43509,F,1,918,0.0
842,2022,MOHAMAD ALAMIN,BN,UMNO,13004,41.85657267928415,176,KIMANIS,Sabah,31068,F,1,586,1.0
843,2022,DAUD YUSOF,,WARISAN,9967,32.08124114844856,176,KIMANIS,Sabah,31068,F,1,763,0.0
846,2022,AMAT MD YUSOF,,KDM,4013,12.916827603965496,176,KIMANIS,Sabah,31068,F,1,942,0.0
845,2022,ROWINDY LAWRENCE,PH,UPKO,3931,12.652890433886958,176,KIMANIS,Sabah,31068,M,1,669,0.0
844,2022,YUSOP OSMAN,GTA,PEJUANG,153,0.492468134414832,176,KIMANIS,Sabah,31068,F,1,822,0.0
760,2022,SITI AMINAH ACHING,BN,UMNO,10570,36.077547955491845,177,BEAUFORT,Sabah,29298,M,1,98,1.0
761,2022,JOHAIR MAT LANI,,KDM,8052,27.483104648781488,177,BEAUFORT,Sabah,29298,M,1,389,0.0
756,2022,DIKIN MUSAH,PH,PKR,7835,26.742439756979998,177,BEAUFORT,Sabah,29298,F,1,705,0.0
759,2022,MASRI ADUL,,WARISAN,2152,7.345211277220288,177,BEAUFORT,Sabah,29298,F,1,785,0.0
758,2022,JOHAN @ CHRISTOPHER O T GHANI,,IND,546,1.8636084374360025,177,BEAUFORT,Sabah,29298,F,1,876,0.0
757,2022,MATLANI SABLI,,IND,143,0.4880879240903816,177,BEAUFORT,Sabah,29298,F,1,931,0.0
748,2022,MATBALI MUSA,GRS,BERSATU,14459,49.753965796084096,178,SIPITANG,Sabah,29061,F,1,4,1.0
750,2022,ADNAN OKK PUTEH,,WARISAN,9768,33.612057396510785,178,SIPITANG,Sabah,29061,F,1,260,0.0
749,2022,LAHIRUL LATIGU,PH,AMANAH,4834,16.633976807405112,178,SIPITANG,Sabah,29061,F,1,103,0.0
826,2022,JONATHAN YASIN,GRS,BERSATU,22606,53.4446073100383,179,RANAU,Sabah,42298,F,1,944,1.0
825,2022,JAHALAN TAUFIK SHAM,PH,PKR,11514,27.221145207811244,179,RANAU,Sabah,42298,F,1,545,0.0
829,2022,EWON EBIN,,PBRS,4254,10.057213107002696,179,RANAU,Sabah,42298,F,1,624,0.0
828,2022,MARKOS SITON,,WARISAN,2657,6.281620880419878,179,RANAU,Sabah,42298,F,1,990,0.0
827,2022,AZIZUL JULIRIN,GTA,PEJUANG,1267,2.995413494727883,179,RANAU,Sabah,42298,F,1,730,0.0
782,2022,JEFFREY KITINGAN,GRS,STAR,23155,42.198206735675754,180,KENINGAU,Sabah,54872,F,1,526,1.0
780,2022,GRELYDIA GILLOD,PH,DAP,15099,27.516766292462457,180,KENINGAU,Sabah,54872,M,1,199,0.0
783,2022,JAKE NOINTIN,,KDM,9598,17.49161685376877,180,KENINGAU,Sabah,54872,F,1,344,0.0
781,2022,RASININ KOUTIS @ KAUTIS,,WARISAN,7020,12.793410118093016,180,KENINGAU,Sabah,54872,F,1,22,0.0
832,2022,RIDUAN RUBIN,,IND,10027,34.99947642151559,181,TENOM,Sabah,28649,F,1,713,1.0
830,2022,NOORITA SUAL,PH,DAP,8919,31.131976683304828,181,TENOM,Sabah,28649,M,1,276,0.0
831,2022,JAMAWI JAAFAR,BN,UMNO,8625,30.105762853851793,181,TENOM,Sabah,28649,F,1,560,0.0
833,2022,UKIN BUANDI,,WARISAN,992,3.462599043596635,181,TENOM,Sabah,28649,F,1,762,0.0
834,2022,PEGGY CHAW ZHI TING,,IND,86,0.3001849977311599,181,TENOM,Sabah,28649,M,1,801,0.0
799,2022,ARTHUR JOSEPH KURUP,BN,PBRS,19623,52.87793047696039,182,PENSIANGAN,Sabah,37110,F,1,89,1.0
798,2022,SANGKAR RASAM,PH,PKR,14211,38.294260307194826,182,PENSIANGAN,Sabah,37110,F,1,338,0.0
797,2022,JEKERISON KILAN,,KDM,1640,4.419293990838049,182,PENSIANGAN,Sabah,37110,F,1,566,0.0
796,2022,SITI NOORHASMAHWATTY OSMAN,,WARISAN,1512,4.074373484236055,182,PENSIANGAN,Sabah,37110,F,1,793,0.0
795,2022,JAMANI DERIMIN @ GAMPALID,GTA,PEJUANG,124,0.33414174077068176,182,PENSIANGAN,Sabah,37110,F,1,235,0.0
737,2022,RONALD KIANDEE,PN,BERSATU,11303,38.53207881639054,183,BELURAN,Sabah,29334,F,1,893,1.0
734,2022,BENEDICT ASMAT,BN,UMNO,9709,33.09811140655894,183,BELURAN,Sabah,29334,F,1,1058,0.0
738,2022,FELIX JOSEPH SAANG,PH,UPKO,4460,15.204199904547623,183,BELURAN,Sabah,29334,F,1,1015,0.0
735,2022,ROWIENA RASID,,WARISAN,3707,12.637212790618396,183,BELURAN,Sabah,29334,M,1,1078,0.0
736,2022,HAUSING SUDIN @ SAMSUDIN,GTA,PEJUANG,155,0.5283970818845026,183,BELURAN,Sabah,29334,F,1,1032,0.0
776,2022,SUHAIMI NASIR,BN,UMNO,22969,51.579798342727535,184,LIBARAN,Sabah,44531,F,1,549,1.0
772,2022,PETER JR NAINTIN,PH,UPKO,10351,23.244481372527005,184,LIBARAN,Sabah,44531,F,1,113,0.0
775,2022,SH BOKRATA SH HASSAN,,WARISAN,9185,20.62608070782152,184,LIBARAN,Sabah,44531,F,1,634,0.0
774,2022,JEFFRI @ AMAT PUDANG,GTA,PEJUANG,826,1.8548876063865622,184,LIBARAN,Sabah,44531,F,1,736,0.0
773,2022,AMDAN TUMPONG,,IND,659,1.4798679571534437,184,LIBARAN,Sabah,44531,F,1,976,0.0
771,2022,NORDIN KHANI,,PPRS,541,1.2148840133839347,184,LIBARAN,Sabah,44531,F,1,901,0.0
804,2022,KHAIRUL FIRDAUS AKBARKHAN,GRS,BERSATU,12152,44.94581499426712,185,BATU SAPI,Sabah,27037,F,1,548,1.0
800,2022,LIAU FUI FUI,PH,DAP,7331,27.11469467766394,185,BATU SAPI,Sabah,27037,M,1,204,0.0
803,2022,ALIAS SANI,,WARISAN,7218,26.696748899656026,185,BATU SAPI,Sabah,27037,F,1,450,0.0
802,2022,BONI YUSUF ABDULLAH,GTA,PUTRA,176,0.6509597958353368,185,BATU SAPI,Sabah,27037,F,1,274,0.0
801,2022,OTHMAN AHMAD,,IND,160,0.5917816325775789,185,BATU SAPI,Sabah,27037,F,1,756,0.0
792,2022,VIVIAN WONG SHIR YEE,PH,DAP,16673,53.924771176299366,186,SANDAKAN,Sabah,30919,M,1,227,1.0
793,2022,ALEX THIEN CHIN QIANG,,WARISAN,5642,18.2476794204211,186,SANDAKAN,Sabah,30919,F,1,330,0.0
791,2022,THOMAS LAU CHEE KEONG,GRS,SAPP,5054,16.34593615576183,186,SANDAKAN,Sabah,30919,F,1,148,0.0
789,2022,PETER HII,,IND,2342,7.574630486108865,186,SANDAKAN,Sabah,30919,F,1,17,0.0
790,2022,SYEIKH LOKEMAN,,IND,962,3.1113554772146577,186,SANDAKAN,Sabah,30919,F,1,420,0.0
794,2022,LITA TAN ABDULLAH,,IND,246,0.7956272841941848,186,SANDAKAN,Sabah,30919,M,1,582,0.0
812,2022,BUNG MOKTAR RADIN,BN,UMNO,16842,57.375485453430535,187,KINABATANGAN,Sabah,29354,F,1,590,1.0
811,2022,MOHD ISMAIL AYOB,,WARISAN,12512,42.624514546569465,187,KINABATANGAN,Sabah,29354,M,1,657,0.0
778,2022,MOHAMMAD YUSOF APDAL,,WARISAN,27116,46.63513629718806,188,LAHAD DATU,Sabah,58145,F,1,644,1.0
779,2022,MAIZATUL AKMAM ALAWI,BN,UMNO,22740,39.10912374236822,188,LAHAD DATU,Sabah,58145,M,1,236,0.0
777,2022,OSCAR SIA YU HOCK,PH,DAP,8289,14.255739960443718,188,LAHAD DATU,Sabah,58145,F,1,732,0.0
745,2022,SHAFIE APDAL,,WARISAN,28702,73.76699478269809,189,SEMPORNA,Sabah,38909,F,1,774,1.0
746,2022,NIXON ABDUL HABI,GRS,BERSATU,7892,20.283224960805985,189,SEMPORNA,Sabah,38909,F,1,578,0.0
744,2022,ARASTAM PANDOROG,PH,PKR,1848,4.749543807345344,189,SEMPORNA,Sabah,38909,F,1,1191,0.0
747,2022,AB RAJIK AB HAMID,GTA,PEJUANG,467,1.2002364491505821,189,SEMPORNA,Sabah,38909,F,1,351,0.0
818,2022,LO SU FUI,GRS,PBS,19865,39.191508670862355,190,TAWAU,Sabah,50687,F,1,806,1.0
816,2022,CHRISTINA LIEW CHIN JIN,PH,PKR,16065,31.69451733186024,190,TAWAU,Sabah,50687,M,1,665,0.0
813,2022,CHEN KET CHUIN,,WARISAN,11263,22.22068775031073,190,TAWAU,Sabah,50687,F,1,759,0.0
815,2022,MOHD SALLEH BACHO,,IND,1776,3.503857004754671,190,TAWAU,Sabah,50687,F,1,981,0.0
817,2022,HERMAN AMDAS,GTA,PEJUANG,1067,2.1050762522934874,190,TAWAU,Sabah,50687,F,1,906,0.0
814,2022,CHIN CHEE SYN,,IND,651,1.2843529899185195,190,TAWAU,Sabah,50687,F,1,1021,0.0
752,2022,ANDI MUHAMMAD SURYADY BANDY,BN,UMNO,23855,47.681391165300816,191,KALABAKAN,Sabah,50030,F,1,554,1.0
753,2022,MA'MUN SULAIMAN,,WARISAN,14755,29.492304617229664,191,KALABAKAN,Sabah,50030,F,1,464,0.0
755,2022,NORAINI ABD GHAPUR,PH,PKR,9398,18.784729162502497,191,KALABAKAN,Sabah,50030,M,1,357,0.0
751,2022,NUR AINI ABDUL RAHMAN,GTA,PEJUANG,1681,3.3599840095942435,191,KALABAKAN,Sabah,50030,M,1,219,0.0
754,2022,MUHAMAD,,IND,341,0.6815910453727764,191,KALABAKAN,Sabah,50030,F,1,850,0.0
941,2022,MORDI BIMOL,PH,DAP,17274,55.04955543516365,192,MAS GADING,Sarawak,31379,F,1,1259,1.0
940,2022,LIDANG DISEN,GPS,PDP,11794,37.58564645144842,192,MAS GADING,Sarawak,31379,F,1,1089,0.0
939,2022,RYAN SIM MIN LEONG,,PBK,2311,7.364798113387935,192,MAS GADING,Sarawak,31379,F,1,1274,0.0
886,2022,NANCY SHUKRI,GPS,PBB,43739,84.42355575286147,193,SANTUBONG,Sarawak,51809,M,1,799,1.0
888,2022,MOHAMAD ZEN PELI,PH,AMANAH,5058,9.762782528132178,193,SANTUBONG,Sarawak,51809,F,1,1044,0.0
887,2022,AFFENDI JEMAN,,IND,3012,5.81366171900635,193,SANTUBONG,Sarawak,51809,F,1,1068,0.0
880,2022,FADILLAH YUSOF,GPS,PBB,54745,79.15359368448448,194,PETRA JAYA,Sarawak,69163,F,1,1136,1.0
881,2022,SOFIAN JULAIHI,PH,PKR,13382,19.34849558289837,194,PETRA JAYA,Sarawak,69163,F,1,1119,0.0
882,2022,OTHMAN ABDILLAH,,SEDAR,1036,1.4979107326171508,194,PETRA JAYA,Sarawak,69163,F,1,1148,0.0
938,2022,KELVIN YII LEE WUEN,PH,DAP,45353,71.3377900117971,195,BANDAR KUCHING,Sarawak,63575,F,1,552,1.0
936,2022,TAY TZE KOK,GPS,SUPP,16462,25.893826189539915,195,BANDAR KUCHING,Sarawak,63575,F,1,1164,0.0
937,2022,VOON LEE SHAN,,PBK,1760,2.7683837986629967,195,BANDAR KUCHING,Sarawak,63575,F,1,1187,0.0
942,2022,CHONG CHIENG JEN,PH,DAP,39310,53.29952679890987,196,STAMPIN,Sarawak,73753,F,1,953,1.0
943,2022,LO KHERE CHANG,GPS,SUPP,32152,43.59415888167261,196,STAMPIN,Sarawak,73753,F,1,883,0.0
944,2022,LUE CHENG HING,,PBK,2291,3.1063143194175153,196,STAMPIN,Sarawak,73753,F,1,915,0.0
857,2022,RUBIAH WANG,GPS,PBB,42278,76.71426756908784,197,KOTA SAMARAHAN,Sarawak,55111,M,1,451,1.0
858,2022,ABANG ABDUL HALIL ABANG NAILI,PH,AMANAH,12833,23.28573243091216,197,KOTA SAMARAHAN,Sarawak,55111,F,1,853,0.0
892,2022,WILLIE MONGIN,GPS,PBB,29457,57.584939594166634,198,PUNCAK BORNEO,Sarawak,51154,F,1,986,1.0
893,2022,DIOG DIOS,PH,PKR,16119,31.510732298549478,198,PUNCAK BORNEO,Sarawak,51154,F,1,1108,0.0
894,2022,IANA ANAK AKAM,,PBK,5578,10.904328107283888,198,PUNCAK BORNEO,Sarawak,51154,F,1,378,0.0
854,2022,RICHARD RIOT JAEM,GPS,SUPP,22876,57.22719767849102,199,SERIAN,Sarawak,39974,F,1,1203,1.0
853,2022,ALIM IMPIRA,,IND,6179,15.457547405813779,199,SERIAN,Sarawak,39974,F,1,1245,0.0
855,2022,ELSIY TINGANG,,PSB,5630,14.084154700555361,199,SERIAN,Sarawak,39974,M,1,1226,0.0
856,2022,LEARRY JABUL,PH,DAP,5289,13.231100215139842,199,SERIAN,Sarawak,39974,F,1,1261,0.0
923,2022,RODIYAH SAPIEE,GPS,PBB,18668,83.17961056899702,200,BATANG SADONG,Sarawak,22443,M,1,1144,1.0
924,2022,LAHAJI LAHIYA,PH,AMANAH,3775,16.820389431002987,200,BATANG SADONG,Sarawak,22443,F,1,1169,0.0
867,2022,MOHAMAD SHAFIZAN KEPLI,GPS,PBB,19627,71.21811386479916,201,BATANG LUPAR,Sarawak,27559,F,1,932,1.0
869,2022,HAMDAN SANI,PN,PAS,5164,18.737980333103522,201,BATANG LUPAR,Sarawak,27559,F,1,1125,0.0
868,2022,WEL @ MAXWEL AK ROJIS,PH,AMANAH,2768,10.043905802097319,201,BATANG LUPAR,Sarawak,27559,F,1,867,0.0
859,2022,DORIS SOPHIA BRODI,GPS,PRS,14131,44.274211235391796,202,SRI AMAN,Sarawak,31917,M,1,1107,1.0
860,2022,WILSON ANAK ENTABANG,,PSB,10092,31.619513112134598,202,SRI AMAN,Sarawak,31917,F,1,1208,0.0
861,2022,MASIR ANAK KUJAT,,IND,5673,17.774226901024534,202,SRI AMAN,Sarawak,31917,F,1,1232,0.0
862,2022,TAY WEI WEI,PH,PKR,2021,6.332048751449071,202,SRI AMAN,Sarawak,31917,F,1,1188,0.0
872,2022,ROY ANGAU GINGKOI,GPS,PRS,6644,34.43557582668187,203,LUBOK ANTU,Sarawak,19294,F,1,689,1.0
871,2022,JOHNICHAL RAYONG NGIPA,,PSB,6544,33.91727998341453,203,LUBOK ANTU,Sarawak,19294,F,1,358,0.0
870,2022,JUGAH MUYANG,PN,BERSATU,5360,27.780657199129262,203,LUBOK ANTU,Sarawak,19294,F,1,600,0.0
873,2022,LANGGA LIAS,PH,PKR,746,3.8664869907743338,203,LUBOK ANTU,Sarawak,19294,F,1,1061,0.0
901,2022,RICHARD RAPU @ AMAN BEGRI,GPS,PBB,16479,61.68906524912964,204,BETONG,Sarawak,26713,F,1,999,1.0
899,2022,PATRICK KHAMIS,PH,PKR,5177,19.38007711601093,204,BETONG,Sarawak,26713,F,1,812,0.0
900,2022,HASBIE SATAR,,IND,5057,18.930857634859432,204,BETONG,Sarawak,26713,F,1,1039,0.0
890,2022,ALI BIJU,PN,BERSATU,19223,62.32936675205084,205,SARATOK,Sarawak,30841,F,1,1086,1.0
889,2022,GIENDAM JONATHAN TAIT,GPS,PDP,10397,33.71161765182711,205,SARATOK,Sarawak,30841,F,1,436,0.0
891,2022,IBIL JAYA,PH,PKR,1221,3.9590155961220455,205,SARATOK,Sarawak,30841,F,1,958,0.0
895,2022,YUSOF ABDUL WAHAB,GPS,PBB,16474,86.52310924369748,206,TANJUNG MANIS,Sarawak,19040,F,1,764,1.0
896,2022,ZAINAB SUHAILI,PH,AMANAH,2566,13.47689075630252,206,TANJUNG MANIS,Sarawak,19040,M,1,191,0.0
934,2022,AHMAD JOHNIE ZAWAWI,GPS,PBB,15824,93.15907217708701,207,IGAN,Sarawak,16986,F,1,755,1.0
935,2022,ANDRI ZULKARNAEN HAMDEN,PH,AMANAH,1162,6.840927822912987,207,IGAN,Sarawak,16986,F,1,804,0.0
921,2022,HUANG TIONG SII,GPS,SUPP,20080,55.06952252968763,208,SARIKEI,Sarawak,36463,F,1,202,1.0
922,2022,RODERICK WONG SIEW LEAD,PH,DAP,16383,44.93047747031237,208,SARIKEI,Sarawak,36463,F,1,323,0.0
865,2022,LARRY SNG WEI SHIEN,,PBM,9159,40.63983671296091,209,JULAU,Sarawak,22537,F,1,1027,1.0
864,2022,JOSEPH SALANG GANDUM,GPS,PRS,7819,34.69405865909393,209,JULAU,Sarawak,22537,F,1,541,0.0
866,2022,ELLY LAWAI NGALAI,,IND,5224,23.179660114478413,209,JULAU,Sarawak,22537,F,1,264,0.0
863,2022,SUSAN GEORGE,,PBDS,335,1.4864445134667437,209,JULAU,Sarawak,22537,M,1,1001,0.0
918,2022,AARON AGO DAGANG,GPS,PRS,7411,41.07410075929723,210,KANOWIT,Sarawak,18043,F,1,475,1.0
916,2022,MOHD FAUZI ABDULLAH@JOSEPH,PH,PKR,7175,39.76611428254725,210,KANOWIT,Sarawak,18043,F,1,929,0.0
920,2022,MICHAEL ANAK LIAS,,IND,2289,12.686360361358975,210,KANOWIT,Sarawak,18043,F,1,855,0.0
919,2022,GEORGE CHEN,,IND,741,4.106855844371778,210,KANOWIT,Sarawak,18043,F,1,947,0.0
917,2022,ELLI LUHAT,,IND,427,2.366568752424763,210,KANOWIT,Sarawak,18043,F,1,1186,0.0
876,2022,ALICE LAU KIONG YIENG,PH,DAP,30120,56.8881501907604,211,LANANG,Sarawak,52946,M,1,595,1.0
877,2022,WONG CHING YONG,GPS,SUPP,18576,35.08480338458052,211,LANANG,Sarawak,52946,F,1,648,0.0
875,2022,PRISCILLA LAU,,PBK,3663,6.918369659653232,211,LANANG,Sarawak,52946,M,1,709,0.0
874,2022,WONG TIING KIONG,,IND,587,1.108676765005855,211,LANANG,Sarawak,52946,F,1,972,0.0
925,2022,OSCAR LING CHAI YEW,PH,DAP,31287,47.44624063571017,212,SIBU,Sarawak,65942,F,1,157,1.0
926,2022,CLARENCE TING ING HORH,GPS,SUPP,23527,35.678323375087196,212,SIBU,Sarawak,65942,F,1,897,0.0
927,2022,WONG SOON KOH,,PSB,11128,16.875435989202632,212,SIBU,Sarawak,65942,F,1,385,0.0
902,2022,HANIFAH HAJAR TAIB,GPS,PBB,21733,78.23254139668826,213,MUKAH,Sarawak,27780,M,1,1060,1.0
903,2022,ABDUL JALIL BUJANG,PH,PKR,6047,21.767458603311734,213,MUKAH,Sarawak,27780,F,1,1076,0.0
905,2022,EDWIN BANTA,GPS,PRS,16078,55.83414363105987,214,SELANGAU,Sarawak,28796,F,1,836,1.0
904,2022,UMPANG SALANG,PH,PKR,11092,38.519238783164326,214,SELANGAU,Sarawak,28796,F,1,1073,0.0
906,2022,HENRY JOSEPH USAU,,IND,1626,5.646617585775802,214,SELANGAU,Sarawak,28796,F,1,1098,0.0
928,2022,ALEXANDER NANTA LINGGI,GPS,PBB,16522,75.10341379153598,215,KAPIT,Sarawak,21999,F,1,1018,1.0
929,2022,KHUSYAIRY PANGKAS ABDULLAH,PH,PKR,4120,18.72812400563662,215,KAPIT,Sarawak,21999,F,1,1043,0.0
930,2022,ROBERT SAWENG,,PBDS,1357,6.168462202827401,215,KAPIT,Sarawak,21999,F,1,1120,0.0
898,2022,UGAK KUMBONG,GPS,PRS,15456,66.03152902977742,216,HULU RAJANG,Sarawak,23407,F,1,943,1.0
897,2022,ABUN SUI ANYIT,PH,PKR,7951,33.96847097022258,216,HULU RAJANG,Sarawak,23407,F,1,794,0.0
884,2022,TIONG KING SING,GPS,PDP,43455,61.732867371292194,217,BINTULU,Sarawak,70392,F,1,1234,1.0
885,2022,TONY CHIEW CHAN YEW,PH,DAP,21287,30.240652346857598,217,BINTULU,Sarawak,70392,F,1,1253,0.0
883,2022,DUKE JANTENG,PN,BERSATU,5650,8.02648028185021,217,BINTULU,Sarawak,70392,F,1,1222,0.0
910,2022,LUKANISMAN AWANG SAUNI,GPS,PBB,22150,65.30840901049652,218,SIBUTI,Sarawak,33916,F,1,174,1.0
911,2022,ZOLHAIDAH SUBOH,PH,PKR,10405,30.67873569996462,218,SIBUTI,Sarawak,33916,M,1,1210,0.0
912,2022,BOBBY WILLIAM,,PBDS,1361,4.0128552895388605,218,SIBUTI,Sarawak,33916,F,1,1143,0.0
933,2022,CHIEW CHOON MAN,PH,PKR,39549,50.60782105748068,219,MIRI,Sarawak,78148,F,1,502,1.0
931,2022,JEFFREY PHANG SIAW FOONG,GPS,SUPP,33390,42.726621282694374,219,MIRI,Sarawak,78148,F,1,1200,0.0
932,2022,LAWRENCE LAI,,PSB,5209,6.665557659824947,219,MIRI,Sarawak,78148,F,1,1170,0.0
907,2022,ANYI NGAU,GPS,PDP,0,0.0,220,BARAM,Sarawak,0,F,0,642,0.0
908,2022,ROLAND ENGAN,PH,PKR,0,0.0,220,BARAM,Sarawak,0,F,0,402,0.0
909,2022,WILFRED ENTIKA,,IND,0,0.0,220,BARAM,Sarawak,0,F,0,573,0.0
879,2022,HASBI HABIBOLLAH,GPS,PBB,14897,75.25257627803596,221,LIMBANG,Sarawak,19796,F,1,246,1.0
878,2022,RACHA BALANG,PH,PKR,4899,24.747423721964033,221,LIMBANG,Sarawak,19796,F,1,874,0.0
915,2022,HENRY SUM AGONG,GPS,PBB,11361,62.39565026362039,222,LAWAS,Sarawak,18208,F,1,978,1.0
914,2022,BARU BIAN,,PSB,5684,31.217047451669597,222,LAWAS,Sarawak,18208,F,1,912,0.0
913,2022,JAPAR SUYUT,PH,PKR,1163,6.387302284710017,222,LAWAS,Sarawak,18208,F,1,729,0.0
