year,name,coalition,party,party_code,votes,vote_share,parliament_code_digits,dunCode,threeDunCode,constituency,state,total_votes,gender,results_added,spr_id,winner
2023,RAJENDARAN A/L NADARAJAN,BEBAS,BEBAS,BEBAS,364,0.6115591397849462,017,01734,034,PADANG SERAI,KEDAH,59520,M,1,,0
2023,PANNIR SELVAM A/L S SUPPIAH,BEBAS,BEBAS,BEBAS,148,0.24865591397849462,017,01734,034,PADANG SERAI,KEDAH,59520,M,1,,0
2023,ARICHINDAREM A/L SINAPPAYEN,BEBAS,BEBAS,BEBAS,417,0.7006048387096774,017,01734,034,PADANG SERAI,KEDAH,59520,M,1,,0
2023,ABDUL BIN RAMLI,BEBAS,BEBAS,BEBAS,312,1.4456491520711705,005,00503,003,JERLUN,KEDAH,21582,M,1,,0
2023,DINESH A/L MUNIANDY,BEBAS,BEBAS,BEBAS,375,0.6729354340882173,014,01425,025,MERBOK,KEDAH,55726,M,1,,0
2023,KU ABDUL HALIM BIN KU ISMAIL,BEBAS,BEBAS,BEBAS,176,0.7787955219257489,012,01221,021,JERAI,KEDAH,22599,M,1,,0
2023,MAZLAN BIN AHMAD,BEBAS,BEBAS,BEBAS,2013,9.69139665880314,004,00402,002,LANGKAWI,KEDAH,20771,M,1,,0
2023,SAFWAN HANIF BIN SHAFIE,BEBAS,BEBAS,BEBAS,6877,30.4009548649485,004,00401,001,LANGKAWI,KEDAH,22621,M,1,,0
2023,ZULFADLI BIN MOHD YUSOFF,BEBAS,BEBAS,BEBAS,134,0.5923699217541223,004,00401,001,LANGKAWI,KEDAH,22621,M,1,,0
2023,NOOR AZMAN BIN BASHARON @ CHE MAN,BEBAS,BEBAS,BEBAS,241,0.9471408921202594,008,00811,011,POKOK SENA,KEDAH,25445,M,1,,0
2023,TAN KOK YEW,PH,PAKATAN HARAPAN,PH,10771,42.330516800943215,008,00811,011,POKOK SENA,KEDAH,25445,M,1,,0
2023,BAU WONG A/L BAU EK,PH,PAKATAN HARAPAN,PH,21859,51.115424188569826,015,01529,029,SUNGAI PETANI,KEDAH,42764,M,1,,1
2023,TEH SWEE LEONG,PH,PAKATAN HARAPAN,PH,11178,66.91009218244942,009,00913,013,ALOR SETAR,KEDAH,16706,M,1,,1
2023,ZAINAL ABIDIN BIN SAAD,PH,PAKATAN HARAPAN,PH,5410,15.573274993523128,011,01118,018,PENDANG,KEDAH,34739,M,1,,0
2023,RIDZWAN BIN ABU BAKAR,PH,PAKATAN HARAPAN,PH,4215,17.653710839336572,007,00707,007,PADANG TERAP,KEDAH,23876,M,1,,0
2023,MAZLI BINTI SAIPI,PH,PAKATAN HARAPAN,PH,3626,16.937593423019432,013,01323,023,SIK,KEDAH,21408,F,1,,0
2023,MOHAMMED FIRDAUS BIN JOHARI,PH,PAKATAN HARAPAN,PH,11187,38.63181158919815,012,01222,022,JERAI,KEDAH,28958,M,1,,0
2023,HADZIR BIN MD.ZAIN,PH,PAKATAN HARAPAN,PH,4780,17.18126595018152,008,00810,010,POKOK SENA,KEDAH,27821,M,1,,0
2023,MOHD ASMIRUL ANUAR BIN ARIS,PH,PAKATAN HARAPAN,PH,12165,34.64232828340358,010,01016,016,KUALA KEDAH,KEDAH,35116,M,1,,0
2023,AHMAD FAUZI BIN CHIK,PH,PAKATAN HARAPAN,PH,5394,25.968898945645368,004,00402,002,LANGKAWI,KEDAH,20771,M,1,,0
2023,SUMMUGAM A/L RENGASAMY,PH,PAKATAN HARAPAN,PH,21843,39.19714316477048,014,01425,025,MERBOK,KEDAH,55726,M,1,,0
2023,SABRINA BINTI AHMAD,PH,PAKATAN HARAPAN,PH,11170,24.542977676217262,006,00606,006,KUBANG PASU,KEDAH,45512,F,1,,0
2023,MUHAMMAD SUHAIMI BIN HAMZAH,PH,PAKATAN HARAPAN,PH,7091,21.194368891412857,016,01631,031,BALING,KEDAH,33457,M,1,,0
2023,SALMEE BINTI SAID,PH,PAKATAN HARAPAN,PH,4090,18.950977666573998,005,00503,003,JERLUN,KEDAH,21582,F,1,,0
2023,ZAMRI BIN YUSUF,PH,PAKATAN HARAPAN,PH,10151,35.55890286194697,009,00912,012,ALOR SETAR,KEDAH,28547,M,1,,0
2023,SHAMSUL ANUAR BIN ABDULLAH,PH,PAKATAN HARAPAN,PH,27054,45.453629032258064,017,01734,034,PADANG SERAI,KEDAH,59520,M,1,,0
2023,MAHFUZ BIN OMAR,PH,PAKATAN HARAPAN,PH,8832,31.80639585133967,009,00914,014,ALOR SETAR,KEDAH,27768,M,1,,0
2023,ISMAIL BIN SALLEH,PH,PAKATAN HARAPAN,PH,11317,33.61551713895325,010,01017,017,KUALA KEDAH,KEDAH,33666,M,1,,0
2023,TEH LEAN ONG,PH,PAKATAN HARAPAN,PH,15536,40.0267944556088,018,01835,035,KULIM-BANDAR BAHARU,KEDAH,38814,M,1,,0
2023,SITI BALKHIS BINTI HUSAIN,PH,PAKATAN HARAPAN,PH,4096,15.116622379687039,012,01220,020,JERAI,KEDAH,27096,F,1,,0
2023,LOH WEI CHAI,PH,PAKATAN HARAPAN,PH,21889,54.40558745308578,015,01528,028,SUNGAI PETANI,KEDAH,40233,M,1,,1
2023,TAN KEE CHYE,PRM,PARTI RAKYAT MALAYSIA,PRM,138,0.3430020132726866,015,01528,028,SUNGAI PETANI,KEDAH,40233,M,1,,0
2023,KHAIRUL ANUAR BIN RAMLI,PN,PERIKATAN NASIONAL,PN,31537,52.98555107526882,017,01734,034,PADANG SERAI,KEDAH,59520,M,1,,1
2023,TAI KUANG TEE,PN,PERIKATAN NASIONAL,PN,18206,45.25141053364154,015,01528,028,SUNGAI PETANI,KEDAH,40233,M,1,,0
2023,HALIMATON SHAADIAH BINTI SAAD,PN,PERIKATAN NASIONAL,PN,24551,72.92087442081503,006,00605,005,KUBANG PASU,KEDAH,33668,F,1,,1
2023,WONG CHIA ZHEN,PN,PERIKATAN NASIONAL,PN,23278,59.97320554439119,018,01835,035,KULIM-BANDAR BAHARU,KEDAH,38814,M,1,,1
2023,MANSOR BIN ZAKARIA,PN,PERIKATAN NASIONAL,PN,24872,74.96307905602941,016,01632,032,BALING,KEDAH,33179,M,1,,1
2023,MUHAMMAD SANUSI BIN MD NOR,PN,PERIKATAN NASIONAL,PN,21823,79.08030149297,013,01324,024,SIK,KEDAH,27596,M,1,,1
2023,MOHD AZAM BIN ABD SAMAT,PN,PERIKATAN NASIONAL,PN,23000,84.88337762031296,012,01220,020,JERAI,KEDAH,27096,M,1,,1
2023,SALIM BIN MAHMOOD,PN,PERIKATAN NASIONAL,PN,24183,78.12308189307059,008,00809,009,POKOK SENA,KEDAH,30955,M,1,,1
2023,MARDHIYYAH BINTI JOHARI,PN,PERIKATAN NASIONAL,PN,22349,66.38448286104676,010,01017,017,KUALA KEDAH,KEDAH,33666,F,1,,1
2023,RASHIDI BIN RAZAK,PN,PERIKATAN NASIONAL,PN,21738,78.63266413456321,010,01015,015,KUALA KEDAH,KEDAH,27645,M,1,,1
2023,MUHAMAD RADHI BIN MAT DIN,PN,PERIKATAN NASIONAL,PN,18936,68.19360414866033,009,00914,014,ALOR SETAR,KEDAH,27768,M,1,,1
2023,DZOWAHIR BIN AB GHANI,PN,PERIKATAN NASIONAL,PN,18396,64.44109713805304,009,00912,012,ALOR SETAR,KEDAH,28547,M,1,,1
2023,MOHD RADZI BIN MD AMIN,PN,PERIKATAN NASIONAL,PN,14397,64.21212256366799,007,00708,008,PADANG TERAP,KEDAH,22421,M,1,,1
2023,MOHD ASHRAF MUSTAQIM BIN BADRUL MUNIR,PN,PERIKATAN NASIONAL,PN,17180,79.60337318135483,005,00503,003,JERLUN,KEDAH,21582,M,1,,1
2023,HANIF BIN GHAZALI,PN,PERIKATAN NASIONAL,PN,31996,76.93750450862048,014,01426,026,MERBOK,KEDAH,41587,M,1,,1
2023,MOHD TAUFIK BIN YAACOB,PN,PERIKATAN NASIONAL,PN,27287,73.76459775086505,016,01630,030,BALING,KEDAH,36992,M,1,,1
2023,AZIZAN BIN HAMZAH,PN,PERIKATAN NASIONAL,PN,33508,60.129921401141296,014,01425,025,MERBOK,KEDAH,55726,M,1,,1
2023,HAIM HILMAN BIN ABDULLAH,PN,PERIKATAN NASIONAL,PN,34342,75.45702232378274,006,00606,006,KUBANG PASU,KEDAH,45512,M,1,,1
2023,SHARIR BIN LONG,PN,PERIKATAN NASIONAL,PN,32225,79.06229299050517,015,01527,027,SUNGAI PETANI,KEDAH,40759,M,1,,1
2023,ABDUL GHAFAR BIN SAAD,PN,PERIKATAN NASIONAL,PN,17266,76.40161069073854,012,01221,021,JERAI,KEDAH,22599,M,1,,1
2023,MOHAMAD YUSOFF BIN ZAKARIA,PN,PERIKATAN NASIONAL,PN,19661,82.34628916066343,007,00707,007,PADANG TERAP,KEDAH,23876,M,1,,1
2023,AMAR PARED BIN MAHAMUD,PN,PERIKATAN NASIONAL,PN,13364,64.3397043955515,004,00402,002,LANGKAWI,KEDAH,20771,M,1,,1
2023,ABDUL RAZAK BIN KHAMIS,PN,PERIKATAN NASIONAL,PN,27154,72.97696793786449,011,01119,019,PENDANG,KEDAH,37209,M,1,,1
2023,ROMANI BIN WAN SALIN,PN,PERIKATAN NASIONAL,PN,23041,82.81873404981849,008,00810,010,POKOK SENA,KEDAH,27821,M,1,,1
2023,MOHD SUFFIAN BIN YUSOFF,PN,PERIKATAN NASIONAL,PN,19327,71.37792222181187,018,01836,036,KULIM-BANDAR BAHARU,KEDAH,27077,M,1,,1
2023,MOHD HAYATI BIN OTHMAN,PN,PERIKATAN NASIONAL,PN,29329,84.42672500647687,011,01118,018,PENDANG,KEDAH,34739,M,1,,1
2023,AHMAD BIN SULAIMAN,PN,PERIKATAN NASIONAL,PN,17782,83.06240657698056,013,01323,023,SIK,KEDAH,21408,M,1,,1
2023,NAJMI BIN HJ AHMAD,PN,PERIKATAN NASIONAL,PN,26366,78.80563110858714,016,01631,031,BALING,KEDAH,33457,M,1,,1
2023,SHAMSILAH BINTI SIRU,PN,PERIKATAN NASIONAL,PN,10701,47.30560099023032,004,00401,001,LANGKAWI,KEDAH,22621,F,1,,1
2023,CHUAH SEE SENG,PN,PERIKATAN NASIONAL,PN,5528,33.08990781755058,009,00913,013,ALOR SETAR,KEDAH,16706,M,1,,0
2023,SITI ASHAH BINTI GHAZALI,PN,PERIKATAN NASIONAL,PN,29919,73.77752570709936,017,01733,033,PADANG SERAI,KEDAH,40553,F,1,,1
2023,MUHAMAD AMRI BIN WAHAB,PN,PERIKATAN NASIONAL,PN,14433,56.72234230693653,008,00811,011,POKOK SENA,KEDAH,25445,M,1,,1
2023,JULIANA BINTI ABDUL GHANI,PN,PERIKATAN NASIONAL,PN,20905,48.884575811430174,015,01529,029,SUNGAI PETANI,KEDAH,42764,F,1,,0
2023,BADDROL BIN BAKHTIAR,PN,PERIKATAN NASIONAL,PN,17771,61.36818841080185,012,01222,022,JERAI,KEDAH,28958,M,1,,1
2023,MOHD SALLEH BIN SAIDIN,PN,PERIKATAN NASIONAL,PN,22951,65.35767171659643,010,01016,016,KUALA KEDAH,KEDAH,35116,M,1,,1
2023,AZHAR BIN IBRAHIM,PN,PERIKATAN NASIONAL,PN,22078,78.33800518042791,005,00504,004,JERLUN,KEDAH,28183,M,1,,1
2023,ASMADI BIN ABU TALIB,BN,BARISAN NASIONAL OF MALAYSIA,BN,10634,26.22247429290065,017,01733,033,PADANG SERAI,KEDAH,40553,M,1,,0
2023,HISHAM SUHAILY BINTI OTHMAN,BN,BARISAN NASIONAL OF MALAYSIA,BN,4909,21.701074223067064,004,00401,001,LANGKAWI,KEDAH,22621,F,1,,0
2023,NURAINI BINTI YUSOFF,BN,BARISAN NASIONAL OF MALAYSIA,BN,7750,28.62207777818813,018,01836,036,KULIM-BANDAR BAHARU,KEDAH,27077,F,1,,0
2023,MOHAMAD FADZIL BIN ZOLKIPLI,BN,BARISAN NASIONAL OF MALAYSIA,BN,10055,27.023032062135506,011,01119,019,PENDANG,KEDAH,37209,M,1,,0
2023,HAYAZI BIN AZIZAN,BN,BARISAN NASIONAL OF MALAYSIA,BN,6105,21.661994819572083,005,00504,004,JERLUN,KEDAH,28183,M,1,,0
2023,ABDUL PARIS BIN ABDUL HAMID,BN,BARISAN NASIONAL OF MALAYSIA,BN,5157,22.819593787335723,012,01221,021,JERAI,KEDAH,22599,M,1,,0
2023,WAN MOHALINA BINTI WAN MOHAMMAD,BN,BARISAN NASIONAL OF MALAYSIA,BN,8534,20.937707009494837,015,01527,027,SUNGAI PETANI,KEDAH,40759,F,1,,0
2023,ISHAK BIN MAT,BN,BARISAN NASIONAL OF MALAYSIA,BN,9705,26.23540224913495,016,01630,030,BALING,KEDAH,36992,M,1,,0
2023,MAHDZIR BIN KHALID,BN,BARISAN NASIONAL OF MALAYSIA,BN,8024,35.78787743633201,007,00708,008,PADANG TERAP,KEDAH,22421,M,1,,0
2023,SHAIFUL HAZIZY BIN ZAINOL ABIDIN,BN,BARISAN NASIONAL OF MALAYSIA,BN,9591,23.06249549137952,014,01426,026,MERBOK,KEDAH,41587,M,1,,0
2023,NOOR HASITA BINTI MAT ISA,BN,BARISAN NASIONAL OF MALAYSIA,BN,5907,21.367335865436786,010,01015,015,KUALA KEDAH,KEDAH,27645,F,1,,0
2023,SAID ALI BIN SAID RASTAN,BN,BARISAN NASIONAL OF MALAYSIA,BN,6772,21.876918106929413,008,00809,009,POKOK SENA,KEDAH,30955,M,1,,0
2023,ZAINOL @ ZAINOL ABIDIN BIN MOHAMAD,BN,BARISAN NASIONAL OF MALAYSIA,BN,9117,27.079125579184982,006,00605,005,KUBANG PASU,KEDAH,33668,M,1,,0
2023,MUHAMAD KHIZRI BIN ABU KASSIM,BN,BARISAN NASIONAL OF MALAYSIA,BN,5773,20.919698507030006,013,01324,024,SIK,KEDAH,27596,M,1,,0
2023,SURIATI BINTI CHE MID,BN,BARISAN NASIONAL OF MALAYSIA,BN,8307,25.036920943970586,016,01632,032,BALING,KEDAH,33179,F,1,,0
2023,ZULKARNAIN BIN HARON,BEBAS,BEBAS,BEBAS,277,1.133434264904456,025,02522,022,BACHOK,KELANTAN,24439,M,1,,0
2023,SUZAINAL ADNAN BIN SUKRI,BEBAS,BEBAS,BEBAS,1086,5.440881763527054,022,02211,011,PASIR MAS,KELANTAN,19960,M,1,,0
2023,IBRAHIM BIN SULONG,BEBAS,BEBAS,BEBAS,234,1.0415739339446275,020,02006,006,PENGKALAN CHEPA,KELANTAN,22466,M,1,,0
2023,FAUZI BIN SEMAN,BEBAS,BEBAS,BEBAS,212,1.3568,029,02934,034,MACHANG,KELANTAN,15625,M,1,,0
2023,IZAT BUKHARY BIN ISMAIL BUKHARY,BEBAS,BEBAS,BEBAS,85,0.43834768707132177,021,02109,009,KOTA BHARU,KELANTAN,19391,M,1,,0
2023,ZAMRI BIN ISMAIL,PAS,PARTI ISLAM SE MALAYSIA,PAS,9489,48.935072971997315,021,02109,009,KOTA BHARU,KELANTAN,19391,M,1,,0
2023,WAN ROSLAN BIN WAN HAMAT,PAS,PARTI ISLAM SE MALAYSIA,PAS,14043,63.6986301369863,019,01901,001,TUMPAT,KELANTAN,22046,M,1,,1
2023,TUAN MOHD SARIPUDIN BIN TUAN ISMAIL,PAS,PARTI ISLAM SE MALAYSIA,PAS,12481,69.11235395093858,028,02829,029,PASIR PUTEH,KELANTAN,18059,M,1,,1
2023,ABD RAHMAN BIN YUNUS,PAS,PARTI ISLAM SE MALAYSIA,PAS,17814,76.60617528167197,024,02418,018,KUBANG KERIAN,KELANTAN,23254,M,1,,1
2023,MD ANIZAM BIN AB RAHMAN,PAS,PARTI ISLAM SE MALAYSIA,PAS,10375,77.20068457474515,027,02728,028,TANAH MERAH,KELANTAN,13439,M,1,,1
2023,MOHD AMAR BIN ABDULLAH,PAS,PARTI ISLAM SE MALAYSIA,PAS,18700,70.00074867110878,020,02007,007,PENGKALAN CHEPA,KELANTAN,26714,M,1,,1
2023,MOHD RODZI BIN JA'AFAR,PAS,PARTI ISLAM SE MALAYSIA,PAS,10388,72.64843695363312,028,02832,032,PASIR PUTEH,KELANTAN,14299,M,1,,1
2023,MOHD ASRI BIN MAT DAUD,PAS,PARTI ISLAM SE MALAYSIA,PAS,18683,75.39243775473145,024,02419,019,KUBANG KERIAN,KELANTAN,24781,M,1,,1
2023,HARUN BIN ISMAIL,PAS,PARTI ISLAM SE MALAYSIA,PAS,21665,79.219686997221,025,02520,020,BACHOK,KELANTAN,27348,M,1,,1
2023,MOHAMED FADZLI BIN HASSAN,PAS,PARTI ISLAM SE MALAYSIA,PAS,11446,73.2544,029,02934,034,MACHANG,KELANTAN,15625,M,1,,1
2023,NIK ASMA'BAHRUM BIN NIK ABDULLAH,PAS,PARTI ISLAM SE MALAYSIA,PAS,16728,74.45918276506721,020,02006,006,PENGKALAN CHEPA,KELANTAN,22466,M,1,,1
2023,BAHARI BIN MOHAMAD NOR,PAS,PARTI ISLAM SE MALAYSIA,PAS,10320,70.26143790849673,027,02727,027,TANAH MERAH,KELANTAN,14688,M,1,,1
2023,MOHD RUSLI BIN ABDULLAH,PAS,PARTI ISLAM SE MALAYSIA,PAS,15522,67.73137845267705,019,01904,004,TUMPAT,KELANTAN,22917,M,1,,1
2023,WAN ROHIMI BIN WAN DAUD,PAS,PARTI ISLAM SE MALAYSIA,PAS,12688,70.12656828607749,026,02623,023,KETEREH,KELANTAN,18093,M,1,,1
2023,ABDUL FATTAH BIN HAJI MAHMOOD,PAS,PARTI ISLAM SE MALAYSIA,PAS,22582,79.13512755817213,027,02726,026,TANAH MERAH,KELANTAN,28536,M,1,,1
2023,MOHAMED FARID BIN MOHAMED ZAWAWI,PAS,PARTI ISLAM SE MALAYSIA,PAS,15478,68.07406430047939,026,02625,025,KETEREH,KELANTAN,22737,M,1,,1
2023,HILMI BIN ABDULLAH,PAS,PARTI ISLAM SE MALAYSIA,PAS,10826,70.49094934236228,031,03140,040,KUALA KRAI,KELANTAN,15358,M,1,,1
2023,MOHD HUZAIMY BIN CHE HUSIN,PAS,PARTI ISLAM SE MALAYSIA,PAS,17779,70.80728025807478,025,02521,021,BACHOK,KELANTAN,25109,M,1,,1
2023,AZHAR BIN SALLEH,PAS,PARTI ISLAM SE MALAYSIA,PAS,11636,67.5137800986365,029,02933,033,MACHANG,KELANTAN,17235,M,1,,1
2023,NOR SHAM BIN SULAIMAN,PAS,PARTI ISLAM SE MALAYSIA,PAS,11531,66.90843681095508,028,02831,031,PASIR PUTEH,KELANTAN,17234,M,1,,1
2023,ABDUL HADI BIN AWANG KECHIL,PAS,PARTI ISLAM SE MALAYSIA,PAS,6186,63.309794289223206,030,03038,038,JELI,KELANTAN,9771,M,1,,1
2023,ZURAIDIN BIN ABDULLAH,PAS,PARTI ISLAM SE MALAYSIA,PAS,12202,74.37976226760135,023,02314,014,RANTAU PANJANG,KELANTAN,16405,M,1,,1
2023,SAIZOL BIN ISMAIL,PAS,PARTI ISLAM SE MALAYSIA,PAS,15893,71.1860610946878,024,02417,017,KUBANG KERIAN,KELANTAN,22326,M,1,,1
2023,ZAMAKHSHARI BIN MUHAMAD,PAS,PARTI ISLAM SE MALAYSIA,PAS,10606,61.11911485045813,023,02316,016,RANTAU PANJANG,KELANTAN,17353,M,1,,1
2023,SHAARI BIN MAT YAMAN,PAS,PARTI ISLAM SE MALAYSIA,PAS,13887,62.65565782349757,021,02110,010,KOTA BHARU,KELANTAN,22164,M,1,,1
2023,ROHANI BINTI IBRAHIM,PAS,PARTI ISLAM SE MALAYSIA,PAS,17529,66.2346495371245,021,02108,008,KOTA BHARU,KELANTAN,26465,F,1,,1
2023,ROZI BIN MUHAMAD,PAS,PARTI ISLAM SE MALAYSIA,PAS,12360,61.923847695390776,022,02211,011,PASIR MAS,KELANTAN,19960,M,1,,1
2023,MOHD TARMIZI BIN ABD RAHMAN,PAS,PARTI ISLAM SE MALAYSIA,PAS,7405,40.80564280597344,032,03245,045,GUA MUSANG,KELANTAN,18147,M,1,,0
2023,MOHAMAD NASRIFF BIN DAUD @ DAUD YATIMEE,PAS,PARTI ISLAM SE MALAYSIA,PAS,13077,70.71324284864544,022,02212,012,PASIR MAS,KELANTAN,18493,M,1,,1
2023,MOHD NASSURUDDIN BIN HAJI DAUD,PAS,PARTI ISLAM SE MALAYSIA,PAS,13260,76.35609812276863,022,02213,013,PASIR MAS,KELANTAN,17366,M,1,,1
2023,IZANI BIN HUSIN,PAS,PARTI ISLAM SE MALAYSIA,PAS,14552,75.80745988747655,020,02005,005,PENGKALAN CHEPA,KELANTAN,19196,M,1,,1
2023,KU MOHD ZAKI BIN KU HUSSIN,PAS,PARTI ISLAM SE MALAYSIA,PAS,5772,63.44251483842602,031,03142,042,KUALA KRAI,KELANTAN,9098,M,1,,1
2023,MOHD AZIZI BIN ABU NAIM,PAS,PARTI ISLAM SE MALAYSIA,PAS,6517,53.31315445026178,032,03243,043,GUA MUSANG,KELANTAN,12224,M,1,,1
2023,SHAARI BIN MAT HUSSAIN,PAS,PARTI ISLAM SE MALAYSIA,PAS,7407,58.743754461099215,032,03244,044,GUA MUSANG,KELANTAN,12609,M,1,,1
2023,MOHD FAUZI BIN ABDULLAH,PAS,PARTI ISLAM SE MALAYSIA,PAS,10355,78.32829046898638,031,03141,041,KUALA KRAI,KELANTAN,13220,M,1,,1
2023,ZUBIR BIN ABU BAKAR,PAS,PARTI ISLAM SE MALAYSIA,PAS,12531,78.63821775964858,031,03139,039,KUALA KRAI,KELANTAN,15935,M,1,,1
2023,AHMAD BIN YAKOB,PAS,PARTI ISLAM SE MALAYSIA,PAS,18783,75.87558069076954,019,01903,003,TUMPAT,KELANTAN,24755,M,1,,1
2023,NOR ASILAH BINTI MOHAMED ZIN,PAS,PARTI ISLAM SE MALAYSIA,PAS,15183,73.04435677860099,028,02830,030,PASIR PUTEH,KELANTAN,20786,F,1,,1
2023,MOHD ALMIDI BIN JAAFAR,PAS,PARTI ISLAM SE MALAYSIA,PAS,8540,66.05816831683168,030,03036,036,JELI,KELANTAN,12928,M,1,,1
2023,MOHD ADANAN BIN HASSAN,PAS,PARTI ISLAM SE MALAYSIA,PAS,15890,70.9121742234916,019,01902,002,TUMPAT,KELANTAN,22408,M,1,,1
2023,KAMARUDIN BIN MD NOR,PAS,PARTI ISLAM SE MALAYSIA,PAS,9535,67.81167769006473,030,03037,037,JELI,KELANTAN,14061,M,1,,1
2023,KAMARUZAMAN BIN MOHAMAD,PAS,PARTI ISLAM SE MALAYSIA,PAS,11557,64.18772563176896,023,02315,015,RANTAU PANJANG,KELANTAN,18005,M,1,,1
2023,ZAMERI BIN MAT NAWANG,PAS,PARTI ISLAM SE MALAYSIA,PAS,16885,69.0903883137608,025,02522,022,BACHOK,KELANTAN,24439,M,1,,1
2023,AHMAD ZAKHRAN BIN MAT NOOR,PAS,PARTI ISLAM SE MALAYSIA,PAS,13168,63.77064264613298,029,02935,035,MACHANG,KELANTAN,20649,M,1,,1
2023,AZAMI BIN HJ MOHD NOR,PAS,PARTI ISLAM SE MALAYSIA,PAS,10442,75.94734162484545,026,02624,024,KETEREH,KELANTAN,13749,M,1,,1
2023,MOHD AZIZAN BIN ABDUL RAZAK @ RAJAB,PH,PAKATAN HARAPAN,PH,3307,24.052658375154557,026,02624,024,KETEREH,KELANTAN,13749,M,1,,0
2023,KAMARUDDIN BIN MAT ZIN,PH,PAKATAN HARAPAN,PH,5603,26.95564322139902,028,02830,030,PASIR PUTEH,KELANTAN,20786,M,1,,0
2023,MOHD SHUKRI BIN ISHAK,PH,PAKATAN HARAPAN,PH,3404,21.361782240351427,031,03139,039,KUALA KRAI,KELANTAN,15935,M,1,,0
2023,RUSHDAN BIN MUSTAFA,PH,PAKATAN HARAPAN,PH,5416,29.286757151354564,022,02212,012,PASIR MAS,KELANTAN,18493,M,1,,0
2023,ZINDA KHALIL SASTRO BIN HASSAN,PH,PAKATAN HARAPAN,PH,8936,33.765350462875496,021,02108,008,KOTA BHARU,KELANTAN,26465,M,1,,0
2023,MOHAMAD EZZAT ZAHRIM BIN MOHD HANUZI,PH,PAKATAN HARAPAN,PH,4203,25.62023773239866,023,02314,014,RANTAU PANJANG,KELANTAN,16405,M,1,,0
2023,MOHAMAD ZAMAKH SARI BIN IBRAHIM,PH,PAKATAN HARAPAN,PH,5972,24.124419309230458,019,01903,003,TUMPAT,KELANTAN,24755,M,1,,0
2023,SAMSU ADABI BIN MAMAT,PH,PAKATAN HARAPAN,PH,5954,20.864872441827867,027,02726,026,TANAH MERAH,KELANTAN,28536,M,1,,0
2023,ABDUL KADIR BIN HJ OTHMAN,PH,PAKATAN HARAPAN,PH,3967,25.3888,029,02934,034,MACHANG,KELANTAN,15625,M,1,,0
2023,ISMAIL BIN GHANI,PH,PAKATAN HARAPAN,PH,6098,24.607562245268554,024,02419,019,KUBANG KERIAN,KELANTAN,24781,M,1,,0
2023,CHE MAT ISA BIN CHE DIR,PH,PAKATAN HARAPAN,PH,5683,20.780313002778996,025,02520,020,BACHOK,KELANTAN,27348,M,1,,0
2023,SYED MOHD ALIDUSTUR BIN SYED MOHD ZAIN,PH,PAKATAN HARAPAN,PH,8014,29.99925132889122,020,02007,007,PENGKALAN CHEPA,KELANTAN,26714,M,1,,0
2023,NAZIRATUL AINI BINTI MUHAMAD SAYUTY,PH,PAKATAN HARAPAN,PH,5440,23.39382471832803,024,02418,018,KUBANG KERIAN,KELANTAN,23254,F,1,,0
2023,HAFIDZAH BINTI HAJI MUSTAKIM,PH,PAKATAN HARAPAN,PH,9691,49.97679335774328,021,02109,009,KOTA BHARU,KELANTAN,19391,F,1,,1
2023,TAN BOON KIAN,PRM,PARTI RAKYAT MALAYSIA,PRM,126,0.6497859831880769,021,02109,009,KOTA BHARU,KELANTAN,19391,M,1,,0
2023,MAZLI BIN MUSTAFA,BN,BARISAN NASIONAL OF MALAYSIA,BN,3064,22.799315425254854,027,02728,028,TANAH MERAH,KELANTAN,13439,M,1,,0
2023,ZULKIFLI BIN ABDULLAH,BN,BARISAN NASIONAL OF MALAYSIA,BN,8003,36.3013698630137,019,01901,001,TUMPAT,KELANTAN,22046,M,1,,0
2023,HASHIM BIN ISMAIL,BN,BARISAN NASIONAL OF MALAYSIA,BN,5578,30.887646049061413,028,02829,029,PASIR PUTEH,KELANTAN,18059,M,1,,0
2023,AZMI BIN ISHAK,BN,BARISAN NASIONAL OF MALAYSIA,BN,5405,29.87343171392251,026,02623,023,KETEREH,KELANTAN,18093,M,1,,0
2023,ZUHAIRI BIN ZAKARIA,BN,BARISAN NASIONAL OF MALAYSIA,BN,4368,29.73856209150327,027,02727,027,TANAH MERAH,KELANTAN,14688,M,1,,0
2023,NIK NORMI BINTI NIK AYUB,BN,BARISAN NASIONAL OF MALAYSIA,BN,5504,24.499243300988162,020,02006,006,PENGKALAN CHEPA,KELANTAN,22466,F,1,,0
2023,MUHAMMAD FAKHRAN BIN CHE JUSOH @ YUSOFF,BN,BARISAN NASIONAL OF MALAYSIA,BN,5599,32.486219901363505,029,02933,033,MACHANG,KELANTAN,17235,M,1,,0
2023,MOHD ALIFF NASROL BIN MAT NASIN,BN,BARISAN NASIONAL OF MALAYSIA,BN,3911,27.351563046366877,028,02832,032,PASIR PUTEH,KELANTAN,14299,M,1,,0
2023,ZAKIAH BINTI MD NOOR,BN,BARISAN NASIONAL OF MALAYSIA,BN,7330,29.192719741925206,025,02521,021,BACHOK,KELANTAN,25109,F,1,,0
2023,ZUBER BIN HASSAN,BN,BARISAN NASIONAL OF MALAYSIA,BN,4532,29.509050657637715,031,03140,040,KUALA KRAI,KELANTAN,15358,M,1,,0
2023,AHMAD BIN DERAMAN,BN,BARISAN NASIONAL OF MALAYSIA,BN,7259,31.925935699520608,026,02625,025,KETEREH,KELANTAN,22737,M,1,,0
2023,MOHAMAD BIN HUSAIN,BN,BARISAN NASIONAL OF MALAYSIA,BN,6433,28.81393890531219,024,02417,017,KUBANG KERIAN,KELANTAN,22326,M,1,,0
2023,ABDUL MANNAN BIN MD SAID,BN,BARISAN NASIONAL OF MALAYSIA,BN,7395,32.268621547322944,019,01904,004,TUMPAT,KELANTAN,22917,M,1,,0
2023,MARSHELA BINTI ALI,BN,BARISAN NASIONAL OF MALAYSIA,BN,5703,33.09156318904491,028,02831,031,PASIR PUTEH,KELANTAN,17234,F,1,,0
2023,MUHAMMAD YAMIN ANUAR BIN MAT ZIN,BN,BARISAN NASIONAL OF MALAYSIA,BN,3585,36.690205710776794,030,03038,038,JELI,KELANTAN,9771,M,1,,0
2023,NOOR HARIRI BIN MOHAMED NOOR,BN,BARISAN NASIONAL OF MALAYSIA,BN,6514,32.635270541082164,022,02211,011,PASIR MAS,KELANTAN,19960,M,1,,0
2023,MOHAMED HASNAN BIN CHE HUSSIN,BN,BARISAN NASIONAL OF MALAYSIA,BN,8277,37.34434217650244,021,02110,010,KOTA BHARU,KELANTAN,22164,M,1,,0
2023,MOHD FAKAARUDDIN BIN ISMAIL,BN,BARISAN NASIONAL OF MALAYSIA,BN,7481,36.229357353867016,029,02935,035,MACHANG,KELANTAN,20649,M,1,,0
2023,ZAHRI BIN OMAR,BN,BARISAN NASIONAL OF MALAYSIA,BN,4106,23.64390187723137,022,02213,013,PASIR MAS,KELANTAN,17366,M,1,,0
2023,MOHD SYAHBUDDIN BIN HASHIM,BN,BARISAN NASIONAL OF MALAYSIA,BN,10742,59.19435719402656,032,03245,045,GUA MUSANG,KELANTAN,18147,M,1,,1
2023,AMRAN BIN ARIFIN,BN,BARISAN NASIONAL OF MALAYSIA,BN,5202,41.256245538900785,032,03244,044,GUA MUSANG,KELANTAN,12609,M,1,,0
2023,HARIS BIN HUSSIN,BN,BARISAN NASIONAL OF MALAYSIA,BN,4644,24.192540112523442,020,02005,005,PENGKALAN CHEPA,KELANTAN,19196,M,1,,0
2023,AHMAD FIRDAUS BIN MUHAMMAD,BN,BARISAN NASIONAL OF MALAYSIA,BN,3326,36.55748516157397,031,03142,042,KUALA KRAI,KELANTAN,9098,M,1,,0
2023,AB AZIZ BIN YUSOFF,BN,BARISAN NASIONAL OF MALAYSIA,BN,5707,46.68684554973822,032,03243,043,GUA MUSANG,KELANTAN,12224,M,1,,0
2023,SUZAINI ADLINA BINTI SUKRI,BN,BARISAN NASIONAL OF MALAYSIA,BN,2865,21.671709531013615,031,03141,041,KUALA KRAI,KELANTAN,13220,F,1,,0
2023,MOHD ROSDI BIN RAZALI,BN,BARISAN NASIONAL OF MALAYSIA,BN,6518,29.087825776508392,019,01902,002,TUMPAT,KELANTAN,22408,M,1,,0
2023,NASRUL HADI BIN KAMARUZAMAN,BN,BARISAN NASIONAL OF MALAYSIA,BN,4526,32.18832230993528,030,03037,037,JELI,KELANTAN,14061,M,1,,0
2023,MOHD ADHAN BIN KECHIK,BN,BARISAN NASIONAL OF MALAYSIA,BN,4388,33.94183168316832,030,03036,036,JELI,KELANTAN,12928,M,1,,0
2023,AKBAR BIN SALIM,BN,BARISAN NASIONAL OF MALAYSIA,BN,6747,38.88088514954187,023,02316,016,RANTAU PANJANG,KELANTAN,17353,M,1,,0
2023,YUSRI BIN CHE NOH,BN,BARISAN NASIONAL OF MALAYSIA,BN,7277,29.776177421334754,025,02522,022,BACHOK,KELANTAN,24439,M,1,,0
2023,ANUAR BIN MOHAMAD,BN,BARISAN NASIONAL OF MALAYSIA,BN,6448,35.812274368231044,023,02315,015,RANTAU PANJANG,KELANTAN,18005,M,1,,0
2023,CHE HARUN KAMARIAH BIN ABDULLAH,BEBAS,BEBAS,BEBAS,180,1.0995723885155773,033,03304,004,BESUT,TERENGGANU,16370,M,1,,0
2023,HANAFIAH BIN MAT,PAS,PARTI ISLAM SE MALAYSIA,PAS,18394,64.13081375078447,040,04031,031,KEMAMAN,TERENGGANU,28682,M,1,,1
2023,HISHAMUDDIN BIN ABDUL KARIM,PAS,PARTI ISLAM SE MALAYSIA,PAS,17049,73.47440096535081,035,03509,009,KUALA NERUS,TERENGGANU,23204,M,1,,1
2023,RIDZUAN BIN HASHIM,PAS,PARTI ISLAM SE MALAYSIA,PAS,16213,73.4950135992747,035,03510,010,KUALA NERUS,TERENGGANU,22060,M,1,,1
2023,MAMAD BIN PUTEH,PAS,PARTI ISLAM SE MALAYSIA,PAS,11270,67.79762979004992,038,03823,023,HULU TERENGGANU,TERENGGANU,16623,M,1,,1
2023,SULAIMAN BIN SULONG,PAS,PARTI ISLAM SE MALAYSIA,PAS,17946,64.98406720741599,037,03720,020,MARANG,TERENGGANU,27616,M,1,,1
2023,SAIFUL AZMI BIN SUHAILI,PAS,PARTI ISLAM SE MALAYSIA,PAS,13778,65.4505724193625,040,04029,029,KEMAMAN,TERENGGANU,21051,M,1,,1
2023,MOHD HUSAIMI BIN HUSSIN,PAS,PARTI ISLAM SE MALAYSIA,PAS,9525,58.185705558949294,033,03304,004,BESUT,TERENGGANU,16370,M,1,,1
2023,MALIAMAN BIN KASSIM,PAS,PARTI ISLAM SE MALAYSIA,PAS,12362,66.94465504169825,038,03824,024,HULU TERENGGANU,TERENGGANU,18466,M,1,,1
2023,SATIFUL BAHARI BIN MAMAT,PAS,PARTI ISLAM SE MALAYSIA,PAS,18681,73.29906615396689,039,03928,028,DUNGUN,TERENGGANU,25486,M,1,,1
2023,MOHD HAFIZ BIN ADAM,PAS,PARTI ISLAM SE MALAYSIA,PAS,21664,65.64848484848484,040,04032,032,KEMAMAN,TERENGGANU,33000,M,1,,1
2023,AZMI BIN MAAROF,PAS,PARTI ISLAM SE MALAYSIA,PAS,9553,58.3496213046665,034,03407,007,SETIU,TERENGGANU,16372,M,1,,1
2023,ZAHARUDIN BIN ZAHID,PAS,PARTI ISLAM SE MALAYSIA,PAS,12066,73.52385595027725,035,03512,012,KUALA NERUS,TERENGGANU,16411,M,1,,1
2023,AHMAD SAMSURI BIN MOKHTAR,PAS,PARTI ISLAM SE MALAYSIA,PAS,20927,85.17990882448714,037,03719,019,MARANG,TERENGGANU,24568,M,1,,1
2023,HILMI BIN HARUN,PAS,PARTI ISLAM SE MALAYSIA,PAS,13471,85.90103303150109,038,03822,022,HULU TERENGGANU,TERENGGANU,15682,M,1,,1
2023,MOHD SHAFIZI BIN ISMAIL,PAS,PARTI ISLAM SE MALAYSIA,PAS,14465,63.135611714896775,034,03408,008,SETIU,TERENGGANU,22911,M,1,,1
2023,RAZALI BIN IDRIS,PAS,PARTI ISLAM SE MALAYSIA,PAS,13403,58.15255119750087,040,04030,030,KEMAMAN,TERENGGANU,23048,M,1,,1
2023,AZMAN BIN IBRAHIM,PAS,PARTI ISLAM SE MALAYSIA,PAS,11523,62.727272727272734,034,03405,005,SETIU,TERENGGANU,18370,M,1,,1
2023,RIDUAN BIN MOHAMAD NOR,PAS,PARTI ISLAM SE MALAYSIA,PAS,12122,62.0972286255827,033,03303,003,BESUT,TERENGGANU,19521,M,1,,1
2023,AHMAD SHAH BIN MUHAMED,PAS,PARTI ISLAM SE MALAYSIA,PAS,8438,56.691749529696324,036,03614,014,KUALA TERENGGANU,TERENGGANU,14884,M,1,,1
2023,WAN SUKAIRI BIN WAN ABDULLAH,PAS,PARTI ISLAM SE MALAYSIA,PAS,22345,85.73456624333346,036,03613,013,KUALA TERENGGANU,TERENGGANU,26063,M,1,,1
2023,ARIFFIN BIN DERAMAN,PAS,PARTI ISLAM SE MALAYSIA,PAS,20133,72.91923216226004,037,03717,017,MARANG,TERENGGANU,27610,M,1,,1
2023,KHAZAN BIN CHE MAT,PAS,PARTI ISLAM SE MALAYSIA,PAS,12156,56.50011619800139,035,03511,011,KUALA NERUS,TERENGGANU,21515,M,1,,1
2023,ZURAIDA BINTI MD.NOOR,PAS,PARTI ISLAM SE MALAYSIA,PAS,11663,61.536432227088056,036,03615,015,KUALA TERENGGANU,TERENGGANU,18953,F,1,,1
2023,MOHD FADHLI RAHMI BIN ZULKIFLI,PAS,PARTI ISLAM SE MALAYSIA,PAS,18959,75.84813570171227,039,03926,026,DUNGUN,TERENGGANU,24996,M,1,,1
2023,MOHD NOR BIN HAMZAH,PAS,PARTI ISLAM SE MALAYSIA,PAS,16838,74.11091549295776,037,03718,018,MARANG,TERENGGANU,22720,M,1,,1
2023,AZBI BIN SALLEH,PAS,PARTI ISLAM SE MALAYSIA,PAS,11496,60.91241456048323,033,03301,001,BESUT,TERENGGANU,18873,M,1,,1
2023,MOHD YUSOP BIN MAJID,PAS,PARTI ISLAM SE MALAYSIA,PAS,14837,67.026563064691,034,03406,006,SETIU,TERENGGANU,22136,M,1,,1
2023,MOHD ZAWAWI BIN ISMAIL,PAS,PARTI ISLAM SE MALAYSIA,PAS,8380,50.8958396598846,038,03821,021,HULU TERENGGANU,TERENGGANU,16465,M,1,,1
2023,GHAZALI BIN SULAIMAN,PAS,PARTI ISLAM SE MALAYSIA,PAS,8552,63.85902031063322,039,03925,025,DUNGUN,TERENGGANU,13392,M,1,,1
2023,TENGKU MUHAMMAD FAKHRUDDIN BIN TENGKU MD FAUZI,PAS,PARTI ISLAM SE MALAYSIA,PAS,17395,83.06274472352212,039,03927,027,DUNGUN,TERENGGANU,20942,M,1,,1
2023,MUHAMMAD KHALIL BIN ABDUL HADI,PAS,PARTI ISLAM SE MALAYSIA,PAS,23767,79.57878524074198,036,03616,016,KUALA TERENGGANU,TERENGGANU,29866,M,1,,1
2023,MOHD NURKHUZAINI BIN AB RAHMAN,PAS,PARTI ISLAM SE MALAYSIA,PAS,13360,58.312600934049144,033,03302,002,BESUT,TERENGGANU,22911,M,1,,1
2023,MOHAMAD ZAMIR BIN GHAZALI,PH,PAKATAN HARAPAN,PH,6099,20.421214759258017,036,03616,016,KUALA TERENGGANU,TERENGGANU,29866,M,1,,0
2023,OTHMAN BIN OMAR,PH,PAKATAN HARAPAN,PH,3547,16.93725527647789,039,03927,027,DUNGUN,TERENGGANU,20942,M,1,,0
2023,WAN MUHAMAD HAIKAL BIN WAN GHAZALI,PH,PAKATAN HARAPAN,PH,3718,14.26543375666654,036,03613,013,KUALA TERENGGANU,TERENGGANU,26063,M,1,,0
2023,EKA LISUT,PH,PAKATAN HARAPAN,PH,2211,14.098966968498916,038,03822,022,HULU TERENGGANU,TERENGGANU,15682,F,1,,0
2023,SUHAIMI BIN SULAIMAN,PH,PAKATAN HARAPAN,PH,3641,14.82009117551286,037,03719,019,MARANG,TERENGGANU,24568,M,1,,0
2023,LUQMAN BIN LONG,MUDA,IKATAN DEMOKRATIK MALAYSIA,MUDA,372,2.49932813759742,036,03614,014,KUALA TERENGGANU,TERENGGANU,14884,M,1,,0
2023,ARMI IRZAN BIN MOHD,BN,BARISAN NASIONAL OF MALAYSIA,BN,6074,40.80892233270626,036,03614,014,KUALA TERENGGANU,TERENGGANU,14884,M,1,,0
2023,MOHD YUSERI BIN ISA,BN,BARISAN NASIONAL OF MALAYSIA,BN,7477,27.08076783773995,037,03717,017,MARANG,TERENGGANU,27610,M,1,,0
2023,TENGKU ZAIHAN BIN CHE KU ABD RAHMAN,BN,BARISAN NASIONAL OF MALAYSIA,BN,7377,39.08758543951677,033,03301,001,BESUT,TERENGGANU,18873,M,1,,0
2023,HAMDAN BIN HAMZAH,BN,BARISAN NASIONAL OF MALAYSIA,BN,7299,32.973436935308996,034,03406,006,SETIU,TERENGGANU,22136,M,1,,0
2023,MOHD KHIM @ MOHD KHAN BIN ABD RAHMAN,BN,BARISAN NASIONAL OF MALAYSIA,BN,5882,25.889084507042252,037,03718,018,MARANG,TERENGGANU,22720,M,1,,0
2023,MOHD ASRI BIN MOHAMAD,BN,BARISAN NASIONAL OF MALAYSIA,BN,6037,24.151864298287727,039,03926,026,DUNGUN,TERENGGANU,24996,M,1,,0
2023,AHMAD RAZIF BIN ABD RAHMAN,BN,BARISAN NASIONAL OF MALAYSIA,BN,9359,43.49988380199861,035,03511,011,KUALA NERUS,TERENGGANU,21515,M,1,,0
2023,MOHD SABRI BIN ALWI,BN,BARISAN NASIONAL OF MALAYSIA,BN,7290,38.46356777291194,036,03615,015,KUALA TERENGGANU,TERENGGANU,18953,M,1,,0
2023,DIN BIN ADAM,BN,BARISAN NASIONAL OF MALAYSIA,BN,4840,36.14097968936679,039,03925,025,DUNGUN,TERENGGANU,13392,M,1,,0
2023,ROZI BIN MAMAT,BN,BARISAN NASIONAL OF MALAYSIA,BN,8085,49.10416034011539,038,03821,021,HULU TERENGGANU,TERENGGANU,16465,M,1,,0
2023,MUHAMMAD PEHIMI BIN YUSOF,BN,BARISAN NASIONAL OF MALAYSIA,BN,9551,41.687399065950856,033,03302,002,BESUT,TERENGGANU,22911,M,1,,0
2023,ROSDI BIN ZAKARIA,BN,BARISAN NASIONAL OF MALAYSIA,BN,6847,37.27272727272727,034,03405,005,SETIU,TERENGGANU,18370,M,1,,0
2023,BAZLAN BIN ABD RAHMAN,BN,BARISAN NASIONAL OF MALAYSIA,BN,8446,36.864388285103225,034,03408,008,SETIU,TERENGGANU,22911,M,1,,0
2023,AHMAD BIN SAID,BN,BARISAN NASIONAL OF MALAYSIA,BN,9645,41.84744880249913,040,04030,030,KEMAMAN,TERENGGANU,23048,M,1,,0
2023,WAN NOORISLAM BIN WAN HASHIM,BN,BARISAN NASIONAL OF MALAYSIA,BN,4345,26.47614404972275,035,03512,012,KUALA NERUS,TERENGGANU,16411,M,1,,0
2023,SABRI BIN MOHD NOOR,BN,BARISAN NASIONAL OF MALAYSIA,BN,6819,41.650378695333494,034,03407,007,SETIU,TERENGGANU,16372,M,1,,0
2023,MOHD ZAKI BIN SALLEH,BN,BARISAN NASIONAL OF MALAYSIA,BN,11336,34.35151515151515,040,04032,032,KEMAMAN,TERENGGANU,33000,M,1,,0
2023,AHMAD ABDULLAH BIN ABD WAHAB,BN,BARISAN NASIONAL OF MALAYSIA,BN,6805,26.700933846033116,039,03928,028,DUNGUN,TERENGGANU,25486,M,1,,0
2023,JAILANI BIN JOHARI,BN,BARISAN NASIONAL OF MALAYSIA,BN,6104,33.05534495830174,038,03824,024,HULU TERENGGANU,TERENGGANU,18466,M,1,,0
2023,NAWI BIN MOHAMAD,BN,BARISAN NASIONAL OF MALAYSIA,BN,6665,40.71472205253512,033,03304,004,BESUT,TERENGGANU,16370,M,1,,0
2023,NIK DIR BIN NIK WAN KU,BN,BARISAN NASIONAL OF MALAYSIA,BN,9670,35.01593279258401,037,03720,020,MARANG,TERENGGANU,27616,M,1,,0
2023,MUHAMMAD KHAIRI AFIQ BIN MOHD YUSOF,BN,BARISAN NASIONAL OF MALAYSIA,BN,7273,34.5494275806375,040,04029,029,KEMAMAN,TERENGGANU,21051,M,1,,0
2023,JALALUDIN BIN ISMAIL,BN,BARISAN NASIONAL OF MALAYSIA,BN,5353,32.20237020995007,038,03823,023,HULU TERENGGANU,TERENGGANU,16623,M,1,,0
2023,OMAR BIN ADAM,BN,BARISAN NASIONAL OF MALAYSIA,BN,5847,26.504986400725294,035,03510,010,KUALA NERUS,TERENGGANU,22060,M,1,,0
2023,MOHD ROZAINI BIN MOHD RASLI,BN,BARISAN NASIONAL OF MALAYSIA,BN,7399,37.90277137441729,033,03303,003,BESUT,TERENGGANU,19521,M,1,,0
2023,MOHAMED RAHIM BIN HUSSIN,BN,BARISAN NASIONAL OF MALAYSIA,BN,10288,35.86918624921553,040,04031,031,KEMAMAN,TERENGGANU,28682,M,1,,0
2023,MUHAMMAD HANAFI BIN HASSAN,BN,BARISAN NASIONAL OF MALAYSIA,BN,6155,26.5255990346492,035,03509,009,KUALA NERUS,TERENGGANU,23204,M,1,,0
2023,ANDREW RAJAH A/L BELLIMIN RAJAH,BEBAS,BEBAS,BEBAS,221,0.8980819245773732,050,05030,030,JELUTONG,PULAU PINANG,24608,M,1,,0
2023,RAZALIF BIN MOHAMAD ZAIN,BEBAS,BEBAS,BEBAS,757,4.696029776674938,048,04824,024,BUKIT BENDERA,PULAU PINANG,16120,M,1,,0
2023,DAVID MARSHEL A/L PAKIANATHAN,BEBAS,BEBAS,BEBAS,1439,10.342844821390067,046,04616,016,BATU KAWAN,PULAU PINANG,13913,M,1,,0
2023,SAMUGANATHAN A/L MUNIANDY,BEBAS,BEBAS,BEBAS,468,1.7166122583721528,046,04618,018,BATU KAWAN,PULAU PINANG,27263,M,1,,0
2023,SATEES A/L MUNIANDY,BEBAS,BEBAS,BEBAS,1111,7.559880239520958,043,04309,009,BAGAN,PULAU PINANG,14696,M,1,,0
2023,KUMARAN A/L KRISHNAN,PH,PAKATAN HARAPAN,PH,10506,71.48884050081655,043,04309,009,BAGAN,PULAU PINANG,14696,M,1,,1
2023,AZRUL MAHATHIR BIN AZIZ,PH,PAKATAN HARAPAN,PH,15462,53.25297055278113,053,05338,038,BALIK PULAU,PULAU PINANG,29035,M,1,,1
2023,MOHD TUAH BIN ISMAIL,PH,PAKATAN HARAPAN,PH,8483,47.0833102070267,053,05339,039,BALIK PULAU,PULAU PINANG,18017,M,1,,0
2023,CHEE YEEH KEEN,PH,PAKATAN HARAPAN,PH,19687,84.76641550053822,043,04308,008,BAGAN,PULAU PINANG,23225,M,1,,1
2023,KUMARESAN A/L ARAMUGAM,PH,PAKATAN HARAPAN,PH,22773,76.82939172092709,052,05235,035,BAYAN BARU,PULAU PINANG,29641,M,1,,1
2023,GOOI ZI SEN,PH,PAKATAN HARAPAN,PH,22315,87.85433070866142,045,04515,015,BUKIT MERTAJAM,PULAU PINANG,25400,M,1,,1
2023,ONG AH TEONG,PH,PAKATAN HARAPAN,PH,21796,92.11783102996492,050,05031,031,JELUTONG,PULAU PINANG,23661,M,1,,1
2023,JOHARI BIN KASSIM,PH,PAKATAN HARAPAN,PH,15951,43.31215379602477,044,04410,010,PERMATANG PAUH,PULAU PINANG,36828,M,1,,0
2023,TEH LAI HENG,PH,PAKATAN HARAPAN,PH,9279,86.60630950158671,049,04928,028,TANJONG,PULAU PINANG,10714,M,1,,1
2023,WONG YUEE HARNG,PH,PAKATAN HARAPAN,PH,14921,94.64036534314347,049,04927,027,TANJONG,PULAU PINANG,15766,M,1,,1
2023,GOH CHOON AIK,PH,PAKATAN HARAPAN,PH,21985,80.64042841946961,046,04618,018,BATU KAWAN,PULAU PINANG,27263,M,1,,1
2023,SUNDARAJOO A/L SOMU,PH,PAKATAN HARAPAN,PH,10680,76.76273988356213,046,04616,016,BATU KAWAN,PULAU PINANG,13913,M,1,,1
2023,CHOW KON YEOW,PH,PAKATAN HARAPAN,PH,8261,87.82691898788008,049,04926,026,TANJONG,PULAU PINANG,9406,M,1,,1
2023,NURHIDAYAH BINTI CHE ROSE,PH,PAKATAN HARAPAN,PH,13870,47.33303757294475,047,04720,020,NIBONG TEBAL,PULAU PINANG,29303,F,1,,0
2023,JOSEPH NG SOON SIANG,PH,PAKATAN HARAPAN,PH,12456,79.2215226101889,051,05133,033,BUKIT GELUGOR,PULAU PINANG,15723,M,1,,1
2023,LEE KHAI LOON,PH,PAKATAN HARAPAN,PH,28777,69.12230976172175,045,04514,014,BUKIT MERTAJAM,PULAU PINANG,41632,M,1,,1
2023,MUHAMMAD FAIZ BIN FADZIL,PH,PAKATAN HARAPAN,PH,10418,43.50985633144003,044,04411,011,PERMATANG PAUH,PULAU PINANG,23944,M,1,,0
2023,ZAIRIL KHIR JOHARI,PH,PAKATAN HARAPAN,PH,13257,72.82065366657513,048,04822,022,BUKIT BENDERA,PULAU PINANG,18205,M,1,,1
2023,ZAINUDDIN BIN MOHAMED,PH,PAKATAN HARAPAN,PH,10132,37.2609591056193,041,04103,003,KEPALA BATAS,PULAU PINANG,27192,M,1,,0
2023,HENG LEE LEE,PH,PAKATAN HARAPAN,PH,19183,94.43706001083049,045,04513,013,BUKIT MERTAJAM,PULAU PINANG,20313,F,1,,1
2023,LEE BOON HENG,PH,PAKATAN HARAPAN,PH,14159,87.8349875930521,048,04824,024,BUKIT BENDERA,PULAU PINANG,16120,M,1,,1
2023,TAN HOOI PENG,PH,PAKATAN HARAPAN,PH,16384,80.5744073964788,051,05132,032,BUKIT GELUGOR,PULAU PINANG,20334,F,1,,1
2023,ABDUL MOHSEIN BIN MOHD SHARIFF,PH,PAKATAN HARAPAN,PH,8276,44.73755338126385,042,04206,006,TASEK GELUGOR,PULAU PINANG,18499,M,1,,0
2023,LIM GUAN ENG,PH,PAKATAN HARAPAN,PH,8996,85.62726061298306,048,04823,023,BUKIT BENDERA,PULAU PINANG,10506,M,1,,1
2023,GOOI HSIAO-LEUNG,PH,PAKATAN HARAPAN,PH,16050,68.58095116010769,046,04617,017,BATU KAWAN,PULAU PINANG,23403,M,1,,1
2023,H'NG MOOI LYE,PH,PAKATAN HARAPAN,PH,20641,79.50159842853292,047,04719,019,NIBONG TEBAL,PULAU PINANG,25963,M,1,,1
2023,ROSIDI BIN HUSSAIN,PH,PAKATAN HARAPAN,PH,9011,41.723387507524194,044,04412,012,PERMATANG PAUH,PULAU PINANG,21597,M,1,,0
2023,LIM SIEW KHIM,PH,PAKATAN HARAPAN,PH,16026,65.12516254876462,050,05030,030,JELUTONG,PULAU PINANG,24608,F,1,,1
2023,WOO SZE ZENG,PH,PAKATAN HARAPAN,PH,11577,85.09371554575523,048,04825,025,BUKIT BENDERA,PULAU PINANG,13605,M,1,,1
2023,JAGDEEP SINGH DEO A/L KARPAL SINGH,PH,PAKATAN HARAPAN,PH,13398,72.61001517450683,050,05029,029,JELUTONG,PULAU PINANG,18452,M,1,,1
2023,FAHMI BIN ZAINOL,PH,PAKATAN HARAPAN,PH,14116,69.94004855571521,052,05236,036,BAYAN BARU,PULAU PINANG,20183,M,1,,1
2023,WONG HON WAI,PH,PAKATAN HARAPAN,PH,40530,91.57666410592435,051,05134,034,BUKIT GELUGOR,PULAU PINANG,44258,M,1,,1
2023,MOHAMAD BIN ABDUL HAMID,PH,PAKATAN HARAPAN,PH,18939,54.64696886631849,052,05237,037,BAYAN BARU,PULAU PINANG,34657,M,1,,1
2023,PHEE SYN TZE,PH,PAKATAN HARAPAN,PH,23838,90.48052835345024,043,04307,007,BAGAN,PULAU PINANG,26346,F,1,,1
2023,LOH XIANG PIN,MUDA,IKATAN DEMOKRATIK MALAYSIA,MUDA,472,2.338601793588664,052,05236,036,BAYAN BARU,PULAU PINANG,20183,F,1,,0
2023,VIKNESWARY A/P HARIKRISHNAN,MUDA,IKATAN DEMOKRATIK MALAYSIA,MUDA,253,1.8184431826349459,046,04616,016,BATU KAWAN,PULAU PINANG,13913,F,1,,0
2023,LEE KIM NOOR,MUDA,IKATAN DEMOKRATIK MALAYSIA,MUDA,803,2.70908538848217,052,05235,035,BAYAN BARU,PULAU PINANG,29641,F,1,,0
2023,LEE CHUI WAH,PRM,PARTI RAKYAT MALAYSIA,PRM,518,2.845372150508102,048,04822,022,BUKIT BENDERA,PULAU PINANG,18205,F,1,,0
2023,RAVINDER SINGH A/L MALL SINGH,PRM,PARTI RAKYAT MALAYSIA,PRM,76,0.3765545260863103,052,05236,036,BAYAN BARU,PULAU PINANG,20183,M,1,,0
2023,GOH CHUIN LOON,PRM,PARTI RAKYAT MALAYSIA,PRM,220,1.6170525542080119,048,04825,025,BUKIT BENDERA,PULAU PINANG,13605,F,1,,0
2023,TEH YEE CHEU,PRM,PARTI RAKYAT MALAYSIA,PRM,437,4.1595278888254335,048,04823,023,BUKIT BENDERA,PULAU PINANG,10506,M,1,,0
2023,ABDUL GHANI BIN HAROON,PRM,PARTI RAKYAT MALAYSIA,PRM,623,2.531697009102731,050,05030,030,JELUTONG,PULAU PINANG,24608,M,1,,0
2023,OOI KHAR GIAP,PFP,PENANG FRONT PARTY,PFP,218,0.8582677165354331,045,04515,015,BUKIT MERTAJAM,PULAU PINANG,25400,M,1,,0
2023,RAJASAKANAN A/L SINNAKANNU,PFP,PENANG FRONT PARTY,PFP,115,0.7825258573761568,043,04309,009,BAGAN,PULAU PINANG,14696,M,1,,0
2023,MOHD ASWAAD BIN JAAFAR,PN,PERIKATAN NASIONAL,PN,1865,7.882168970035079,050,05031,031,JELUTONG,PULAU PINANG,23661,M,1,,0
2023,SURESH A/L DEVARAJ NAIDU,PN,PERIKATAN NASIONAL,PN,2867,11.28740157480315,045,04515,015,BUKIT MERTAJAM,PULAU PINANG,25400,M,1,,0
2023,DOMINIC LAU HOE CHAI,PN,PERIKATAN NASIONAL,PN,13573,46.74702944721887,053,05338,038,BALIK PULAU,PULAU PINANG,29035,M,1,,0
2023,JAYARAMAN A/L K KUNCHU KANNU,PN,PERIKATAN NASIONAL,PN,2964,20.168753402286335,043,04309,009,BAGAN,PULAU PINANG,14696,M,1,,0
2023,KHALIQ MEHTAB BIN MOHD ISHAQ,PN,PERIKATAN NASIONAL,PN,8132,43.75571697605596,041,04102,002,KEPALA BATAS,PULAU PINANG,18585,M,1,,0
2023,MOHD YUSNI BIN MAT PIAH,PN,PERIKATAN NASIONAL,PN,13223,63.240709742216275,041,04101,001,KEPALA BATAS,PULAU PINANG,20909,M,1,,1
2023,MOK KOK ON,PN,PERIKATAN NASIONAL,PN,6065,20.461522890590736,052,05235,035,BAYAN BARU,PULAU PINANG,29641,M,1,,0
2023,MOHAMAD SHUKOR BIN ZAKARIAH,PN,PERIKATAN NASIONAL,PN,9534,52.9166897929733,053,05339,039,BALIK PULAU,PULAU PINANG,18017,M,1,,1
2023,ONG CHUAN JIN,PN,PERIKATAN NASIONAL,PN,3538,15.233584499461786,043,04308,008,BAGAN,PULAU PINANG,23225,M,1,,0
2023,NG FOOK ON,PN,PERIKATAN NASIONAL,PN,7738,31.445058517555267,050,05030,030,JELUTONG,PULAU PINANG,24608,M,1,,0
2023,AZMI BIN ALANG,PN,PERIKATAN NASIONAL,PN,10223,55.26244661873615,042,04206,006,TASEK GELUGOR,PULAU PINANG,18499,M,1,,1
2023,MOHAN A/L APPAROO,PN,PERIKATAN NASIONAL,PN,3950,19.425592603521196,051,05132,032,BUKIT GELUGOR,PULAU PINANG,20334,M,1,,0
2023,TAN ZHEN ZUNE,PN,PERIKATAN NASIONAL,PN,1204,7.4689826302729525,048,04824,024,BUKIT BENDERA,PULAU PINANG,16120,M,1,,0
2023,KONG CHENG ANN,PN,PERIKATAN NASIONAL,PN,1073,10.21321149819151,048,04823,023,BUKIT BENDERA,PULAU PINANG,10506,M,1,,0
2023,ZULKEFLI BIN BAKAR,PN,PERIKATAN NASIONAL,PN,12586,58.27661249247581,044,04412,012,PERMATANG PAUH,PULAU PINANG,21597,M,1,,1
2023,BALJIT SINGH A/L JIGIRI SINGH,PN,PERIKATAN NASIONAL,PN,7353,31.419048839892323,046,04617,017,BATU KAWAN,PULAU PINANG,23403,M,1,,0
2023,KOH TIEN YEW,PN,PERIKATAN NASIONAL,PN,5322,20.498401571467088,047,04719,019,NIBONG TEBAL,PULAU PINANG,25963,M,1,,0
2023,TANG CHING SERN,PN,PERIKATAN NASIONAL,PN,1808,13.289231900036752,048,04825,025,BUKIT BENDERA,PULAU PINANG,13605,M,1,,0
2023,HENG SEE LIN,PN,PERIKATAN NASIONAL,PN,5054,27.38998482549317,050,05029,029,JELUTONG,PULAU PINANG,18452,F,1,,0
2023,OH TONG KEONG,PN,PERIKATAN NASIONAL,PN,5519,27.34479512460982,052,05236,036,BAYAN BARU,PULAU PINANG,20183,M,1,,0
2023,OOI GHEE OON,PN,PERIKATAN NASIONAL,PN,3728,8.423335894075647,051,05134,034,BUKIT GELUGOR,PULAU PINANG,44258,M,1,,0
2023,TEOW CHIN SIANG,PN,PERIKATAN NASIONAL,PN,2508,9.51947164654976,043,04307,007,BAGAN,PULAU PINANG,26346,M,1,,0
2023,AZAHARI BIN ARIS,PN,PERIKATAN NASIONAL,PN,15718,45.35303113368151,052,05237,037,BAYAN BARU,PULAU PINANG,34657,M,1,,0
2023,IZHAR SHAH BIN ARIF SHAH,PN,PERIKATAN NASIONAL,PN,20877,56.68784620397523,044,04410,010,PERMATANG PAUH,PULAU PINANG,36828,M,1,,1
2023,TAN GIA WEI,PN,PERIKATAN NASIONAL,PN,4810,17.642959322158237,046,04618,018,BATU KAWAN,PULAU PINANG,27263,M,1,,0
2023,NOR ZAMRI BIN LATIFF,PN,PERIKATAN NASIONAL,PN,15433,52.66696242705525,047,04720,020,NIBONG TEBAL,PULAU PINANG,29303,M,1,,1
2023,CHEAH KIM HUAT,PN,PERIKATAN NASIONAL,PN,1435,13.39369049841329,049,04928,028,TANJONG,PULAU PINANG,10714,M,1,,0
2023,SIVASUNTARAM A/L RAJALINGGAM,PN,PERIKATAN NASIONAL,PN,1541,11.075972112412853,046,04616,016,BATU KAWAN,PULAU PINANG,13913,M,1,,0
2023,SUTHAKARAN A/L SUBRAMANIAM,PN,PERIKATAN NASIONAL,PN,845,5.359634656856526,049,04927,027,TANJONG,PULAU PINANG,15766,M,1,,0
2023,LEE KOK KEONG,PN,PERIKATAN NASIONAL,PN,1130,5.5629399891694975,045,04513,013,BUKIT MERTAJAM,PULAU PINANG,20313,M,1,,0
2023,H'NG KHOON LENG,PN,PERIKATAN NASIONAL,PN,1145,12.173081012119924,049,04926,026,TANJONG,PULAU PINANG,9406,M,1,,0
2023,BUKHORI BIN GHAZALI,PN,PERIKATAN NASIONAL,PN,17060,62.73904089438071,041,04103,003,KEPALA BATAS,PULAU PINANG,27192,M,1,,1
2023,HNG CHEE WEY,PN,PERIKATAN NASIONAL,PN,4430,24.33397418291678,048,04822,022,BUKIT BENDERA,PULAU PINANG,18205,M,1,,0
2023,MUHAMMAD FAUZI BIN YUSOFF,PN,PERIKATAN NASIONAL,PN,13988,62.26020385454222,042,04205,005,TASEK GELUGOR,PULAU PINANG,22467,M,1,,1
2023,MUHAMAD BIN KASIM,PN,PERIKATAN NASIONAL,PN,7245,53.484423446035734,053,05340,040,BALIK PULAU,PULAU PINANG,13546,M,1,,1
2023,ZULKIFLI BIN IBRAHIM,PN,PERIKATAN NASIONAL,PN,9432,49.67347798609648,047,04721,021,NIBONG TEBAL,PULAU PINANG,18988,M,1,,0
2023,AMIR HAMZAH B ABDUL HASHIM @ MD HASHIM,PN,PERIKATAN NASIONAL,PN,13526,56.49014366855998,044,04411,011,PERMATANG PAUH,PULAU PINANG,23944,M,1,,1
2023,MOHD SOBRI BIN SALEH,PN,PERIKATAN NASIONAL,PN,15950,69.49588253235153,042,04204,004,TASEK GELUGOR,PULAU PINANG,22951,M,1,,1
2023,CHEANG CHEE GOOI,PN,PERIKATAN NASIONAL,PN,3267,20.778477389811105,051,05133,033,BUKIT GELUGOR,PULAU PINANG,15723,M,1,,0
2023,TAN HUM WEI,PN,PERIKATAN NASIONAL,PN,12855,30.877690238278248,045,04514,014,BUKIT MERTAJAM,PULAU PINANG,41632,M,1,,0
2023,NOR HAFIZAH BINTI OTHMAN,BN,BARISAN NASIONAL OF MALAYSIA,BN,7001,30.504117467648467,042,04204,004,TASEK GELUGOR,PULAU PINANG,22951,F,1,,0
2023,AHMAD ZAKI SHAH BIN SHAH HEADAN,BN,BARISAN NASIONAL OF MALAYSIA,BN,6301,46.51557655396427,053,05340,040,BALIK PULAU,PULAU PINANG,13546,M,1,,0
2023,SHAIK HUSSEIN BIN MYDIN,BN,BARISAN NASIONAL OF MALAYSIA,BN,8479,37.73979614545778,042,04205,005,TASEK GELUGOR,PULAU PINANG,22467,M,1,,0
2023,RASHIDI BIN ZINOL,BN,BARISAN NASIONAL OF MALAYSIA,BN,9556,50.32652201390352,047,04721,021,NIBONG TEBAL,PULAU PINANG,18988,M,1,,1
2023,MOHD NAIM BIN SALLEH,BN,BARISAN NASIONAL OF MALAYSIA,BN,7686,36.759290257783725,041,04101,001,KEPALA BATAS,PULAU PINANG,20909,M,1,,0
2023,REEZAL MERICAN BIN NAINA MERICAN,BN,BARISAN NASIONAL OF MALAYSIA,BN,10453,56.24428302394404,041,04102,002,KEPALA BATAS,PULAU PINANG,18585,M,1,,1
2023,MOHD DAUD LEONG BIN ABDULLAH,PUR,PARTI UTAMA RAKYAT,PUR,668,0.9658064049736138,113,11355,055,SEPANG,SELANGOR,69165,M,1,,0
2023,NURHASLINDA BINTI BASRI,BEBAS,BEBAS,BEBAS,245,0.45955020351509007,107,10738,038,SUNGAI BULOH,SELANGOR,53313,F,1,,0
2023,SALLEHUDIN BIN AMIRUDDIN,BEBAS,BEBAS,BEBAS,1287,3.853293413173653,097,09713,013,SELAYANG,SELANGOR,33400,M,1,,0
2023,TAN CAT KEONG,BEBAS,BEBAS,BEBAS,194,0.8203653585926929,096,09611,011,KUALA SELANGOR,SELANGOR,23648,M,1,,0
2023,MOHAMED SALIM BIN MOHAMED ALI,BEBAS,BEBAS,BEBAS,1076,1.7462996624253442,098,09817,017,GOMBAK,SELANGOR,61616,M,1,,0
2023,ANG WEI YANG,BEBAS,BEBAS,BEBAS,1439,4.259538821300654,112,11252,052,KUALA LANGAT,SELANGOR,33783,M,1,,0
2023,SIVANESWARAN A/L RAMASUNDRAM,BEBAS,BEBAS,BEBAS,171,0.3677261193066965,100,10021,021,PANDAN,SELANGOR,46502,M,1,,0
2023,SUMAN A/L GOPAL,BEBAS,BEBAS,BEBAS,430,1.2427386491719892,098,09816,016,GOMBAK,SELANGOR,34601,M,1,,0
2023,NAGESWARAN A/L RAVI,BEBAS,BEBAS,BEBAS,230,0.6620610247553252,113,11356,056,SEPANG,SELANGOR,34740,M,1,,0
2023,HARINDRAN A/L KRISHNAN,BEBAS,BEBAS,BEBAS,693,1.2497069590463996,105,10532,032,PETALING JAYA,SELANGOR,55453,M,1,,0
2023,WONG JUNG LIK,BEBAS,BEBAS,BEBAS,1229,2.7657132569705425,103,10328,028,PUCHONG,SELANGOR,44437,M,1,,0
2023,SIVARAJAN A/L ARUMUGAM,PSM,PARTI SOSIALIS MALAYSIA (BARU),PSM,895,1.3885225809454367,107,10739,039,SUNGAI BULOH,SELANGOR,64457,M,1,,0
2023,SIVARANJANI A/P MANICKAM,PSM,PARTI SOSIALIS MALAYSIA (BARU),PSM,899,1.7477691156171629,109,10942,042,KAPAR,SELANGOR,51437,F,1,,0
2023,ARUTCHELVAN A/L SUBRAMANIAMS,PSM,PARTI SOSIALIS MALAYSIA (BARU),PSM,2681,3.4426966292134833,102,10225,025,BANGI,SELANGOR,77875,M,1,,0
2023,DARREN ONG CHUNG LEE,PSM,PARTI SOSIALIS MALAYSIA (BARU),PSM,1782,2.576447625243982,113,11355,055,SEPANG,SELANGOR,69165,M,1,,0
2023,AZMIZAM BIN ZAMAN HURI,PH,PAKATAN HARAPAN,PH,21889,56.39169414674361,110,11046,046,KLANG,SELANGOR,38816,M,1,,1
2023,MICHELLE NG MEI SZE,PH,PAKATAN HARAPAN,PH,60364,81.25891823492987,104,10431,031,SUBANG,SELANGOR,74286,F,1,,1
2023,MAZWAN BIN JOHAR,PH,PAKATAN HARAPAN,PH,32492,44.661929045648854,102,10226,026,BANGI,SELANGOR,72751,M,1,,0
2023,BORHAN BIN AMAN SHAH,PH,PAKATAN HARAPAN,PH,13860,55.00873154468964,113,11354,054,SEPANG,SELANGOR,25196,M,1,,1
2023,MOHD KHAIRUDDIN BIN OTHMAN,PH,PAKATAN HARAPAN,PH,25541,47.90763978766905,107,10738,038,SUNGAI BULOH,SELANGOR,53313,M,1,,0
2023,MOHD NAJWAN BIN HALIMI,PH,PAKATAN HARAPAN,PH,38470,55.96694647715205,108,10840,040,SHAH ALAM,SELANGOR,68737,M,1,,1
2023,YEW JIA HAUR,PH,PAKATAN HARAPAN,PH,42519,80.06590716505038,100,10022,022,PANDAN,SELANGOR,53105,M,1,,1
2023,GUNARAJAH A/L R GEORGE,PH,PAKATAN HARAPAN,PH,54601,83.53119358688002,111,11148,048,KOTA RAJA,SELANGOR,65366,M,1,,1
2023,JAMALIAH BINTI JAMALUDDIN,PH,PAKATAN HARAPAN,PH,39845,85.24818142918271,106,10636,036,DAMANSARA,SELANGOR,46740,F,1,,1
2023,MOHD.KAMRI BIN KAMARUDDIN,PH,PAKATAN HARAPAN,PH,30772,65.85626845867397,099,09919,019,AMPANG,SELANGOR,46726,M,1,,1
2023,LIM YI WEI,PH,PAKATAN HARAPAN,PH,33640,90.90172129597103,106,10635,035,DAMANSARA,SELANGOR,37007,F,1,,1
2023,CHEONG KIAN YOUNG,PH,PAKATAN HARAPAN,PH,54794,70.36147672552167,102,10225,025,BANGI,SELANGOR,77875,M,1,,1
2023,PREAKAS A/L SAMPUNATHAN,PH,PAKATAN HARAPAN,PH,41254,70.07524927383602,111,11150,050,KOTA RAJA,SELANGOR,58871,M,1,,1
2023,AMIDI BIN ABDUL MANAN,PH,PAKATAN HARAPAN,PH,11271,47.661535859269286,096,09611,011,KUALA SELANGOR,SELANGOR,23648,M,1,,0
2023,LEONG TUCK CHEE,PH,PAKATAN HARAPAN,PH,46999,86.74763284667492,110,11047,047,KLANG,SELANGOR,54179,M,1,,1
2023,MARIAM BINTI ABDUL RASHID,PH,PAKATAN HARAPAN,PH,26980,52.45251472675312,109,10942,042,KAPAR,SELANGOR,51437,F,1,,1
2023,CHUA WEI KIAT,PH,PAKATAN HARAPAN,PH,39168,74.35362010706557,097,09714,014,SELAYANG,SELANGOR,52678,M,1,,1
2023,ANFAAL BINTI SAARI,PH,PAKATAN HARAPAN,PH,22247,49.66735131273442,097,09715,015,SELAYANG,SELANGOR,44792,F,1,,1
2023,LEE KEE HIONG,PH,PAKATAN HARAPAN,PH,14862,54.40368987480782,094,09406,006,HULU SELANGOR,SELANGOR,27318,F,1,,1
2023,QUAH PERNG FEI,PH,PAKATAN HARAPAN,PH,53658,87.04496788008565,110,11045,045,KLANG,SELANGOR,61644,M,1,,1
2023,PUA PEI LING,PH,PAKATAN HARAPAN,PH,57051,78.2861063464837,106,10637,037,DAMANSARA,SELANGOR,72875,F,1,,1
2023,SYED AHMAD BIN ABDUL RAHMAN ALHADAD,PH,PAKATAN HARAPAN,PH,26298,57.27165817326538,099,09920,020,AMPANG,SELANGOR,45918,M,1,,1
2023,HASNUL BIN BAHARUDDIN,PH,PAKATAN HARAPAN,PH,15093,44.35334567574716,112,11253,053,KUALA LANGAT,SELANGOR,34029,M,1,,0
2023,MOHD YAHYA BIN MAT SAHRI,PH,PAKATAN HARAPAN,PH,11122,46.39579509427666,095,09509,009,TANJONG KARANG,SELANGOR,23972,M,1,,0
2023,ONG CHUN WEI,PH,PAKATAN HARAPAN,PH,54995,76.21469552925525,102,10227,027,BANGI,SELANGOR,72158,M,1,,1
2023,DANIAL AL-RASHID BIN HARON AMINAR RASHID,PH,PAKATAN HARAPAN,PH,29064,51.30087902001625,108,10841,041,SHAH ALAM,SELANGOR,56654,M,1,,1
2023,JUWAIRIYA BINTI ZULKIFLI,PH,PAKATAN HARAPAN,PH,23980,48.36920346128245,098,09818,018,GOMBAK,SELANGOR,49577,F,1,,0
2023,MUHAMMAD IZUAN BIN AHMAD KASIM,PH,PAKATAN HARAPAN,PH,34628,53.7226367966241,107,10739,039,SUNGAI BULOH,SELANGOR,64457,M,1,,1
2023,WONG SIEW KI,PH,PAKATAN HARAPAN,PH,39684,89.30395841303418,103,10328,028,PUCHONG,SELANGOR,44437,F,1,,1
2023,NG SUEE LIM,PH,PAKATAN HARAPAN,PH,10232,62.21573634926426,093,09304,004,SUNGAI BESAR,SELANGOR,16446,M,1,,1
2023,ABBAS SALIMMI BIN CHE ADZMI @ AZMI,PH,PAKATAN HARAPAN,PH,37411,56.76590191794125,103,10329,029,PUCHONG,SELANGOR,65904,M,1,,1
2023,SAMAD BIN HASHIM,PH,PAKATAN HARAPAN,PH,9216,40.69413167306928,092,09202,002,SABAK BERNAM,SELANGOR,22647,M,1,,0
2023,NG SZE HAN,PH,PAKATAN HARAPAN,PH,71290,80.9699585439264,104,10430,030,SUBANG,SELANGOR,88045,M,1,,1
2023,MOHAMMAD FAHMI BIN NGAH,PH,PAKATAN HARAPAN,PH,32367,58.36834797035328,105,10532,032,PETALING JAYA,SELANGOR,55453,M,1,,1
2023,AHMAD AKHIR BIN PAWAN CHIK,PH,PAKATAN HARAPAN,PH,22286,49.966369221111165,105,10533,033,PETALING JAYA,SELANGOR,44602,M,1,,0
2023,THIBAN A/L SUBBRAMANIAM,PH,PAKATAN HARAPAN,PH,13795,48.459619910773874,096,09610,010,KUALA SELANGOR,SELANGOR,28467,M,1,,0
2023,MOHD AMRAN BIN SAKIR,PH,PAKATAN HARAPAN,PH,10049,48.38927144026581,094,09405,005,HULU SELANGOR,SELANGOR,20767,M,1,,0
2023,ERNY AFRISHAH BINTI AZIZI,PH,PAKATAN HARAPAN,PH,22261,40.800205274830006,109,10943,043,KAPAR,SELANGOR,54561,F,1,,0
2023,LWI KIAN KEONG,PH,PAKATAN HARAPAN,PH,17984,51.76741508347726,113,11356,056,SEPANG,SELANGOR,34740,M,1,,1
2023,AMIRUDIN BIN SHARI,PH,PAKATAN HARAPAN,PH,19678,56.87118869396838,098,09816,016,GOMBAK,SELANGOR,34601,M,1,,1
2023,IZHAM BIN HASHIM,PH,PAKATAN HARAPAN,PH,27878,59.95010967270225,100,10021,021,PANDAN,SELANGOR,46502,M,1,,1
2023,PAPPARAIDU A/L VERAMAN,PH,PAKATAN HARAPAN,PH,27223,80.58194950122844,112,11252,052,KUALA LANGAT,SELANGOR,33783,M,1,,1
2023,RAJIV A/L RISHYAKARAN,PH,PAKATAN HARAPAN,PH,28227,85.86943295205646,105,10534,034,PETALING JAYA,SELANGOR,32872,M,1,,1
2023,MOHD ZAWAWI BIN AHMAD MUGHNI,PH,PAKATAN HARAPAN,PH,28759,48.72259682173957,111,11149,049,KOTA RAJA,SELANGOR,59026,M,1,,0
2023,AFRIENA SHAQIRA BINTI SARIFF,MUDA,IKATAN DEMOKRATIK MALAYSIA,MUDA,1341,2.271880188391556,111,11149,049,KOTA RAJA,SELANGOR,59026,F,1,,0
2023,KALYANA RAJASEKARAN A/L TEAGARAJAN,MUDA,IKATAN DEMOKRATIK MALAYSIA,MUDA,1390,4.228522754928207,105,10534,034,PETALING JAYA,SELANGOR,32872,M,1,,0
2023,NOOR FARALISA BINTI REDZUAN,MUDA,IKATAN DEMOKRATIK MALAYSIA,MUDA,1166,2.5074190357403983,100,10021,021,PANDAN,SELANGOR,46502,F,1,,0
2023,CHEW CHUAN YANG,MUDA,IKATAN DEMOKRATIK MALAYSIA,MUDA,1357,2.447117378681045,105,10532,032,PETALING JAYA,SELANGOR,55453,M,1,,0
2023,AL HAFIZ IKHWAN BIN MOHAMAD ASAAD,MUDA,IKATAN DEMOKRATIK MALAYSIA,MUDA,3110,5.80158937432377,101,10123,023,HULU LANGAT,SELANGOR,53606,M,1,,0
2023,AMIR HARIRI BIN ABD HADI,MUDA,IKATAN DEMOKRATIK MALAYSIA,MUDA,1834,2.782835639718378,103,10329,029,PUCHONG,SELANGOR,65904,M,1,,0
2023,SAIYIDAH IZZATI NUR BT RAZAK MAIDEEN,MUDA,IKATAN DEMOKRATIK MALAYSIA,MUDA,1908,3.367811628481661,108,10841,041,SHAH ALAM,SELANGOR,56654,F,1,,0
2023,SIVA PRAKASH A/L RAMASAMY,MUDA,IKATAN DEMOKRATIK MALAYSIA,MUDA,1186,4.341459843326744,094,09406,006,HULU SELANGOR,SELANGOR,27318,M,1,,0
2023,AIDA NAZEERA BINTI ABD RAHMAN,MUDA,IKATAN DEMOKRATIK MALAYSIA,MUDA,765,1.7078942668333632,097,09715,015,SELAYANG,SELANGOR,44792,F,1,,0
2023,LIM HOOI SEAN,MUDA,IKATAN DEMOKRATIK MALAYSIA,MUDA,2496,5.34017971758665,106,10636,036,DAMANSARA,SELANGOR,46740,F,1,,0
2023,MELANIE TING YI-HLIN,MUDA,IKATAN DEMOKRATIK MALAYSIA,MUDA,1462,3.12887899670419,099,09919,019,AMPANG,SELANGOR,46726,F,1,,0
2023,THANUSHA A/P RAMANIESWARAN,MUDA,IKATAN DEMOKRATIK MALAYSIA,MUDA,2357,3.6058501361564117,111,11148,048,KOTA RAJA,SELANGOR,65366,F,1,,0
2023,AZAD BIN AKBAR KHAN,MUDA,IKATAN DEMOKRATIK MALAYSIA,MUDA,2631,3.827632861486536,108,10840,040,SHAH ALAM,SELANGOR,68737,M,1,,0
2023,ZAYD BIN SHAUKAT ALI,MUDA,IKATAN DEMOKRATIK MALAYSIA,MUDA,4749,6.392860027461433,104,10431,031,SUBANG,SELANGOR,74286,M,1,,0
2023,JEICHANDRAN A/L WADIVELU,PRM,PARTI RAKYAT MALAYSIA,PRM,156,0.2386561821130251,111,11148,048,KOTA RAJA,SELANGOR,65366,M,1,,0
2023,CHNG BOON LAI,PRM,PARTI RAKYAT MALAYSIA,PRM,527,1.9291309759133173,094,09406,006,HULU SELANGOR,SELANGOR,27318,M,1,,0
2023,TAN KANG YAP,PRM,PARTI RAKYAT MALAYSIA,PRM,479,0.8841063880839439,110,11047,047,KLANG,SELANGOR,54179,M,1,,0
2023,K GUNASEKARAN A/L KUPPAN,PRM,PARTI RAKYAT MALAYSIA,PRM,651,1.1058076132561023,111,11150,050,KOTA RAJA,SELANGOR,58871,M,1,,0
2023,SYED AHMAD PUTRA BIN SYED ISA,PRM,PARTI RAKYAT MALAYSIA,PRM,269,0.6930131904369332,110,11046,046,KLANG,SELANGOR,38816,M,1,,0
2023,MOHAMAD EZAM BIN MOHD NOR,PRM,PARTI RAKYAT MALAYSIA,PRM,742,1.7375828396131419,109,10944,044,KAPAR,SELANGOR,42703,M,1,,0
2023,ABDUL RASHID BIN ASARI,PN,PERIKATAN NASIONAL,PN,25143,58.87876729972133,109,10944,044,KAPAR,SELANGOR,42703,M,1,,1
2023,NALLAN A/L DHANABALAN,PN,PERIKATAN NASIONAL,PN,3255,9.902044293015331,105,10534,034,PETALING JAYA,SELANGOR,32872,M,1,,0
2023,WAN DZAHANURIN BIN AHMAD,PN,PERIKATAN NASIONAL,PN,28926,49.00552298986887,111,11149,049,KOTA RAJA,SELANGOR,59026,M,1,,1
2023,FAZIL BIN MOHAMAD DALI,PN,PERIKATAN NASIONAL,PN,17287,37.17474517225065,100,10021,021,PANDAN,SELANGOR,46502,M,1,,0
2023,MUHAMMAD HANIF BIN JAMALUDDIN,PN,PERIKATAN NASIONAL,PN,14493,41.88607265685963,098,09816,016,GOMBAK,SELANGOR,34601,M,1,,0
2023,SUHAIMI BIN MOHD GHAZALI,PN,PERIKATAN NASIONAL,PN,16526,47.570523891767415,113,11356,056,SEPANG,SELANGOR,34740,M,1,,0
2023,NUSHI BIN MAHFODZ,PN,PERIKATAN NASIONAL,PN,37068,50.86587809095151,101,10124,024,HULU LANGAT,SELANGOR,72874,M,1,,1
2023,AFIF BIN BAHARDIN,PN,PERIKATAN NASIONAL,PN,22316,50.033630778888835,105,10533,033,PETALING JAYA,SELANGOR,44602,M,1,,1
2023,MOHD ZUBIR BIN EMBONG,PN,PERIKATAN NASIONAL,PN,21036,37.93482769191928,105,10532,032,PETALING JAYA,SELANGOR,55453,M,1,,0
2023,WONG YONG KANG,PN,PERIKATAN NASIONAL,PN,16755,19.030041456073597,104,10430,030,SUBANG,SELANGOR,88045,M,1,,0
2023,MU'IZZUDDEEN BIN MAHYUDDIN,PN,PERIKATAN NASIONAL,PN,10718,51.6107285597342,094,09405,005,HULU SELANGOR,SELANGOR,20767,M,1,,1
2023,NOOR NAJHAN BIN MOHAMAD SALLEH,PN,PERIKATAN NASIONAL,PN,32300,59.199794725169994,109,10943,043,KAPAR,SELANGOR,54561,M,1,,1
2023,MOHD RAZALI BIN SAARI,PN,PERIKATAN NASIONAL,PN,16977,55.885838435710056,093,09303,003,SUNGAI BESAR,SELANGOR,30378,M,1,,1
2023,RINA BINTI MOHD HARUN,PN,PERIKATAN NASIONAL,PN,25682,45.3313093515021,108,10841,041,SHAH ALAM,SELANGOR,56654,F,1,,0
2023,MOHAMED AZMIN BIN ALI,PN,PERIKATAN NASIONAL,PN,25597,51.63079653871755,098,09818,018,GOMBAK,SELANGOR,49577,M,1,,1
2023,NURUL SYAZWANI BINTI NOH,PN,PERIKATAN NASIONAL,PN,12850,53.60420490572334,095,09509,009,TANJONG KARANG,SELANGOR,23972,F,1,,1
2023,ROSNIZAN BIN AHMAD,PN,PERIKATAN NASIONAL,PN,18936,55.64665432425284,112,11253,053,KUALA LANGAT,SELANGOR,34029,M,1,,1
2023,MOHD RADZLAN BIN JALALUDIN,PN,PERIKATAN NASIONAL,PN,28934,44.88884062243046,107,10739,039,SUNGAI BULOH,SELANGOR,64457,M,1,,0
2023,SHARIFAH HASLIZAH BINTI SYED ARIFFIN,PN,PERIKATAN NASIONAL,PN,19620,42.728341826734614,099,09920,020,AMPANG,SELANGOR,45918,F,1,,0
2023,AZHAR BIN HAMBALI,PN,PERIKATAN NASIONAL,PN,23741,44.28795284109987,101,10123,023,HULU LANGAT,SELANGOR,53606,M,1,,0
2023,GOH GAIK MENG,PN,PERIKATAN NASIONAL,PN,6214,37.78426365073574,093,09304,004,SUNGAI BESAR,SELANGOR,16446,M,1,,0
2023,LIAU WEI JIAN,PN,PERIKATAN NASIONAL,PN,3524,7.930328329995275,103,10328,028,PUCHONG,SELANGOR,44437,M,1,,0
2023,HARRISON BIN HASSAN,PN,PERIKATAN NASIONAL,PN,16731,59.61730330672748,096,09612,012,KUALA SELANGOR,SELANGOR,28064,M,1,,1
2023,SALLEHEN BIN MUKHYI,PN,PERIKATAN NASIONAL,PN,13431,59.30586832693072,092,09202,002,SABAK BERNAM,SELANGOR,22647,M,1,,1
2023,MOHD SHUKOR BIN MUSTAFFA,PN,PERIKATAN NASIONAL,PN,26659,40.45126244234037,103,10329,029,PUCHONG,SELANGOR,65904,M,1,,0
2023,AHMAD YUNUS BIN HAIRI,PN,PERIKATAN NASIONAL,PN,30422,61.413921188630496,112,11251,051,KUALA LANGAT,SELANGOR,49536,M,1,,1
2023,LAI CHOON WEN,PN,PERIKATAN NASIONAL,PN,17163,23.785304470744755,102,10227,027,BANGI,SELANGOR,72158,M,1,,0
2023,MOHAMAD ZAIDI BIN SELAMAT,PN,PERIKATAN NASIONAL,PN,7024,47.15993017322412,092,09201,001,SABAK BERNAM,SELANGOR,14894,M,1,,0
2023,MUHAMMAD MUHAIMIN HARITH BIN ABDULLAH SANI,PN,PERIKATAN NASIONAL,PN,32285,52.41752175607222,094,09407,007,HULU SELANGOR,SELANGOR,61592,M,1,,1
2023,LIEW SIN KIM,PN,PERIKATAN NASIONAL,PN,20400,26.195826645264848,102,10225,025,BANGI,SELANGOR,77875,M,1,,0
2023,CHEW JYH GANG,PN,PERIKATAN NASIONAL,PN,16966,28.818943112907885,111,11150,050,KOTA RAJA,SELANGOR,58871,M,1,,0
2023,JEFRI BIN MEJAN,PN,PERIKATAN NASIONAL,PN,12183,51.518098782138026,096,09611,011,KUALA SELANGOR,SELANGOR,23648,M,1,,1
2023,GUNALAN A/L BALAKRISHNAN,PN,PERIKATAN NASIONAL,PN,6701,12.368260765241144,110,11047,047,KLANG,SELANGOR,54179,M,1,,0
2023,MUHAMMAD HILMAN BIN IDHAM,PN,PERIKATAN NASIONAL,PN,30299,49.17391586600883,098,09817,017,GOMBAK,SELANGOR,61616,M,1,,1
2023,HASNIZAM BIN ADHAM,PN,PERIKATAN NASIONAL,PN,23558,45.799716157629724,109,10942,042,KAPAR,SELANGOR,51437,M,1,,0
2023,REJEAN KUMAR A/L RATNAM,PN,PERIKATAN NASIONAL,PN,13510,25.646379892934434,097,09714,014,SELAYANG,SELANGOR,52678,M,1,,0
2023,TEOH KIEN HONG,PN,PERIKATAN NASIONAL,PN,10743,39.32571930595212,094,09406,006,HULU SELANGOR,SELANGOR,27318,M,1,,0
2023,ZAIDY BIN ABDUL TALIB,PN,PERIKATAN NASIONAL,PN,21780,48.62475442043222,097,09715,015,SELAYANG,SELANGOR,44792,M,1,,0
2023,MOHD ZAMRI BIN MOHD ZAINULDIN,PN,PERIKATAN NASIONAL,PN,15447,64.22334940961251,095,09508,008,TANJONG KARANG,SELANGOR,24052,M,1,,1
2023,TAN SENG HUAT,PN,PERIKATAN NASIONAL,PN,7986,12.955032119914348,110,11045,045,KLANG,SELANGOR,61644,M,1,,0
2023,SARAVANAN A/L MUTTO KRISHNAN,PN,PERIKATAN NASIONAL,PN,5121,15.158511677470917,112,11252,052,KUALA LANGAT,SELANGOR,33783,M,1,,0
2023,MUNIRAA BINTI ABU BAKAR,PN,PERIKATAN NASIONAL,PN,15824,21.713893653516294,106,10637,037,DAMANSARA,SELANGOR,72875,F,1,,0
2023,NOORAZLEY BIN YAHYA,PN,PERIKATAN NASIONAL,PN,14672,51.540380089226126,096,09610,010,KUALA SELANGOR,SELANGOR,28467,M,1,,1
2023,PARAMESWARAN A/L GANASON,PN,PERIKATAN NASIONAL,PN,8252,12.624300094850534,111,11148,048,KOTA RAJA,SELANGOR,65366,M,1,,0
2023,GANA PRAGASAM A/L SEBASTIAN,PN,PERIKATAN NASIONAL,PN,9173,12.348221737608702,104,10431,031,SUBANG,SELANGOR,74286,M,1,,0
2023,CHEW HAN KEAI,PN,PERIKATAN NASIONAL,PN,10586,19.93409283494963,100,10022,022,PANDAN,SELANGOR,53105,M,1,,0
2023,NUR ALIFF BIN MOHD TAFID,PN,PERIKATAN NASIONAL,PN,4399,9.411638853230638,106,10636,036,DAMANSARA,SELANGOR,46740,M,1,,0
2023,CHIN YOKE KHENG,PN,PERIKATAN NASIONAL,PN,3367,9.098278704028967,106,10635,035,DAMANSARA,SELANGOR,37007,F,1,,0
2023,SASHA LYNA BINTI ABDUL LATIF,PN,PERIKATAN NASIONAL,PN,14492,31.01485254462184,099,09919,019,AMPANG,SELANGOR,46726,F,1,,0
2023,AB HALIM BIN TAMURI,PN,PERIKATAN NASIONAL,PN,27527,51.632810008815866,107,10738,038,SUNGAI BULOH,SELANGOR,53313,M,1,,1
2023,MOHD RAFIQ BIN MOHD ABDULLAH,PN,PERIKATAN NASIONAL,PN,18494,55.37125748502994,097,09713,013,SELAYANG,SELANGOR,33400,M,1,,1
2023,SABIRIN BIN MARSONO,PN,PERIKATAN NASIONAL,PN,11336,44.99126845531037,113,11354,054,SEPANG,SELANGOR,25196,M,1,,0
2023,MOHD SHAFIE BIN NGAH,PN,PERIKATAN NASIONAL,PN,40259,55.338070954351146,102,10226,026,BANGI,SELANGOR,72751,M,1,,1
2023,MOHAMED SUKRI BIN OMAR,PN,PERIKATAN NASIONAL,PN,27636,40.205420661361416,108,10840,040,SHAH ALAM,SELANGOR,68737,M,1,,0
2023,WAN HASRINA BINTI WAN HASSAN,PN,PERIKATAN NASIONAL,PN,16658,42.91529266281945,110,11046,046,KLANG,SELANGOR,38816,F,1,,0
2023,JAMIL BIN SALLEH,PN,PERIKATAN NASIONAL,PN,33561,48.52309694209499,113,11355,055,SEPANG,SELANGOR,69165,M,1,,1
2023,NOORAZLI BIN SAID,BN,BARISAN NASIONAL OF MALAYSIA,BN,33154,47.93464902768741,113,11355,055,SEPANG,SELANGOR,69165,M,1,,0
2023,HASNAL REZUA MERICAN BIN HABIB MERICAN,BN,BARISAN NASIONAL OF MALAYSIA,BN,13619,40.775449101796404,097,09713,013,SELAYANG,SELANGOR,33400,M,1,,0
2023,MOHD ISA BIN ABU KASIM,BN,BARISAN NASIONAL OF MALAYSIA,BN,29307,47.58247824392778,094,09407,007,HULU SELANGOR,SELANGOR,61592,M,1,,0
2023,MOHAMAD KHIR BIN RAMLI,BN,BARISAN NASIONAL OF MALAYSIA,BN,8605,35.77665059038749,095,09508,008,TANJONG KARANG,SELANGOR,24052,M,1,,0
2023,MEGAT ZULKARNAIN BIN OMARDIN,BN,BARISAN NASIONAL OF MALAYSIA,BN,30241,49.07978447156583,098,09817,017,GOMBAK,SELANGOR,61616,M,1,,0
2023,RIZAM BIN ISMAIL,BN,BARISAN NASIONAL OF MALAYSIA,BN,7870,52.84006982677588,092,09201,001,SABAK BERNAM,SELANGOR,14894,M,1,,1
2023,MOHD AL-HAFIZI BIN ABU BAKAR,BN,BARISAN NASIONAL OF MALAYSIA,BN,19114,38.586078811369504,112,11251,051,KUALA LANGAT,SELANGOR,49536,M,1,,0
2023,JOHAN BIN ABD AZIZ,BN,BARISAN NASIONAL OF MALAYSIA,BN,26755,49.91045778457635,101,10123,023,HULU LANGAT,SELANGOR,53606,M,1,,1
2023,MOHD IMRAN BIN TAMRIN,BN,BARISAN NASIONAL OF MALAYSIA,BN,13401,44.114161564289944,093,09303,003,SUNGAI BESAR,SELANGOR,30378,M,1,,0
2023,JAHAYA BIN IBRAHIM,BN,BARISAN NASIONAL OF MALAYSIA,BN,11333,40.38269669327252,096,09612,012,KUALA SELANGOR,SELANGOR,28064,M,1,,0
2023,WAN ZULAIKA BINTI ANUA,BN,BARISAN NASIONAL OF MALAYSIA,BN,35806,49.134121909048496,101,10124,024,HULU LANGAT,SELANGOR,72874,F,1,,0
2023,MOHD ROSLEE BIN ABD HAMID,BN,BARISAN NASIONAL OF MALAYSIA,BN,16818,39.38364986066553,109,10944,044,KAPAR,SELANGOR,42703,M,1,,0
2023,BUJANG BIN ABU,BEBAS,BEBAS,BEBAS,83,0.35745047372954347,128,12813,013,SEREMBAN,NEGERI SEMBILAN,23220,M,1,,0
2023,MOHAMMED HAFIZ BIN BAHARUDIN,BEBAS,BEBAS,BEBAS,339,1.4599483204134367,128,12813,013,SEREMBAN,NEGERI SEMBILAN,23220,M,1,,0
2023,SAIFUL BAHRI BIN JAAMAN @ SHARMAN,BEBAS,BEBAS,BEBAS,364,4.052098408104197,126,12604,004,JELEBU,NEGERI SEMBILAN,8983,M,1,,0
2023,KUMARAVEL A/L RAMIAH,BEBAS,BEBAS,BEBAS,163,0.8445158281954304,130,13023,023,RASAH,NEGERI SEMBILAN,19301,M,1,,0
2023,MUHAMMAD SYAKIR FITRI BIN SADRI,BEBAS,BEBAS,BEBAS,944,2.1910177555993964,131,13125,025,REMBAU,NEGERI SEMBILAN,43085,M,1,,0
2023,ZUL AZKI BIN MAT SULOP,BEBAS,BEBAS,BEBAS,404,2.040507096317996,128,12809,009,SEREMBAN,NEGERI SEMBILAN,19799,M,1,,0
2023,AHMAD ZAMALI BIN MOHAMAD,BEBAS,BEBAS,BEBAS,921,3.0207615861458232,130,13021,021,RASAH,NEGERI SEMBILAN,30489,M,1,,0
2023,YESSU A/L SAMUEL,BEBAS,BEBAS,BEBAS,57,0.19747782705099776,128,12810,010,SEREMBAN,NEGERI SEMBILAN,28864,M,1,,0
2023,MOHAMAD RAFIE BIN AB MALEK,BEBAS,BEBAS,BEBAS,3079,20.72284291290887,128,12814,014,SEREMBAN,NEGERI SEMBILAN,14858,M,1,,0
2023,OMAR BIN MOHD ISA,BEBAS,BEBAS,BEBAS,1430,4.954268292682927,128,12810,010,SEREMBAN,NEGERI SEMBILAN,28864,M,1,,0
2023,TENGKU ZAMRAH BINTI TENGKU SULAIMAN,PH,PAKATAN HARAPAN,PH,6054,40.74572620810338,128,12814,014,SEREMBAN,NEGERI SEMBILAN,14858,F,1,,1
2023,RAJASEKARAN A/L GUNNASEKARAN,PH,PAKATAN HARAPAN,PH,8239,66.0070501522192,132,13233,033,PORT DICKSON,NEGERI SEMBILAN,12482,M,1,,1
2023,ARUL KUMAR A/L JAMBUNATHAN,PH,PAKATAN HARAPAN,PH,19133,66.28672394678492,128,12810,010,SEREMBAN,NEGERI SEMBILAN,28864,M,1,,1
2023,NICOLE TAN LEE KOON,PH,PAKATAN HARAPAN,PH,24626,80.7701138115386,130,13021,021,RASAH,NEGERI SEMBILAN,30489,F,1,,1
2023,NG CHIN TSAI,PH,PAKATAN HARAPAN,PH,5710,63.5008896797153,128,12812,012,SEREMBAN,NEGERI SEMBILAN,8992,M,1,,1
2023,ISMAIL BIN AHMAD,PH,PAKATAN HARAPAN,PH,10021,46.218061064477446,130,13020,020,RASAH,NEGERI SEMBILAN,21682,M,1,,0
2023,VEERAPAN A/L SUPERAMANIAM,PH,PAKATAN HARAPAN,PH,11507,67.43436474449133,133,13336,036,TAMPIN,NEGERI SEMBILAN,17064,M,1,,1
2023,CHOO KEN HWA,PH,PAKATAN HARAPAN,PH,13696,79.36489540476327,132,13230,030,PORT DICKSON,NEGERI SEMBILAN,17257,M,1,,1
2023,YEW BOON LYE,PH,PAKATAN HARAPAN,PH,8172,81.3458092773243,132,13229,029,PORT DICKSON,NEGERI SEMBILAN,10046,M,1,,1
2023,TEO KOK SEONG,PH,PAKATAN HARAPAN,PH,11939,77.17517776341306,127,12708,008,JEMPOL,NEGERI SEMBILAN,15470,M,1,,1
2023,NORWANI BINTI AHMAT,PH,PAKATAN HARAPAN,PH,18301,42.47649994197516,131,13125,025,REMBAU,NEGERI SEMBILAN,43085,F,1,,0
2023,SIAU MEOW KONG,PH,PAKATAN HARAPAN,PH,9868,74.17318099819603,130,13022,022,RASAH,NEGERI SEMBILAN,13304,M,1,,1
2023,YAP YEW WENG,PH,PAKATAN HARAPAN,PH,17039,88.28039997927569,130,13023,023,RASAH,NEGERI SEMBILAN,19301,M,1,,1
2023,GUNASEKAREN A/L PALASAMY,PH,PAKATAN HARAPAN,PH,17080,79.60106259029688,130,13024,024,RASAH,NEGERI SEMBILAN,21457,M,1,,1
2023,BAKRI BIN SAWIR,PH,PAKATAN HARAPAN,PH,4598,51.18557274852499,126,12604,004,JELEBU,NEGERI SEMBILAN,8983,M,1,,1
2023,AMINUDDIN BIN HARUN,PH,PAKATAN HARAPAN,PH,12730,54.823428079242035,128,12813,013,SEREMBAN,NEGERI SEMBILAN,23220,M,1,,1
2023,CHEW SEH YONG,PH,PAKATAN HARAPAN,PH,14357,94.39184746877055,128,12811,011,SEREMBAN,NEGERI SEMBILAN,15210,M,1,,1
2023,NOORZUNITA BEGUM BINTI MOHD IBRAHIM,PH,PAKATAN HARAPAN,PH,6222,54.74703035635724,129,12918,018,KUALA PILAH,NEGERI SEMBILAN,11365,F,1,,1
2023,LOKE SIEW FOOK,PH,PAKATAN HARAPAN,PH,5888,61.48705096073517,126,12601,001,JELEBU,NEGERI SEMBILAN,9576,M,1,,1
2023,AHMAD QUSYAIRI BIN ABDULL RAHIM,MUDA,IKATAN DEMOKRATIK MALAYSIA,MUDA,640,7.11743772241993,128,12812,012,SEREMBAN,NEGERI SEMBILAN,8992,M,1,,0
2023,MOHAMAD HANIFAH BIN ABU BAKER,PN,PERIKATAN NASIONAL,PN,11661,53.781938935522554,130,13020,020,RASAH,NEGERI SEMBILAN,21682,M,1,,1
2023,RAGU A/L SUBRAMANIAM,PN,PERIKATAN NASIONAL,PN,3561,20.635104595236715,132,13230,030,PORT DICKSON,NEGERI SEMBILAN,17257,M,1,,0
2023,ZAMRI BIN MD SAID,PN,PERIKATAN NASIONAL,PN,6371,44.85672041118073,132,13232,032,PORT DICKSON,NEGERI SEMBILAN,14203,M,1,,0
2023,NOOR AZUAN BIN PARMIN,PN,PERIKATAN NASIONAL,PN,7376,48.15878819535126,127,12706,006,JEMPOL,NEGERI SEMBILAN,15316,M,1,,0
2023,ROZMAL BIN MALAKAN,PN,PERIKATAN NASIONAL,PN,6677,28.25167132097825,131,13127,027,REMBAU,NEGERI SEMBILAN,23634,M,1,,0
2023,TENGKU ABDULLAH BIN TENGKU RAKMAN,PN,PERIKATAN NASIONAL,PN,6471,42.08506763787721,133,13335,035,TAMPIN,NEGERI SEMBILAN,15376,M,1,,0
2023,SURASH A/L SREENIVASAN,PN,PERIKATAN NASIONAL,PN,4769,46.61323428794839,127,12707,007,JEMPOL,NEGERI SEMBILAN,10231,M,1,,0
2023,CHUA ENG PU,PN,PERIKATAN NASIONAL,PN,2642,29.381672597864767,128,12812,012,SEREMBAN,NEGERI SEMBILAN,8992,M,1,,0
2023,SUBRAMANIAM A/L PURUSHOTHAMA,PN,PERIKATAN NASIONAL,PN,4942,16.20912460231559,130,13021,021,RASAH,NEGERI SEMBILAN,30489,M,1,,0
2023,EDDIN SYAZLEE BIN SHITH,PN,PERIKATAN NASIONAL,PN,4471,49.567627494456765,129,12915,015,KUALA PILAH,NEGERI SEMBILAN,9020,M,1,,0
2023,MOHD FADLI BIN CHE ME,PN,PERIKATAN NASIONAL,PN,9355,47.24986110409617,128,12809,009,SEREMBAN,NEGERI SEMBILAN,19799,M,1,,0
2023,GAN CHEE BIOW,PN,PERIKATAN NASIONAL,PN,8244,28.561529933481154,128,12810,010,SEREMBAN,NEGERI SEMBILAN,28864,M,1,,0
2023,RIDZUAN BIN AHMAD,PN,PERIKATAN NASIONAL,PN,11653,57.72812840582582,133,13334,034,TAMPIN,NEGERI SEMBILAN,20186,M,1,,1
2023,YONG LI YI,PN,PERIKATAN NASIONAL,PN,5557,32.565635255508674,133,13336,036,TAMPIN,NEGERI SEMBILAN,17064,F,1,,0
2023,MOHD FAIRUZ BIN MOHD ISA,PN,PERIKATAN NASIONAL,PN,10312,52.13083261715787,127,12705,005,JEMPOL,NEGERI SEMBILAN,19781,M,1,,1
2023,ABDUL FATAH BIN ZAKARIA,PN,PERIKATAN NASIONAL,PN,10921,59.301694178974806,132,13231,031,PORT DICKSON,NEGERI SEMBILAN,18416,M,1,,1
2023,AHMAD SHUKRI BIN ABDUL SHUKOR,PN,PERIKATAN NASIONAL,PN,5734,49.41825389985349,131,13128,028,REMBAU,NEGERI SEMBILAN,11603,M,1,,0
2023,ROSMADI BIN ARIF,PN,PERIKATAN NASIONAL,PN,3688,38.512949039264825,126,12601,001,JELEBU,NEGERI SEMBILAN,9576,M,1,,0
2023,AMRINA BINTI MOHD KHALID,PN,PERIKATAN NASIONAL,PN,3062,45.12231063955202,129,12917,017,KUALA PILAH,NEGERI SEMBILAN,6786,F,1,,0
2023,NG SOON LEAN,PN,PERIKATAN NASIONAL,PN,853,5.608152531229455,128,12811,011,SEREMBAN,NEGERI SEMBILAN,15210,F,1,,0
2023,AHMAD RAIHAN BIN MUHAMAD HILAL,PN,PERIKATAN NASIONAL,PN,10068,43.359173126614984,128,12813,013,SEREMBAN,NEGERI SEMBILAN,23220,M,1,,0
2023,RAFIEI BIN MUSTAPHA,PN,PERIKATAN NASIONAL,PN,5143,45.252969643642764,129,12918,018,KUALA PILAH,NEGERI SEMBILAN,11365,M,1,,0
2023,MOHD NORDIN BIN HASIM,PN,PERIKATAN NASIONAL,PN,6404,47.995203477478825,126,12603,003,JELEBU,NEGERI SEMBILAN,13343,M,1,,0
2023,AMIRUDIN BIN HASSAN,PN,PERIKATAN NASIONAL,PN,2844,33.54564755838641,126,12602,002,JELEBU,NEGERI SEMBILAN,8478,M,1,,0
2023,DANNI RAIS,PN,PERIKATAN NASIONAL,PN,4021,44.76232884337081,126,12604,004,JELEBU,NEGERI SEMBILAN,8983,M,1,,0
2023,LEE BAN FATT,PN,PERIKATAN NASIONAL,PN,4377,20.398937409703127,130,13024,024,RASAH,NEGERI SEMBILAN,21457,M,1,,0
2023,TANG JAY SON,PN,PERIKATAN NASIONAL,PN,1874,18.654190722675693,132,13229,029,PORT DICKSON,NEGERI SEMBILAN,10046,M,1,,0
2023,SATHES KUMAR A/L NILAMEHAM,PN,PERIKATAN NASIONAL,PN,2099,10.875084192528885,130,13023,023,RASAH,NEGERI SEMBILAN,19301,M,1,,0
2023,LEE BOON SHIAN,PN,PERIKATAN NASIONAL,PN,3436,25.82681900180397,130,13022,022,RASAH,NEGERI SEMBILAN,13304,M,1,,0
2023,KAMAROL RIDZUAN BIN MOHD ZAIN,PN,PERIKATAN NASIONAL,PN,23840,55.33248230242543,131,13125,025,REMBAU,NEGERI SEMBILAN,43085,M,1,,1
2023,KUMAR A/L S. PARAMASIVAM,PN,PERIKATAN NASIONAL,PN,3531,22.824822236586943,127,12708,008,JEMPOL,NEGERI SEMBILAN,15470,M,1,,0
2023,JAMALI BIN SALAM,PN,PERIKATAN NASIONAL,PN,3341,47.37663074305162,129,12916,016,KUALA PILAH,NEGERI SEMBILAN,7052,M,1,,0
2023,KAMARUDIN BIN MD TAHIR,PN,PERIKATAN NASIONAL,PN,3111,37.3066314905864,129,12919,019,KUALA PILAH,NEGERI SEMBILAN,8339,M,1,,0
2023,MUHAMMAD GHAZALI BIN ZAINAL ABIDIN,PN,PERIKATAN NASIONAL,PN,5725,38.53143087898775,128,12814,014,SEREMBAN,NEGERI SEMBILAN,14858,M,1,,0
2023,BAKLY BIN BABA,PN,PERIKATAN NASIONAL,PN,6926,38.08214658822236,131,13126,026,REMBAU,NEGERI SEMBILAN,18187,M,1,,0
2023,ZABIDI BIN ARIFFIN,PN,PERIKATAN NASIONAL,PN,4243,33.99294984778081,132,13233,033,PORT DICKSON,NEGERI SEMBILAN,12482,M,1,,0
2023,SAIFUL YAZAN BIN SULAIMAN,BN,BARISAN NASIONAL OF MALAYSIA,BN,5228,62.693368509413595,129,12919,019,KUALA PILAH,NEGERI SEMBILAN,8339,M,1,,1
2023,ZAIFULBAHRI BIN IDRIS,BN,BARISAN NASIONAL OF MALAYSIA,BN,11261,61.91785341177764,131,13126,026,REMBAU,NEGERI SEMBILAN,18187,M,1,,1
2023,MOHAMAD BIN HAJI HASAN,BN,BARISAN NASIONAL OF MALAYSIA,BN,16957,71.74832867902174,131,13127,027,REMBAU,NEGERI SEMBILAN,23634,M,1,,1
2023,MUHAMMAD SUFIAN BIN MARADZI,BN,BARISAN NASIONAL OF MALAYSIA,BN,3711,52.62336925694838,129,12916,016,KUALA PILAH,NEGERI SEMBILAN,7052,M,1,,1
2023,MOHD ZAIDY BIN ABDUL KADIR,BN,BARISAN NASIONAL OF MALAYSIA,BN,5462,53.38676571205161,127,12707,007,JEMPOL,NEGERI SEMBILAN,10231,M,1,,1
2023,JALALUDDIN BIN ALIAS,BN,BARISAN NASIONAL OF MALAYSIA,BN,5634,66.45435244161358,126,12602,002,JELEBU,NEGERI SEMBILAN,8478,M,1,,1
2023,MOHD.RAZI BIN MOHD.ALI,BN,BARISAN NASIONAL OF MALAYSIA,BN,6939,52.00479652252117,126,12603,003,JELEBU,NEGERI SEMBILAN,13343,M,1,,1
2023,ISMAIL BIN LASIM,BN,BARISAN NASIONAL OF MALAYSIA,BN,3724,54.87768936044798,129,12917,017,KUALA PILAH,NEGERI SEMBILAN,6786,M,1,,1
2023,SUHAIMI BIN AINI,BN,BARISAN NASIONAL OF MALAYSIA,BN,5869,50.58174610014652,131,13128,028,REMBAU,NEGERI SEMBILAN,11603,M,1,,1
2023,MOHD ASNA BIN AMIN,BN,BARISAN NASIONAL OF MALAYSIA,BN,10040,50.70963179958584,128,12809,009,SEREMBAN,NEGERI SEMBILAN,19799,M,1,,1
2023,MOHD NAJIB BIN MOHD ISA,BN,BARISAN NASIONAL OF MALAYSIA,BN,7495,40.698305821025194,132,13231,031,PORT DICKSON,NEGERI SEMBILAN,18416,M,1,,0
2023,BIBI SHARLIZA BINTI MOHD KHALID,BN,BARISAN NASIONAL OF MALAYSIA,BN,4549,50.432372505543235,129,12915,015,KUALA PILAH,NEGERI SEMBILAN,9020,F,1,,1
2023,SUHAIMIZAN BIN BIZAR,BN,BARISAN NASIONAL OF MALAYSIA,BN,8905,57.914932362122784,133,13335,035,TAMPIN,NEGERI SEMBILAN,15376,M,1,,1
2023,MUSTAPHA BIN NAGOOR,BN,BARISAN NASIONAL OF MALAYSIA,BN,7940,51.84121180464874,127,12706,006,JEMPOL,NEGERI SEMBILAN,15316,M,1,,1
2023,MOHD FAIZAL BIN RAMLI,BN,BARISAN NASIONAL OF MALAYSIA,BN,7832,55.14327958881926,132,13232,032,PORT DICKSON,NEGERI SEMBILAN,14203,M,1,,1
2023,MUHAMAD ZAMRI BIN OMAR,BN,BARISAN NASIONAL OF MALAYSIA,BN,9469,47.86916738284212,127,12705,005,JEMPOL,NEGERI SEMBILAN,19781,M,1,,0
2023,ABD RAZAK BIN AB SAID,BN,BARISAN NASIONAL OF MALAYSIA,BN,8533,42.27187159417418,133,13334,034,TAMPIN,NEGERI SEMBILAN,20186,M,1,,0
