,_id,id,tahun,jawatan,majikan_alamat
0,6358c3a25be697dfd6a2a308,675-X47,2017-kini,CEO Founder,"My Intellect Management, Malaysia"
1,6358c3a25be697dfd6a2a308,675-X47,2016-2017,Marketing Executive,"NTUC Income Co-Operative Ltd ,Singapore"
2,6358c3a25be697dfd6a2a308,675-X47,2012-2015,Setiausaha Kerja MPN Johor,"Parti Keadilan, Johor"
3,6358c3a25be697dfd6a2a308,675-X47,2009-2012,Senior Retail Specialist,DIGI Telecommunications Sdn Bhd
4,6358c3a25be697dfd6a2a308,675-X47,2007-2009,Store Manager,7 Eleven Malaysia Sdn Bhd
5,6358c3a25be697dfd6a2a308,675-X47,2004-2007,Assistant Manager,Mc Donald’s Malaysia Sdn Bhd
6,6358fa32bd5670fda2abc2c5,1183-T30,1989/90,DOKTOR SISWAZAH,HSAJB
7,6358fa32bd5670fda2abc2c5,1183-T30,1990,DOKTOR PERUBATAN,HOSPITAL DAERAH PEKAN
8,6358fa32bd5670fda2abc2c5,1183-T30,1991,DOKTOR PERUBATAN,HOSPITAL TAIPING
9,6358fa32bd5670fda2abc2c5,1183-T30,1993,DOKTOR PERUBATAN SWASTA,POLIKLINIK PENAWAR
10,6358fa32bd5670fda2abc2c5,1183-T30,1995,DOKTOR PERUBATAN SWASTA,KLINIK MURNI
11,6358fa32bd5670fda2abc2c5,1183-T30,2018,SETIAUSAHA POLITIK MENTERI,"KPWKM, PUTRAJAYA"
12,6358c3a45be697dfd6a2a378,133-B77,2003 - 2004,RESEARCH ASSISTANT,USAINS HOLDINGS
13,6358c3a45be697dfd6a2a378,133-B77,2004 - 2006,GEOPHYSICIST,SAPURACREST PETROLEUM
14,6358c3a45be697dfd6a2a378,133-B77,2006 - 2012,GEOPHYSICIST/PROJECT LEADER,PETROLEUM GEO-SERVICES
15,6358c3a45be697dfd6a2a378,133-B77,2012 - 2013,GEOPHYSICIST/BUSINESS DEVELOPMENT,DOWNUNDER GEOSOLUTIONS
16,6358c3a45be697dfd6a2a378,133-B77,2013 - Kini,GEOPHYSICIST/OPERATIONS GEOPHYSICIST,SYARIKAT MINYAK ANTARABANGSA
17,6358c3a35be697dfd6a2a334,619-I59,2002-2014,PENOLONG PENGURUS BESAR,TELEKOM MALAYSIA BERHAD
18,6358c3a35be697dfd6a2a334,619-I59,1996-2001,PENGURUS,TELEKOM MALAYSIA BERHAD
19,6358c3a35be697dfd6a2a334,619-I59,1989-1996,PENOLONG PENGURUS,TELEKOM MALAYSIA BERHAD
20,6358c3a35be697dfd6a2a352,360-B68,2019-KINI,PENGARAH,"ADNEXIO SDN BHD, Level 2-4, Jalan Tasik Utama 5 Sungai Besi, 57000 Kuala Lumpur "
21,6358c3a35be697dfd6a2a352,360-B68,2019-2021,AHLI LEMBAGA PEMEGANG AMANAH,"YAYASAN TAQWA (MAIWP), Bangunan TH, Tingkat 3 Lot 1, 148, Jln Ipoh, 51200 Kuala Lumpur, WP Kuala Lumpur."
22,6358c3a35be697dfd6a2a352,360-B68,2018-2020,AHLI LEMBAGA PEMEGANG AMANAH,"YAYASAN WILAYAH PERSEKUTUAN134, Jalan Raja Abdullah, Kampung Baru, 50300 Kuala Lumpur, Wilayah Persekutuan Kuala Lumpur., "
23,6358c3a35be697dfd6a2a352,360-B68,2002- 2019,PERUNDING LATIHAN CIDB,"YSP MANAGEMENT & TRAINING SDN BHD, 24-3-2, Tingkat, 3, Jalan Semarak Api 3, Diamond Square, 53000 Kuala Lumpur, Federal Territory of Kuala Lumpur."
24,6358c3a35be697dfd6a2a352,360-B68,1988-2002,INSPEKTOR BANGUNAN,"DEWAN BANDARAYA KUALA LUMPUR, Menara DBKL, 1, Jln Raja Laut, Kuala Lumpur City Centre, 50350 Kuala Lumpur, Federal Territory of Kuala Lumpur."
25,635b16c5e2e59fe60b20491b,,2018-2022,Ahli Parlimen Simpang Renggam,
26,635b16c5e2e59fe60b20491b,,2018-2020,Menteri Pendidikan,
27,635b16c5e2e59fe60b20491b,,2011-2018,Profesor Madya,Universiti Islam Antarabangsa Malaysia
28,6358c3a35be697dfd6a2a324,625-Z05,2022,Pengarah Eksekutif,"Hanspro Resources Sdn Bhd, Kampung Pandan, Kuala Lumpur"
29,6358c3a35be697dfd6a2a324,625-Z05,1986-2011,Pegawai Perancang Bahasa,"Dewan Bahasa dan Pustaka (DBP), Kuala Lumpur"
30,6358c3a25be697dfd6a2a306,769-M47,2021,Pengurus ,"Trio Team Global,No 56 Jalan Padi Emas 4/1, Bandar Baru UDA, Johor Bahru, JOHOR "
31,6358c3a25be697dfd6a2a306,769-M47,1990-2012,Flait Sarjan ( B ),"Tentera Udara Diraja Malaysia, Pangkalan Udara Subang, Selangor "
32,6358c3a25be697dfd6a2a306,769-M47,1989,Pembantu klinik ,"Klinik Harjit Singh, Taman Pelanggi, Johor Bahru, JOHOR "
33,6358c3a35be697dfd6a2a326,953-W50,2000-2018,Peguam,No.7A Jalan Kuning 2 Taman Pelangi 80400 JB
34,6358c3a35be697dfd6a2a326,953-W50,2018-2020,Exco Kerajaan Johor,Kerajaan Johor
35,6358c3a35be697dfd6a2a326,953-W50,2013-2022,ADUN Bukit Batu,Kerajaan Johor
36,635aad7eea3371660a120fb4,1191-H25,N/A,Peguambela & Peguamcara,Hassan Karim & Co.
37,6358c3a45be697dfd6a2a382,902-I77,2018-2022,Ahli Parlimen,Parlimen Malaysia
38,6358c3a45be697dfd6a2a382,902-I77,2016-2018,Ketua Pegawai Sumber,Invoke Malaysia
39,6358c3a45be697dfd6a2a382,902-I77,2012-2018,Pengarah,National Oversight and Whistleblowers
40,6358c3a45be697dfd6a2a382,902-I77,2010-2012,Pegawai Penyelidik,Pejabat Penasihat Ekonomi Negeri Selangor
41,6358c3a35be697dfd6a2a362,313-R42,2022,PENSYARAH,"UOW KDU PENANG UNIVERSITI, Anson Road PENANG."
42,6358c3a35be697dfd6a2a362,313-R42,2021,"TRAINER, PROGRAM PENJANA ","SDINET SDN BHD, PENANG"
43,6358c3a35be697dfd6a2a362,313-R42,2018,I.R 4.0 TRAINER ,PSDC PENANG
44,6358c3a35be697dfd6a2a362,313-R42,2015,MANAGING ADVISOR,"MANULIFE INVESTMENT , Kuala Lumpur"
45,6358c3a35be697dfd6a2a362,313-R42,2007,SENIOR ENGINEER,"KEY SIGHT SDN BHD, PENANG"
46,6358c3a35be697dfd6a2a362,313-R42,2004,SENIOR ENGINEER,"MOTOROLA SOLUTION SDN BHD, PENANG"
47,6358c3a35be697dfd6a2a362,313-R42,1997,TEST ENGINEER,"HEWLETT PACKARD, PENANG"
48,6358c3a25be697dfd6a2a310,1026-R07,2017 - PRESENT      ,PROJECT DIRECTOR / GENERAL MANAGER,"PUNCAK GALI HARMONI SDN BHD , 29-1A JALAN FOREST AVENUE 7, SEREMBAN FOREST HEIGHT, 70450 SEREMBAN, NEGERI SEMBILAN"
49,6358c3a25be697dfd6a2a310,1026-R07,2016 - PRESENT             ,PROJECT DIRECTOR / GENERAL MANAGER,"DUTA ASIA BUILDERS, 43, LALUAN TASEK TIMUR 6, TAMAN SERI DERMAWAN, 31400 IPOH PERAK"
50,6358c3a25be697dfd6a2a310,1026-R07,2018,RESIDENT ENGINEER  ,PERUNDING SETIA SAR  
51,6358c3a25be697dfd6a2a310,1026-R07,2014 - 2016 ,PROJECT MANAGER ,TOUCHTRONICS RAILS AND SERVICE SDN BHD 
52,6358c3a25be697dfd6a2a310,1026-R07,2014 - 2015 ,RAIL ENGINEER ,GJA- NBCT RAIL SDN BHD JV 
53,6358c3a25be697dfd6a2a310,1026-R07,2012- 2014 ,ASSISTANT RESIDENT ENGINEER ,SCG CONSULTANCY SDN BHD 
54,6358c3a25be697dfd6a2a310,1026-R07,2009 - 2011 ,CIVIL / RAIL TRACK ENGINEER ,KLIA CONSULTANCY SERVICES SDN BHD 
55,6358c3a25be697dfd6a2a310,1026-R07,2009,CIVIL ENGINEER ,HG POWER TRANSMISSION(M)SDN BHD 
56,6358c3a45be697dfd6a2a384,377-O86,2013-KINI,ADUN BAKAR ARANG,DEWAN UNDANGAN NEGERI KEDAH
57,6358c3a45be697dfd6a2a384,377-O86,2018-2020,AHLI MAJLIS MESYUARAT KERAJAAN NEGERI KEDAH,MAJLIS MESYUARAT KERAJAAN NEGERI KEDAH
58,6358c3a45be697dfd6a2a384,377-O86,2021-KINI,DIRECTOR,BERNIAGA
59,6358c3a45be697dfd6a2a370,805-R56,2022,AHLI PARLIMEN ,PARLIMEN MALAYSIA
60,6358c3a45be697dfd6a2a370,805-R56,2013,DOKTOR PERUBATAN,"POLIKLINIK KUALA, KUALA KEDAH"
61,6358c3a35be697dfd6a2a360,1017-T49,2016,Pengarah Urusan,DZR Pharma Manufacture Sdn Bhd
62,6358c3a35be697dfd6a2a360,1017-T49,2016,Pengarah Urusan,DZR Pharma Marketing
63,6358c3a45be697dfd6a2a364,1123-O11,Aug - Jan 2000,Research Assistant,"Institute of Environmental and Water Resources Management (IEWRM), UTM Skudai"
64,6358c3a45be697dfd6a2a364,1123-O11,March - April 2000,Research Assistant,"Pusat Pengajian Islam dan Pembangunan Sosial, UTM"
65,6358c3a45be697dfd6a2a364,1123-O11,May 2000 - Feb 2001,Research Officer,"Faculty of Geoinformation Science and Engineering, UTM"
66,6358c3a45be697dfd6a2a364,1123-O11,March 2001 - May 2004,Research Officer (Focus Construction Group),"Research Management Centre (RMC), UTM"
67,6358c3a45be697dfd6a2a364,1123-O11,JAN 2006 - aUG 2006,Environmental Engineer,"Perunding Mojass, Bandar Darul Aman, Jitra"
68,6358c3a45be697dfd6a2a364,1123-O11,Sept 2006 - 2017,Freelancee Engineer/Assistant Manager,ICEB TRADING
69,6358c3a35be697dfd6a2a350,827-W00,2022,PEGAWAI SERANTA PUSAT KHIDMAT AHLI PARLIMEN SUNGAI PETANI,"A23, JALAN MERANTI 1, PADANG TEMUSU, SUNGAI PETANI - PUSAT KHIDMAT AHLI PARLIMEN SUNGAI PETANI"
70,6358c3a35be697dfd6a2a350,827-W00,2022,GENERAL PRACTITIONER,KLINIK DR. HADI
71,6358c3a35be697dfd6a2a350,827-W00,2021,INTERNSHIP PROGRAM,HOSPITAL AL-IHSAN
72,6358c3a35be697dfd6a2a350,827-W00,2020,GENERAL DOCTOR-EMERGENCY DEPARTMENT,HOSPITAL DR. SLAMET GARUT
73,6358c3a45be697dfd6a2a372,295-K50,2018,Ahli Parlimen ,Kerajaan Malaysia
74,6358c3a45be697dfd6a2a372,295-K50,2000,Pengarah Urusan,Direct Express (M) Sdn Bhd
75,6358c3a45be697dfd6a2a372,295-K50,1994,Pegawai Waran 1,Angkatan Tentera Malaysia
76,6358c3a45be697dfd6a2a366,921-D02,2008,AHLI PARLIMEN MACHANG,KERAJAAN  MALAYSIA
77,6358c3a45be697dfd6a2a366,921-D02,2000,ADUN LUNAS,DEWAN UNDANGAN NEGERI KEDAH
78,6358c3a45be697dfd6a2a366,921-D02,2018,AHLI PARLIMEN KULIM BANDAR BAHARU,KERAJAAN MALAYSIA
79,6358c3a45be697dfd6a2a366,921-D02,2018,ADUN PANTAI JEREJAK,DEWAN UNDANGAN NEGERI PULAU PINANG
80,635b198ee2e59fe60b20492a,,,,
81,6358c3a35be697dfd6a2a340,993-L65,2014-sekarang,Pengusaha Tadika,"Dzul Iman Smart Khalifah (Taman Melati, Setapak & Tunjung m, Kota Bharu)"
82,6358c3a35be697dfd6a2a340,993-L65,2016-2017,Pengetua/Pengurus Projek,"Jasmine Ash Sham Alternative Education Centre, KL"
83,6358c3a35be697dfd6a2a340,993-L65,2012-2013,Eksekutif Projek Asia Tenggara & Palestin ,"Global Peace Mission (GPM), KL"
84,6358c3a35be697dfd6a2a340,993-L65,2010-2012,Pengurus,"Rumah Perlindungan Darul Wardah, Jalan Kebun, Selangor "
85,6358c3a35be697dfd6a2a340,993-L65,2008-2010,Eksekutif Pembangunan Keluarga,Angkatan Belia Islam Malaysia 
86,6358c3a45be697dfd6a2a38a,423-Z92,1998,PENGARAH URUSAN,"MAJU SAINTIFIK SDN BHD, Lot 4369-A, Kampung Padang Lepai, Talang, Kadok, 16450 Ketereh, Kelantan."
87,6358c3a45be697dfd6a2a38a,423-Z92,1992,PEGAWAI PENYELIDIK,"SIRIM BERHAD, Seksyen 2, Shah Alam, Selangor."
88,6358c3a35be697dfd6a2a332,183-E57,2021,PENGARAH EKSEKUTIF,YAYASAN HIJRAH SELANGOR
89,6358c3a35be697dfd6a2a332,183-E57,2018,PENGERUSI,TEKUN NASIONAL
90,6358c3a35be697dfd6a2a332,183-E57,2000-2014,PENGARAH EKSEKUTIF,IRIS CORP
91,6358c3a35be697dfd6a2a332,183-E57,1998-2000,PENGERUSI,PERBADANAN STADIUM MERDEKA
92,6358c3a35be697dfd6a2a332,183-E57,1996-1998,PENGERUSI,SUPERCOMAL BHD
93,6358c3a35be697dfd6a2a332,183-E57,1990,COPORATE DEALER ,SJ SECURITIES SDN BHD
94,6358c3a35be697dfd6a2a332,183-E57,1987-1990,CORPORATE DEALER,BBMB SECURITIES SDN BHD
95,6358c3a35be697dfd6a2a332,183-E57,1983-1987,ASST ACCOUNTANT,BANK BUMIPUTERA
96,6358c3a45be697dfd6a2a36a,495-M14,2016-kini,Doktor Perubatan,Klinik Mohd Harun
97,6358c3a35be697dfd6a2a336,355-V23,2012-sekarang,Pengarah Urusan,"Kemuning Damar Jaya Sdn Bhd, PT 14755, Stor JKR Kesedar, Taman Kesedar Putra 18300 Gua Musang"
98,6358c3a35be697dfd6a2a336,355-V23,2005-2012,Pengurus ,"Kemuning Electric, No 2, Kedai MDGM, Tepi Tasik 18300 Gua Musang"
99,6358c3a35be697dfd6a2a336,355-V23,1999-2005,Pengurus Projek,"Syarikat Elektrik Emas, Balakong Seri Kembangan"
100,6358c3a25be697dfd6a2a31c,610-W98,2021,Peguam Bertauliah,Mahkamah Tinggi Seremban
101,6358c3a25be697dfd6a2a31c,610-W98,2015,Pensyarah,Kolej Universiti Tunku Abdul Rahman
102,6358c3a25be697dfd6a2a31c,610-W98,1987,Professor Madya,Universiti Teknologi Mara
103,6358c3a35be697dfd6a2a32a,1160-E32,2013-2014,Pegawai Advokasi,"BERSIH 2.0, Petaling Jaya, Selangor"
104,6358c3a35be697dfd6a2a32a,1160-E32,2015-2017,Pemantau Pilihan Raya Antarabangsa ,"ANFREL, Bangkok, Thailand"
105,6358c3a35be697dfd6a2a32a,1160-E32,2016-2018,Ketua Penyelaras,"PEKA, Pulau Pinang"
106,6358c3a35be697dfd6a2a32a,1160-E32,2020 - Kini,Editor Kandungan,Alternatif Press / PEKA
107,6358fc0c6d2226054cad5ab2,1181-S67,2020,Setiausaha Akhbar YABMBNS,Pejabat Menteri Besar Negeri Sembilan
108,6358fc0c6d2226054cad5ab2,1181-S67,2011,Imam 1,"Masjid Jamek Dato Klana Petra Sendeng, Ampangan"
109,6358c3a25be697dfd6a2a318,719-O36,2003,EKSEKUTIF ,ABIM PUSAT KUALA LUMPUR
110,6358c3a25be697dfd6a2a318,719-O36,2015,FREELANCER,MBM
111,6358c3a25be697dfd6a2a318,719-O36,2022,KONSULTAN BEBAS,YAYASAN NEGERI SEMBILAN
112,6358c3a25be697dfd6a2a318,719-O36,2022,PEGUAM (PELATIH DALAM KAMAR),KAMARUL & ASSOCIATES KUALA PILAH
113,635aad72ea3371660a120fb2,1190-Z86,2018 - kini,YAB Menteri Besar Negeri Sembilan,Kerajaan Negeri Sembilan
114,635aad72ea3371660a120fb2,1190-Z86,1996 - 2008,Senior Executive,MCIS Safety Glass (M) Sdn Bhd
115,635aad72ea3371660a120fb2,1190-Z86,1995 - 1996,Executive,Golden Hope Furniture Sdn Bhd
116,635aad72ea3371660a120fb2,1190-Z86,1991 - 1995,Pegawai Penyiasat,Badan Pencegah Rasuah Malaysia (P. Pinang & Selangor)
117,636937695fc438e1c70603c9,551-R33,1981-1985,"MINING, MINERAL ENGINEER",MALAYSIA MINING COORPERATION
118,636937695fc438e1c70603c9,551-R33,1986-1990,HEAD OF ENGINEERING MARKETING MANAGER,AMANAH SAHAM PAHANG BHD. PERKAYUAN PAHANG SDN BHD
119,636937695fc438e1c70603c9,551-R33,1991-2001,CEO,TIMAH LANGAT BHD
120,636937695fc438e1c70603c9,551-R33,2001-2004,CEO,PERWAJA STEEL SDN BHD
121,636937695fc438e1c70603c9,551-R33,2009-2019,CEO/ DIRECTOR,PERMODALAN NEGERI SELANGOR BHD
122,636937695fc438e1c70603cb,600-R09,1997-KINI,PENGARAH,"PCM TRADING    A137,IST FLOOR,JALAN BESERAH,25300 KUANTAN,PAHANG"
123,636937695fc438e1c70603cb,600-R09,1986-1996,PENGURUS PEMBELIAN,"CLUB MED CHERATING,CHERATING ,PAHANG"
124,636937695fc438e1c70603cd,618-W52,2022,PENGURUS,LILYLIZ ENTERPRISE
125,636937695fc438e1c70603cf,563-O85,2018-2020,PEGAWAI TUGAS-TUGAS KHAS TIMBALAN MENTERI (AGAMA),JABATAN PERDANA MENTERI (PUTRAJAYA)
126,636937695fc438e1c70603cf,563-O85,2014-2018,PENGARAH URUSAN,D-TECH RESOURCES SDN BHD KUANTAN PAHANG
127,636937695fc438e1c70603cf,563-O85,2000-2014,PENGARAH OPERASI PANTAI TIMUR,KUMPULAN SCIENCE-TECH SOLUTIONS SDN BHD
128,636937695fc438e1c70603cf,563-O85,1995-2004,PENGURUS OPERASI,"TRAWAL LIMITED, LONDON - INDUSTRI PELANCONGAN"
129,636937695fc438e1c70603d3,432-O40,2018-2021,Pegawai Khas ADUN Semambu,"Pusat Khidmat DUN Semambu, No.1, Lorong Sekilau 58, Jalan Haji Ahmad, 25300 Kuantan"
130,636937695fc438e1c70603d3,432-O40,2017-2018,Pengurus Lapangan Negeri,Invoke Malaysia
131,636937695fc438e1c70603d3,432-O40,2015-2017,Pegawai Khas ADUN Semambu,Pusat Khidmat DUN Semambu
132,636937695fc438e1c70603d5,580-V69,1984,TUTOR,UNIVERSITI KEBANGSAAN MALAYSIA
133,636937695fc438e1c70603d5,580-V69,1985-1994,PENSYARAH,"INSTITUT TEKNOLOGI MARA, SHAH ALAM"
134,636937695fc438e1c70603d5,580-V69,1994-2015,PENSYARAH/PROFESOR MADYA,UNIVERSITI TEKNOLOGI MARA PAHANG
135,636937695fc438e1c70603d7,583-U08,2001-2003,PEMBANTU JUALAN,I SETAN OF JAPAN - KLCC
136,636937695fc438e1c70603d7,583-U08,2003-2005,PENGURUS PEMASARAN,PUSTAKA ISLAMIYAH RESOURCES (PRIMA PRINTING) - JERANTUT PAHANG
137,636937695fc438e1c70603d7,583-U08,2006-2021,PENGURUS,GERBANG PRIMA RESOURCES (PRIMA PRINTING) JERANTUT PAHANG
138,636937695fc438e1c70603d9,463-H40,2001-2021,PEMBANTU TEKNIK ,TELEKOM MALAYSIA CAWANGAN JERANTUT 
139,636937695fc438e1c70603d9,463-H40,1986-2000 ,JURUTEKNIK KANAN,TELEKOM MALAYSIA CAWANGAN JERANTUT 
140,636937695fc438e1c70603d9,463-H40,1981-1985,JURUTEKNIK,TELEKOM MALAYSIA CAWANGAN JERANTUT 
141,636937695fc438e1c70603db,420-L05,Pesara,Penolong Pegawai Pertanian,Kementerian Pembangunan Luar Bandar(Risda)) 
142,636937695fc438e1c70603db,420-L05,1979-2014,Penolong Pegawai Pertanian,Kementerian Luar Bandar
143,636937695fc438e1c70603dd,516-T91,2022,Pengarah,NADEYA PLANTATION SDN BHD 
144,636937695fc438e1c70603dd,516-T91,2017 - 2022,Pengerusi,Koperasi Peserta-Peserta Felcra Jaya Putra Jerantut
145,636937695fc438e1c70603dd,516-T91,2011 - 2013,Pengurus Besar ,Kok Lin Rubber Sdn Bhd 
146,636937695fc438e1c70603dd,516-T91,2005 - 2006,Pengarah,St Creative One Sdn Bhd 
147,636937695fc438e1c70603dd,516-T91,1983 - 1990 ,Pengurus,Felcra Berhad 
148,636937695fc438e1c70603df,564-W80,2022,NAIB PRESIDEN,BANK PEMBANGUNAN MALAYSIA BERHAD
149,636937695fc438e1c70603df,564-W80,2017,KETUA JABATAN,AGEAS INSURANCE HONG KONG
150,636937695fc438e1c70603df,564-W80,2014,PENGURUS KANAN,BANK ISLAM MALAYSIA BERHAD
151,636937695fc438e1c70603df,564-W80,2012,NAIB PRESIDEN,CIMB BANK
152,636937695fc438e1c70603e1,789-R75,2021-KINI,KETUA PENOLONG PENGARAH,MAIP
153,636937695fc438e1c70603e1,789-R75,2005,PENOLONG PENGARAH -,KEMENTERIAN PENDIDIKAN
154,636937695fc438e1c70603e1,789-R75,2000,PENOLONG PEGAWAI TANAH,PEJABAT TANAH KUANTAN
155,636937695fc438e1c70603e1,789-R75,1990,PENOLONG PEGAWAI TADBIR,KEMENTERIAN KESIHATAN MALAYSIA
156,636937695fc438e1c70603e3,720-G44,2020,PEMANDU PERTAHANAN AWAM MALAYSIA,PEKAN PAHANG
157,636937695fc438e1c70603e5,273-A04,2022,Kontraktor felda,"No 4 lorong d, mart felda anggerik jengka satu 26400 bandar jengka pahang"
158,636937695fc438e1c70603e5,273-A04,2014,Kontraktor felda,No4 lorong d mart felda anggerik Jengka satu 26400 bandar pusat jngka pahang 
159,636937695fc438e1c70603e5,273-A04,2000,Niaga sendiri,No4 lorong d mart felda anggerik Jengka satu 26400 bandar pusat jngka pahang 
160,636937695fc438e1c70603e7,494-D11,2017 hingga Kini,Bersara,-
161,636937695fc438e1c70603e7,494-D11,1997 - 2017,Pengurus,"BMM Style Enterprise, Tmn LKNP, Bukit Setongkol, Kuantan"
162,636937695fc438e1c70603e7,494-D11,1987 - 1991,Pegawai Skim Khidmat Sambilan Siswazah,"SUK Pahang, Wisma Sri Pahang"
163,636937695fc438e1c70603e9,678-X78,2012,PESARA TENTERA LAUT,TLDM
164,636937695fc438e1c70603eb,38-Z52,2019-2020,"ALPH ( AHLI LEMBAGA PELAWAT HOSPITAL HTAA KUANTAN ) , PENOLONG SU",KEMENTERIAN KESIHATAN MALAYSIA
165,636937695fc438e1c70603eb,38-Z52,2010-2018,MLS ( MEDICAL LAB SCIENCE),GRIBBLES PATHOLOGY ( m ) sdn.bhd
166,636937695fc438e1c70603eb,38-Z52,2006-2009,MLS ( medical lab science ),Kuantan clinical diagnostic centre sdn.bhd (kcdc)
167,636937695fc438e1c70603eb,38-Z52,2005-2010,LOCAM MLS ( medical lab science ),Gribbles pathology (m) sdn.bhd
168,6358c3a45be697dfd6a2a37a,,,,
169,6358c3a35be697dfd6a2a35a,547-S11,2013-2016,Jurutera Perunding,"DPI Konsult, pejabat tapak Projek Hospital Pengajar UIA, Kuantan"
170,6358c3a35be697dfd6a2a35a,547-S11,2016-2019,Jurutera Perunding,"Petareka consulting Engineers, Pejabat Tapak Projek Parcel F, Putrajaya"
171,6358c3a35be697dfd6a2a35a,547-S11,2020-2021,Jurutera Perunding,"Veritas Contract, Pejabat tapak Aira Residence Damansara"
172,6358c3a25be697dfd6a2a31a,422-F75,2008 sehingga KINI,Ahli Parlimen Kuantan,Parlimen Malaysia
173,6358c3a35be697dfd6a2a354,616-Y95,2022,PENGARAH URUSAN,KANZ EXCEL SDN BHD
174,6358c3a35be697dfd6a2a354,616-Y95,2012-2022,IMAM MASJID,"MASJID ALOR ARA, PEKAN PAHANG"
175,6358c3a35be697dfd6a2a354,616-Y95,2012-2022,GURU TAKMIR,JABATAN AGAMA ISLAM PAHANG(JAIP)
176,6358c3a35be697dfd6a2a354,616-Y95,2013-2022,BRIGED PENCERAMAH MASJID,MAJLIS UGAMA ISLAM PAHANG(MUIP)
177,6358c3a25be697dfd6a2a30c,685-O85,2007,PENGARAH PELAJARAN WILAYAH PERSEKUTUAN KUALA LUMPUR,KEMENTERIAN PENDIDIKAN MALAYSIA
178,6358c3a25be697dfd6a2a30c,685-O85,2004,"PENGARAH MAKTAB PERGURUAN ILMU KHAS, CHERAS KL",KEMENTERIAN PENDIDIKAN MALAYSIA
179,6358c3a25be697dfd6a2a30c,685-O85,1999-2003,"PENGARAH INSTITUT AMINUDIN BALI, JITRA KEDAH",KEMENTERIAN PENDIDIKAN MALAYSIA
180,6358c3a25be697dfd6a2a30c,685-O85,1997,PENGETUA SEK. MEN. SAINS SABAH,KEMENTERIAN PENDIDIKAN MALAYSIA
181,6358c3a45be697dfd6a2a376,634-Q38,2003-2012,Pegawai Sains ,Kuliyyah Farmasi UIAM Kuantan Pahang 
182,6358c3a35be697dfd6a2a328,1036-G28,2008,Ahli Parlimen Lembah Pantai,"1-2, Jalan Pantai Murni 6, 59200 Kuala Lumpur"
183,6358c3a35be697dfd6a2a328,1036-G28,2013,Ahli Parlimen Lembah Pantai,"1-2, Jalan Pantai Murni 6, 59200 Kuala Lumpur"
184,6358c3a35be697dfd6a2a328,1036-G28,2018,Ahli Parlimen Permatang Pauh,"Pusat Khidmat Parlimen Permatang Pauh, Yayasan Aman, Kubang Semang, 14400 Bukit Mertajam, Pulau Pinang"
185,6358c3a25be697dfd6a2a30e,1103-Y51,2002- KINI,PEGUAM,TETUAN FADHLINA SIDDIQ & ASSOC
186,6358c3a45be697dfd6a2a368,247-T60,2022,MP Bayan Baru,Parlimen Malaysia 
187,6358c3a45be697dfd6a2a368,247-T60,2012,ADUN Pantai Jerejak,DUN Pulau Pinang
188,635b59c741920def23d3ac68,1196-W85,2022,Ahli Parlimen Balik Pulau,Balik Pulau
189,6368b1d771ba219338944d0d,438-Z39,2020,Pengurus Cawangan,"Best Express Batu Kurau, No. 5 Lorong KA6 Taman Kurau Aman 34500 Batu Kurau,Perak"
190,6368b1d771ba219338944d0d,438-Z39,2019,Penyelaras DUN Batu Kurau,Kerajaan Negeri Perak
191,6368b1d771ba219338944d0d,438-Z39,2016,Pegawai Khas kepada ADUN Simpang Pulai Yb Tan Kar Hing,"Pusat Khidmat ADUN Simpang Pulai, 267A Jalan Gunung Rapat, Taman Ipoh Jaya 31350 Ipoh, Perak"
192,6368b1d771ba219338944d0d,438-Z39,2014,Setiausaha Eksekutif Angkatan Belia Islam Malaysia Negeri Pulau Pinang,"Sekretariat ABIM Pulau Pinang, 2157 Tingkat Sungai Gelugor 8, Kampung Gelugor 11700 Pulau Pinang"
193,6368b1d771ba219338944d0d,438-Z39,2012,QA ( Quality Assurance) Shift Coordinator ,Toyo Tires Malaysia 34600 Kamunting Perak
194,6368b1d771ba219338944d0f,808-P59,2019-TERKINI,EKSEKUTIF,"YAYASAN HIJRAH SELANGOR, BANGUNAN SSAAS, SEKYEN 5,40000 SHAH ALAM"
195,6368b1d771ba219338944d0f,808-P59,2021-TERKINI,AHLI LEMBAGA PENGARAH,WANITA BERDAYA SELANGOR SDN BHD
196,6368b1d771ba219338944d0f,808-P59,2019-2021,AHLI LEMBAGA PEMEGANG AMANAH,YAYASAN KEBAJIKAN NEGARA
197,6368b1d771ba219338944d0f,808-P59,2014-2019,PENGARAH,"HINDUJA HOLDINGS SDN BHD, LOT 19076, RAWANG INTEGRATED INDUSTRIAL PARK,48000 RAWANG,SELANGOR"
198,6368b1d771ba219338944d0f,808-P59,2013-2014,AHLI MAJLIS ,MAJLIS DAERAH KUALA SELANGOR
199,6368b1d771ba219338944d0f,808-P59,2012-2012,PENYELIA PWB,"TING 2, BANGUNAN SSAAS, 40000 SHAH ALAM"
200,6368b1d771ba219338944d0f,808-P59,2007-2012,PEMILIK/PENGARAH,"TADIKA CEKAL JAYA, SAUJANA UTAMA, 47000 SUNGAI BULOH, SELANGOR"
201,6368b1d771ba219338944d0f,808-P59,2003-2007,PENGARAH,VJ MULTIPLE SERVICES
202,6368b1d771ba219338944d0f,808-P59,1997-1999,ADMIN EXEC,CYGAL BERHAD
203,6368b1d771ba219338944d0f,808-P59,1993-1998,HR EXEC,BRIDGECON ENGINEERING BERHAD
204,6368b1d771ba219338944d11,698-F52,2020 kini,PENGURUS/PEMILIK,MELASTIK BINTANG ENTERPRISE
205,6368b1d771ba219338944d11,698-F52,2019-2020,PENYELARAS DUN LINTANG KERAJAAN PERAK,SUK PERAK
206,6368b1d771ba219338944d11,698-F52,2011-2018,PENOLONG PEGAWAI KESATRIA,KEMENTERIAN PERTAHANAN
207,6368b1d771ba219338944d13,790-W26,2006 - 2022,PENGARAH,JAIS MEAT ENTERPRISE
208,6368b1d771ba219338944d15,1127-H58,2022,TKPPA (Operasi),"JPA, JPM"
209,6368b1d771ba219338944d15,1127-H58,2020,JPA Pool,JPA
210,6368b1d771ba219338944d15,1127-H58,2019,KSU,MOA (kini MAFI)
211,6368b1d771ba219338944d15,1127-H58,2015,Setiausaha Kerajaan Negeri,SUK Perak
212,6368b1d771ba219338944d15,1127-H58,2013,Timbalan Pengarah Bahagian Ekuiti,EPU JPM
213,6368b1d771ba219338944d15,1127-H58,2012,"Timbalan Pengarah, Bajet dan Industri",EPU JPM
214,6368b1d771ba219338944d15,1127-H58,2010,Pengarah,Bahagian Pembangunan Bumiputra
215,6368b1d771ba219338944d15,1127-H58,2006,KPP (Kanan),Bhg Khidmat Industri
216,6368b1d771ba219338944d15,1127-H58,2005,Pengarah MITI,Wilayah Johor
217,6368b1d771ba219338944d15,1127-H58,2003,KPP,Bahagian Dasar Automotif
218,6368b1d771ba219338944d15,1127-H58,1996,PP,Bahagian Dasar Industri MITI
219,6368b1d771ba219338944d15,1127-H58,1992,PP,"Bahagian Maritim, MKN"
220,6368b1d771ba219338944d15,1127-H58,1990,Penolong Pengarah (PP),JPM
221,6368b1d771ba219338944d17,21-J53,2019,PENGARAH DAN PEGAWAI PERUBATAN,"POLIKLINIK AZZAHRA, GERIK, PERAK"
222,6368b1d771ba219338944d17,21-J53,2015,PENGARAH DAN PEGAWAI PERUBATAN,"POLIKLINIK AL ISLAM, PERMATANG BADAK, KUANTAN"
223,6368b1d771ba219338944d17,21-J53,2012,PENSYARAH PELATIH,UIAM KAMPUS KUANTAN
224,6368b1d771ba219338944d17,21-J53,2010,PEGAWAI PERUBATAN,KLINIK KESIHATAN KAMPAR
225,6368b1d771ba219338944d17,21-J53,2009,PEGAWAI PERUBATAN SISWAZAH,"HOSPITAL RAJA PERMAISURI BAINUN, IPOH"
226,6368b1d771ba219338944d19,415-J83,2002 - 2022,USAHAWAN TANI DAN AHLI PERNIAGAAN ,SENDIRI
227,6368b1d771ba219338944d19,415-J83,2003-2017,GURU SISWAZAH,KEMENTERIAN PENDIDIKAN MALAYSIA
228,6368b1d771ba219338944d19,415-J83,1993-2003,GURU BUKAN SISWAZAH,KEMENTERIAN PENDIDIKAN MALAYSIA
229,6368b1d771ba219338944d19,415-J83,1989-1990,PENYELIA KOPERASI FELCRA SEB PERAK ,"KOPERASI PESERTA FELCRA SEBERANG PERAK, 36800 KG GAJAH PERAK"
230,6368b1d771ba219338944d1b,718-K01,2018-2022,ADUN Teja,"93, Jalan Tasik, 31600 Gopeng, Perak."
231,6368b1d771ba219338944d1b,718-K01,2013-2018,Setiausaha Politik Ahli Parlimen Gopeng,YB Dr Lee Boon Chye
232,6368b1d771ba219338944d1b,718-K01,2009-2012,Setiausaha Kerja Biro Masyarakat KEADILAN Perak,"200A, Jalan Pasir Puteh, 31300 Ipoh, Perak."
233,6368b1d771ba219338944d1b,718-K01,2008-2009,Pegawai Khas EXCO Negeri Perak,YB Tai Sing Ng
234,6368b1d771ba219338944d1d,896-J39,1989-1991,kerani,Permodalan Nasional Berhad
235,6368b1d771ba219338944d1d,896-J39,2002-2012,"Pengurus dan Pemilik Taska Khalis, Tanjung Malim Perak",Taska Khalis
236,6368b1d771ba219338944d1d,896-J39,2012 hingga kini ,Pengurus dan pemilik JNJ Gemilang Resources,JNJ Gemilang Resources
237,6368b1d771ba219338944d1f,900-X80,2020,SETIAUSAHA AKHBAR,PEJABAT AHLI PARLIMEN GOPENG
238,6368b1d771ba219338944d1f,900-X80,2018,SETIAUSAHA SULIT,PEJABAT TIMBALAN MENTERI KESIHATAN MALAYSIA
239,6368b1d771ba219338944d1f,900-X80,2010,SETIAUSAHA AKHBAR,PEJABAT AHLI PARLIMEN GOPENG
240,6368b1d771ba219338944d1f,900-X80,2007,OUTREACH & EVENTS COORDINATOR,"SUARA RAKYAT MALAYSIA, SUARAM"
241,6368b1d771ba219338944d21,588-V58, 2018 - 2022,Pegawai Khas Adun Simpang Pulai,Pusat Khidmat Adun Simpang Pulai 267A Jalan Gunung Rapat Taman Ipoh Jaya 31350 Ipoh Perak
242,6368b1d771ba219338944d21,588-V58,2013 - 2018,Pembantu Pengurus Jualan,Etiqa Takaful Berhad
243,6368b1d771ba219338944d23,1142-L74,2002 - KINI,USAHAWAN,PERUSAHAAN KITAR SEMULA (PEMPROSESAN DAN KITAR SEMULA PLASTIK)
244,6368b1d771ba219338944d25,32-P04,1976-19789,Leftenan Muda,Kementerian Pertahanan
245,6368b1d771ba219338944d25,32-P04,1979-1980,Leftenan Muda (Ketua Platun),Kementerian Pertahanan
246,6368b1d771ba219338944d25,32-P04,1979-1980,Kapten (Pegawai Latihan/Ketua Kompeni),Kementerian Pertahanan
247,6368b1d771ba219338944d25,32-P04,1980-1986, Kapten(Pegawai Turus 3 Logistik),Kementerian Pertahanan
248,6368b1d771ba219338944d25,32-P04,1987-1989,Pengusaha Kilang,Sendiri
249,6368b1d771ba219338944d25,32-P04,1989-1999,Penyelia Kemas Dun Bota dan Penyelias Kemas Negeri Perak,Kerajaan Perak
250,6368b1d771ba219338944d25,32-P04,1999-2004,Ahli Undangan Negeri/Adun Bota,Kerajaan Perak
251,6368b1d771ba219338944d25,32-P04,1995-2022,Pengarah Syarikat Koperasi,Koperasi Felcra
252,6368b1d771ba219338944d25,32-P04,2000,Pengurus Insurans,Urus Baru Enterprise
253,6368b1d871ba219338944d27,472-Q37,2022,Senior Researcher,"Third World Network, A-30-05, 2, Jalan 19/1, Dataran 3 Dua, Petaling Jaya"
254,6368b1d871ba219338944d27,472-Q37,2021,"Senior Executive, Public Finance Unit","IDEAS, The Lower Penthouse, Level P, Wisma Hang Sam, 1, Jalan Hang Lekir, KL"
255,6368b1d871ba219338944d27,472-Q37,2020,Program Officer,"QI Group, QI Tower, PJ8, 23, Jalan Barat, Seksyen 8, Petaling Jaya"
256,6368b1d871ba219338944d27,472-Q37,2018,"Executive, Program & Policy","Institut Wanita Berdaya Selangor, Seksyen 7, Shah Alam"
257,6368b1d871ba219338944d27,472-Q37,2017,Intern (Researcher),Penang Institute in KL
258,6368b1d871ba219338944d27,472-Q37,2016,Research Associate,AI Research Institute
259,6368b1d871ba219338944d27,472-Q37,2015,Intern (Legal),Lawyers of Liberty
260,6368b1d871ba219338944d27,472-Q37,2015,Intern (Legal),Azzat & Izzat
261,6368b1d871ba219338944d29,1043-M45,2012-KINI,USAHAWAN MUDA,MAPIM RESOURCES
262,6368b1d871ba219338944d29,1043-M45,2021-2022,PENGURUS CAWANGAN,PERUSAHAAN ISHAM SDN BHD
263,6368b1d871ba219338944d29,1043-M45,2012-2018,PEGAWAI EKSEKUTIF,MAJLIS PERUNDINGAN PERTUBUHAN ISLAM MALAYSIA (MAPIM)
264,6368b1d871ba219338944d2b,1005-T34,2018,PEGAWAI KHAS AHLI PARLIMEN LUMUT,"YB.DATUK WIRA DR.MOHD HATTA MD.RAMLI    PEJABAT PUSAT KHIDMAD RAKYAT AHLI PARLIMEN LUMUT B-6, FASA 1C3, 32040 SERI MANJUNG. PERAK DARUL RIDZUAN.     "
265,6368b1d871ba219338944d2b,1005-T34,2012,PEGAWAI PERKHIDMATAN PENDIDIKAN - GURU KANAN,"PENEGETUA SMK.NAN HWA, 32000 SITIAWAN. PERAK DARUL RIDZUAN.  "
266,6368b1d871ba219338944d2b,1005-T34,1995,JURUTEKNIK AWAM @ PENOLONG JURUTERA,PENGURUS WILAYAH LEMBAGA AIR PERAK DAERAH MANJUNG PEJABAT JURUTERA WILAYAH TENGAH LEMBAGA AIR PERAK 320450 SERI MANJUNG. PERAK DARUL RIDZUAN.
267,6368b1d871ba219338944d2d,92-Y26,2010 - Kini,Pengurus Projek Teknikal,"KPR SBRG PERAK BHD, Lot 04217 Coop Business Centre (CBC), Jalan Lebuh Paduka, Felcra Bandar Seberang Perak, 36800 Kg Gajah, Perak"
268,6368b1d871ba219338944d2f,793-R74,2022,Ketua Pendakwa KWSP Perak ,Tingkat 6 Bangunan KWSP Jalan Greentown Ipoh
269,6368b1d871ba219338944d31,941-J25,2002-SEKARANG,GURU,"PENGETUA, SMK PEKAN BARU, PARIT BUNTAR"
270,6369233db9d3c3f92b71564b,,,,
271,636923c8b9d3c3f92b71564c,,,,
272,635bb73f7c3afddd6da308eb,,,,
273,6358c3a35be697dfd6a2a358,566-I59,2022,Bekerja Sendiri,
274,6358c3a35be697dfd6a2a322,922-Z53,2014-KINI,RAKAN KONGSI,"TETUAN K K LIM, B-8-3 BLOCK B, 3RD FLOOR JALAN PJU 5/14, SUNWAY GIZA, KOTA DAMANSARA, 47810 PJ"
275,636489ed856eb6aea7533203,892-T10,2003- 2022,AHLI POLITIK,PKR
276,635b1827e2e59fe60b20491e,,"2015, 2022",Ketua Pembangkang,Parlimen Malaysia
277,635b1827e2e59fe60b20491e,,1998,Timbalan Perdana Menteri,
278,635b1827e2e59fe60b20491e,,1998,Menteri Kewangan,
279,635b1827e2e59fe60b20491e,,1990,Menteri Pelajaran,
280,635b1827e2e59fe60b20491e,,1986,Menteri Pertanian,
281,635b1827e2e59fe60b20491e,,1984,"Menteri Kebudayaan, Belia dan Sukan",
282,635b1827e2e59fe60b20491e,,1983,Timbalan Menteri di Jabatan Perdana Menteri,
283,6358c3a35be697dfd6a2a35c,1049-C16,2006,Management Consultant,SF Management Sdn Bhd
284,635b1928e2e59fe60b204926,,,,
285,635b59bd41920def23d3ac66,1195-V03,2022,PERUNDING KANAN (AGAMA),PIONEER GLOBAL RESOURCES & DEVELOPMENT SDN BHD
286,635b59bd41920def23d3ac66,1195-V03,2018,YANG DIPERTUA,YAYASAN DAKWAH ISLAMIAH MALAYSIA (YADIM)
287,635b59bd41920def23d3ac66,1195-V03,2017,PENGERUSI,KOMPLEKS PENDIDIKAN DARUL ANUAR
288,6358c3a35be697dfd6a2a342,1129-G29,2022,Ahli Parlimen,"Parlimen Malaysia, Kuala Lumpur"
289,6358c3a35be697dfd6a2a342,1129-G29,2018,Timbalan Menteri,"Kementerian Industri Utama, Putrajaya"
290,6358c3a35be697dfd6a2a342,1129-G29,2000,Peguambela,"Yusof Rahmat & Co, Melaka"
291,6358c3a45be697dfd6a2a38c,899-C84,2018-2022,Ahli Parlimen Tanjong Malim,Parlimen Malaysia
292,6358c3a45be697dfd6a2a38c,899-C84,2008-2018,Ahli Dewan Undangan Negeri Perak (Teja),Dewan Undangan Negeri Perak
293,63692dbc3385e4df6b614f34,15-Z25,2018-2022,ADUN Kuala Perlis,"Pusat Khidmat Rakyat DUN Kuala Perlis,No. 1(Tingkat Atas),Jalan Bukit Kubu Jaya Satu,Taman Bukit Kubu Jaya,02000 Kuala Perlis,Perlis"
294,63692dbc3385e4df6b614f34,15-Z25,2010-2018,Chief Officer,"Alam Maritim Sdn Bhd, Seri Petaling,WP Kuala Lumpur"
295,63692dbc3385e4df6b614f34,15-Z25,2003-2009,"adet Officer,3rd Officer  & 2nd Officer","MISC Bhd,Menara Dayabumi,Kuala Lumpur"
296,63692dbc3385e4df6b614f36,1174-I20,2018 - 2022,Ahli Dewan Undangan Negeri Perlis Kawasan Sena,"Pejabat Dewan Undangan Negeri Perlis Aras 4, Kompleks Dewan Undangan Negeri Perlis, Persiaran Wawasan, 01000 Kangar, Perlis."
297,63692dbc3385e4df6b614f36,1174-I20,Okt 2017 – Mei 2018,RFC Perlis,"INVOKE Solutions Sdn Bhd Sungai Besi, Kuala Lumpur"
298,63692dbc3385e4df6b614f36,1174-I20,2013 – 2017,Eksekutif Jualan Kanan,"Koperasi Wawasan Malaysia Bhd Cawangan Seberang Jaya, Pusat Bandar Seberang Jaya, Pulau Pinang."
299,63692dbc3385e4df6b614f36,1174-I20,Mac 10 – Okt 11,Eksekutif Jualan Kanan,"Malaysia Building Society Bhd (MBSB) cawangan Kangar, Jalan Bukit Lagi, 01000 Kangar, Perlis"
300,63692dbc3385e4df6b614f36,1174-I20,Jun 06 – Feb 10,Eksekutif Jualan Kanan & Pengurus Jualan Kumpulan,"AmBank (M) Bhd, cawangan Kangar & Alor Setar"
301,63692dbc3385e4df6b614f36,1174-I20,2019- Kini,Penasihat / Pengasas,"Koperasi Sena Jaya Perlis Berhad C22(A) Pusat Perniagaan Padang Behor, Jalan Padang Behor, 01000 Kangar, Perlis"
302,63692dbc3385e4df6b614f38,194-I56,1983,PENOLONG PENGURUS,MBf FINANCE BERHAD CAWANGAN KANGAR
303,63692dbc3385e4df6b614f3a,527-E76,Mac 2022 - kini,Ketua Keselamatan Penerbangan,Raya Airways Sdn Bhd
304,63692dbc3385e4df6b614f3a,527-E76,2010-2020,Pengurus Keselamatan,AirAsia / AirAsia X Berhad
305,63692dbc3385e4df6b614f3c,1106-F16,2022,ADUN INDERA KAYANGAN,SUK NEGERI PERLIS.
306,63692dbc3385e4df6b614f3c,1106-F16,2018,BEKERJA SENDIRI,"33-13A-09, LAKESIDE TOWERS, TINGKAT BUKIT JAMBUL 1, 11900 BAYAN LEPAS, PULAU PINANG."
307,63692dbc3385e4df6b614f3c,1106-F16,2008,SPECIAL PRICING ANALYST,"DELL GLOBAL BUSINESS CENTER SDN. BHD. 27, HILIR SUNGAI KELUANG 2, 11900 BAYAN LEPAS."
308,63692dbc3385e4df6b614f3c,1106-F16,2004,PRICING ANALYST,"DELL GLOBAL BUSINESS CENTER SDN. BHD. 27, HILIR SUNGAI KELUANG 2, 11900 BAYAN LEPAS."
309,63692dbc3385e4df6b614f3c,1106-F16,1998,ASSOCIATE ENGINEER,"INTEL TECHNOLOGY SDN. BHD. Jalan Sultan Azlan Shah, Kawasan Perindustrian Bayan Lepas, 11900 Bayan Lepas, Pulau Pinang."
310,63692dbc3385e4df6b614f3c,1106-F16,1996,SALES COORDINATOR,"ADVANCE HOTEL SUPPLIES (M) SDN. BHD. 32A, Persiaran 118c, Desa Tun Razak, 56000 Kuala Lumpur, Wilayah Persekutuan Kuala Lumpur."
311,63692dbc3385e4df6b614f3c,1106-F16,1993,CROUPIER,"RESORT WORLD BERHAD. Genting Highlands, Pahang."
312,63692dbc3385e4df6b614f3c,1106-F16,1991,SALES ASSISTANT,"HONG KONG STORE, PUDU PLAZA, KUALA LUMPUR."
313,63692dbc3385e4df6b614f3e,554-S33,KINI,MAHASISWA,UNIVERSITI MALAYSIA PERLIS
314,63692dbc3385e4df6b614f40,614-R30,2018-2022,STAFF,PUSAT KHIDMAT RAKYAT AHLI PARLIMEN KANGAR
315,63692dbc3385e4df6b614f40,614-R30,2015-2017,BERNIAGA,BERNIAGA
316,63692dbc3385e4df6b614f40,614-R30,2011-2015,ELITE SECURITY OFFICER ,SAFEGUARD G4S 
317,63692dbc3385e4df6b614f40,614-R30,2006-2010,BERNIAGA,BERNIAGA
318,63692dbc3385e4df6b614f40,614-R30,2000-2005,GURU SANDARAN TERLATIH ,SK YAACOB LATIFF 2 JALAN PEEL CHERAS
319,63692dbc3385e4df6b614f42,26-P10,2021 - Kini,Technical Support Engineer,"Dell Global Business Center Sdn.Bhd., Plot P27, Bayan Lepas Industrial Zone Phase 4, Penang, 11900 Bayan Lepas"
320,63692dbc3385e4df6b614f42,26-P10,2020 - 2021,Customer Service,"IBM Malaysia Sdn. Bhd,No. 18, Jalan Teknologi, Taman Sains, Kota Damansara, Selangor, 47810 Petaling Jaya"
321,6369357ab9d3c3f92b71564d,,,,
322,6358c3a35be697dfd6a2a34c,969-Y23,2018-2022,MEMBER OF MALAYSIAN PARLIAMENT FOR KANGAR,MALAYSIAN HOUSES OF PARLIAMENT
323,6358c3a35be697dfd6a2a34c,969-Y23,2014-PRESENT,FOUNDING DIRECTOR,INSTITUTE FOR LEADERSHIP AND DEVELOPMENT STUDIES (LEAD)
324,6358c3a35be697dfd6a2a34c,969-Y23,2014-2015,MANAGER,"CENTER FOR REFORM, DEMOCRACY AND SOCIAL INITIATIVES"
325,6358c3a35be697dfd6a2a34c,969-Y23,2012-2013,OPERATIONS AND PROJECT MANAGER,INSTITUTE FOR DEMOCRACY AND ECONOMIC AFFAIRS (IDEAS)
326,6358c3a35be697dfd6a2a34c,969-Y23,2010-2012,COMMUNICATION OFFICER,CHIEF MINISTER OF SELANGOR STATE GOVERNMENT
327,6358c3a35be697dfd6a2a34c,969-Y23,2009-2010,RESEARCH COORDINATOR,MERDEKA CENTER FOR OPINION RESEARCH
328,6358c3a35be697dfd6a2a34c,969-Y23,2007-2009,RESEARCHER,INSTITUTE FOR DEMOCRACY AND ECONOMIC AFFAIRS (IDEAS)
329,6358c3a45be697dfd6a2a380,918-D23,2020,PART-TIME ENUMERATOR,UNIVERSITY OF MALAYA
330,6358c3a45be697dfd6a2a380,918-D23,2019,SHORT-TERM RESEARCH ASSISTANT,UNIVERSITY OF MALAYA
331,6358c3a45be697dfd6a2a380,918-D23,2017,INDUSTRIAL TRAINEE,PETRONAS
332,6369dcd27697835cf7b47759,,,,
333,6358c3a35be697dfd6a2a34a,238-Z11,2018,CEO,Thonny Chee & CO
334,6358c3a35be697dfd6a2a34a,238-Z11,2013,Pengarah,"Institut Latihan Kemahiran Malaysia, Jalan Teluk Sepanggar, Kota Kinabalu, Sabah"
335,6358c3a35be697dfd6a2a34a,238-Z11,2011,Manager,"American International Group, No. 33, 1st Floor, Lrg Karamunsing C, Karamunsing Godown, 88100 Kota Kinabalu, Sabah Malaysia"
336,6358c3a35be697dfd6a2a34a,238-Z11,2007,Manager,"HSBC Bank, Kota Kinabalu, Sabah"
337,6358c3a35be697dfd6a2a34a,238-Z11,2005,Assistant Manager ,"Bank Bumiputra Commerce Berhad, Api - Api Center Kota Kinabalu, Sabah"
338,6368a1dd8a8341abc4fcb333,,,,
339,6358c3a35be697dfd6a2a320,914-T01,2021,Setiausaha Politik,"Kementerian Pelancongan, Kebudayaan dan Alam Sekitar, Sabah"
340,6358c3a35be697dfd6a2a320,914-T01,1993,Engineer/Manager,TM Sabah
341,6358c3a25be697dfd6a2a31e,1149-J17,2018,AHLI PARLIMEN P.173 PUTATAN,PARLIMEN MALAYSIA
342,6368a1f58a8341abc4fcb334,28-Q35,2015,Pesara Kerajaan,Jabatan Pendidikan Sabah
343,6368a1f58a8341abc4fcb334,28-Q35,Jan. 2015 - April 2015,Penolong Kanan Hak Ehwal Pelajar,SMK Taman Tun Fuad. Kota Kinabalu
344,6368a1f58a8341abc4fcb334,28-Q35,2009 - 2014,Penolong Pengarah Kanan,Jabatan Pendidikan. Sektor Pengurusan Sekolahndidikan 
345,6368a1f58a8341abc4fcb334,28-Q35,2006 - 2009,Pegawai Pendidikan Daerah Kuala Penyu.,Jabatan Pendidikan Sabahndidikan Sabah iabah
346,6368a1f58a8341abc4fcb334,28-Q35,1999 - 2006,Penolong Pengarah Pendidikan,Jabatan Pendidikan Sabah
347,635b19cce2e59fe60b20492c,,,,
348,6358c3a35be697dfd6a2a344,817-N26,2020,PENOLONG KANAN KOKURIKULUM,KEMENTERIAN PENDIDIKAN MALAYSIA
349,6368a2288a8341abc4fcb335,,,,
350,6358c3a45be697dfd6a2a386,853-B28,2022,PEGUAM (SABAH & SARAWAK),"CJ LIEW & CO, PEGUAMBELA & PEGUAMCARA, NO.602, JALAN SANG KANCIL SATU, 88300, KOTA KINABALU, SABAH."
351,6358c3a45be697dfd6a2a386,853-B28,2018-2020,TIMBALAN KETUA MENTERI SABAH,JABATAN KETUA MENTERI SABAH
352,6358c3a45be697dfd6a2a386,853-B28,2018-2020,"MENTERI PELANCONGAN, KEBUDAYAAN DAN ALAM SEKITAR SABAH","KEMENTERIAN PELANCONGAN, KEBUDAYAAN DAN ALAM SEKITAR, TINGKAT 3, BLOK A, WISMA TUN FUAD STEPHEN, KARAMUNSING,88000 KOTA KINABALU, SABAH. KOTA"
353,6358c3a45be697dfd6a2a386,853-B28,2000,PEGUAM (MALAYA),"CJ LIEW & CO, PEGUAMBELA & PEGUAMCARA, NO.602, JALAN SANG KANCIL SATU, 88300, KOTA KINABALU, SABAH."
354,636363c4856eb6aea75331e7,,,,
355,63636f30856eb6aea75331e8,430-J78,2020-2022,EXECUTIVE ADVISOR/AGENCY DIRECTOR,ZURICH TAKAFUL MALAYSIA BHD
356,63636f30856eb6aea75331e8,430-J78,2012-2016,AGEN/UNIT MANAGER,MALAYSIAN ALLIANCE ASSURANCE
357,63636f30856eb6aea75331e8,430-J78,1997-2012,AGEN/UNIT MANAGER 1,PRUDENTIAL ASSURANCE MALAYSIA BHD
358,63636f30856eb6aea75331e8,430-J78,1990-2004,PEMBANTU BELIA SUKAN KANAN,UiTM
359,63636fab856eb6aea75331e9,578-V41,2021,BERSARA,TIADA
360,63636fab856eb6aea75331e9,578-V41,2014 - 2020,PENSYARAH,INSTITUT PENDIDIKAN GURU KAMPUS TUN ABDUL RAZAK JALAN DATO MOHD. MUSA 94200 KOTA SAMARAHAN SARAWAK 
361,63636fab856eb6aea75331e9,578-V41,2001 - 2013,GURU AKADEMIK,SK ST. FRANCIS XAVIER SERATAU KM 24 JALAN KUCHING SERIAN 93250 KUCHING SARAWAK
362,63636fab856eb6aea75331e9,578-V41,1995 - 2000,GURU AKADEMIK,SK ST. PETER SIMPOK JALAN PADAWAN 93250 KUCHING SARAWAK
363,63636fab856eb6aea75331e9,578-V41,1993 - 1994,GURU AKADEMIK,SK ST. BERNARD SADIR JALAN PADAWAN 93250 KUCHING SARAWAK
364,63636fab856eb6aea75331e9,578-V41,1990 - 1992,GURU AKADEMIK,SK LONG PANGGAI BELAGA PEJABAT PENDIDIKAN DAERAH BELAGA SARAWAK
365,63636ff1856eb6aea75331ea,1088-W88,2000- ,pengurus Ladang Sawit persendirian,"kampung Tapang Lebat, sri aman, Sarawak."
366,6363701b856eb6aea75331eb,177-S66,2022,Oil Palm Small Holder,Kerja sendiri
367,6363701b856eb6aea75331eb,177-S66,2004-2008,Pensyarah,OPEN UNIVERCITY KUCHING SARAWAK
368,6363701b856eb6aea75331eb,177-S66,1996-2003,Marketing Executive,Pembinaan Jayabumi Bhd  Kuching
369,63637062856eb6aea75331ec,722-M36,1988-2019,Guru/Pengetua,Kementerian Pendidikan Malaysia
370,636370a4856eb6aea75331ed,490-Y09,1988-2000,Depot Manager ,"Shell Timur Sdn Bhd, Malaysia "
371,636370ce856eb6aea75331ee,,,,
372,6363710d856eb6aea75331ef,,,,
373,6363713e856eb6aea75331f0,602-N16,2022,GURU,KEMENTERIAN PENDIDIKAN MALAYSIA
374,636371a4856eb6aea75331f1,729-N32,2020,Ketua Jabatan ( Penolong Kanan Pengarah Tenaga Kerja),"Jabatan Tenaga Kerja, Miri"
375,636371a4856eb6aea75331f1,729-N32,2014,Ketua Jabatan ( Penolong Kanan Pengarah Tenaga Kerja),"Jabatan Tenaga Kerja, Kapit"
376,636371a4856eb6aea75331f1,729-N32,2013,Penolong Pengarah Tenaga Kerja,"Jabatan Tenaga Kerja, Miri"
377,636371a4856eb6aea75331f1,729-N32,2007,Pegawai Tenaga Kerja,"Jabatan Tenaga Kerja, Miri"
378,636371a4856eb6aea75331f1,729-N32,2003,Pembantu Tadbir Kanan,"Jabatan Tenaga Kerja, Miri"
379,636371a4856eb6aea75331f1,729-N32,1982,Pembantu Tadbir,"Jabatan Tenaga Kerja, Kapit"
380,636371be856eb6aea75331f2,218-D30,2016-Kini,Peguam/Sole Proprietor,Tetuan Abun Sui Anyit & Co.
381,636371be856eb6aea75331f2,218-D30,2009-2016,Peguam/Rakan Kongsi,Harrison Ngau & Co.
382,636371be856eb6aea75331f2,218-D30,2004-2009,Peguam,Charles Hector & Co.
383,636371be856eb6aea75331f2,218-D30,1994-1995,Guru Penggangti,SMK Belaga Sarawak
384,636371ef856eb6aea75331f3,670-U64, 2002 - 2007,KERANI AKAUN,WEHAYA SDN BHD (MIRI)
385,636371ef856eb6aea75331f3,670-U64,2008 - 2011,EXECUTIVE OPERATION,ENRO ANALISA SDN. BHD. (MIRI)
386,6358c3a45be697dfd6a2a374,455-V20,2022,Peguam & Rakan Kongsi,"Tetuan KK Tan & Partners, C-5-43, Block Camilia, 10 Boulevard Lebuhraya Sprint, Jalan PJU 6a/3a, 47400 Petaling Jaya, Selangor"
387,6358c3a45be697dfd6a2a374,455-V20,2016,Peguam & Rakan Kongsi,"Tetuan William Leong & Co, Phileo Damansara I Suite 812 & 813 Block E, Phileo Damansara 1, No. 9, Jalan 16/11, 46350 Petaling Jaya, Selangor"
388,6358c3a45be697dfd6a2a37c,1070-P57,2017-Kini,Pemilik Tunggal,"Roland Engan & Co. (Advocates & Solicitors), Lot 2117, Blok 9, Jalan Miri-Pujut, MCLD, 98000 Miri, Sarawak"
389,6358c3a45be697dfd6a2a37c,1070-P57,2005-2016,Rakan Kongsi,"Roland Engan & Co. (Advocates & Solicitors) 46-B, 2nd Floor, Kompleks Damai, Jln Lumut, Off Jln Ipoh, 50450 Kuala Lumpur"
390,6358c3a45be697dfd6a2a37c,1070-P57,2001-2005,Peguam,"Tetuan Charles Hector & Co , No 38, Jln 5/4G, 46000 Petaling Jaya, Selangor"
391,6358c3a45be697dfd6a2a37c,1070-P57,2000-2001,Pelatih Dalam Kamar,"Tutuan Rizal Leong & Partners, Bangsar, Kuala Lumpur"
392,6358c3a45be697dfd6a2a37c,1070-P57,1999-2000,Cashier ,"Ritzmart Retail Shop, Shah Alam, Selangor"
393,6358c3a45be697dfd6a2a37c,1070-P57,1991-1992,Front Desk Staff,"Holiday Inn Miri, Sarawak"
394,636372b9856eb6aea75331f4,,,,
395,635b1a1be2e59fe60b20492e,932-Z30,1999,Owner / Manager,Emadin Contractor @ Emdin Auto Parts & Services
396,635b1a1be2e59fe60b20492e,932-Z30,1990,Owner / Manager,Emadin Estate Agency
397,635b1a1be2e59fe60b20492e,932-Z30,1986,Liaison Officer,Guma Pte Ltd
398,635b1a1be2e59fe60b20492e,932-Z30,1983,Photographer,Nasa Studio
399,6358c3a25be697dfd6a2a30a,111-B62,2022,Ketua Pegawai Eksekutif ,"Edgenta Arabia Ltd, Riyadh Saudi Arabia "
400,6358c3a25be697dfd6a2a30a,111-B62,2019,Ketua Pegawai Eksekutif ,Lembaga Zakat Selangor 
401,6358c3a35be697dfd6a2a33e,217-Z06,2009,FOUNDER & CHAIRMAN,SP CARE GROUP
402,6358c3a35be697dfd6a2a33e,217-Z06,2008,MEDICAL DIRECTOR,NOVARTIS PHARMACEUTICALS
403,6358c3a35be697dfd6a2a33e,217-Z06,2008,MEDICAL OFFICER,INSTITUTE MEDICAL RESEARCH (IMR)
404,6358c3a35be697dfd6a2a33e,217-Z06,2007,MEDICAL OFFICER,HOSPITAL UNIVERSITI KEBANGSAAN MALAYSIA
405,6358c3a35be697dfd6a2a33e,217-Z06,2003,MEDICAL REGISTRA,ORTHOPEDICS CLINIC & WARD CRIMEA STATE HOSPITAL
406,635b18f2e2e59fe60b204924,,1998,Pengasas,Firma Guaman William Leong & Co
407,635b18f2e2e59fe60b204924,,1994,Chief Operating Officer & Executive Vice President,National Steel Corporation Philippines
408,635b18f2e2e59fe60b204924,,1982,Peguambela & Peguamcara,
409,6358c3a35be697dfd6a2a348,1071-D53,2018,Dato’ Menteri Besar Selangor,Kerajaan Negeri Selangor 
410,6358c3a25be697dfd6a2a314,906-V54,2021 - Sekarang,Penyelaras Parlimen Ampang,Kerajaan Negeri Selangor
411,6358c3a25be697dfd6a2a314,906-V54,2008 - Sekarang,EXCO Kerajaan Negeri Selangor & ,Kerajaan Negeri Selangor
412,6358c3a25be697dfd6a2a314,906-V54,2008 - Sekarang,ADN Batu Tiga,Kerajaan Negeri Selangor
413,6358c3a25be697dfd6a2a314,906-V54,1993 - 2008,Konsultant Pusat Asuhan Kanan-Kanak,Taska Tunas Bistari
414,6358c3a25be697dfd6a2a316,,1999 - 2003,Jeffreys Henry Chartered Accountants,London
415,6358c3a25be697dfd6a2a316,,2003 - 2005,"Pengurus, Propane Dehydrogenation Plant",PETRONAS/MTBE Malaysia Sdn Bhd
416,6358c3a25be697dfd6a2a316,,2005 - 2007,"Pengurus Kanan (Perancangan Perniagaan, Operasi dan Teknologi Urusniaga Petrokimia)","PETRONAS/Pejabat Naib Presiden, Urusniaga Petrokimia"
417,6358c3a25be697dfd6a2a316,,2007 - 2009,"Pengurus Kanan (Perakaunan, Belanjawan dan Percukaian Antarabangsa)",PETRONAS/Petronas Carigali Sdn Bhd
418,6358c3a25be697dfd6a2a316,,2009,Pengurus Besar,Pharmaniaga Berhad
419,6358c3a25be697dfd6a2a316,,2009 - 2012,CEO,Pejabat Penasihat Ekonomi Selangor
420,6358c3a25be697dfd6a2a316,,2012 - 2018,Pengasas dan Pengarah Eksekutif,National Oversight & Whistleblowers Centre (NOW)
421,6358c3a25be697dfd6a2a316,,2016 - kini,Pengasas startup,INVOKE
422,6358c3a45be697dfd6a2a36e,202-C14,2018-2022,Ahli Parlimen Subang,"Parlimen Malaysia, Taman Duta, 50480 Kuala Lumpur, Federal Territory of Kuala Lumpur"
423,6358c3a45be697dfd6a2a36e,202-C14,2013-2018,Ahli Parlimen Kelana Jaya,"Parlimen Malaysia, Taman Duta, 50480 Kuala Lumpur, Federal Territory of Kuala Lumpur"
424,6358c3a45be697dfd6a2a36e,202-C14,1992-2013,Peguam Korporat,Rithauddin & Azlin
425,6358c3a35be697dfd6a2a32c,251-U99,2013,ADUN Semambu,DUN Pahang
426,6358c3a35be697dfd6a2a32c,251-U99,2018,Ahli Lembaga Pengarah Pelabuhan Kuantan,Lembaga Pelabuhan Kuantan
427,6358c3a35be697dfd6a2a32c,251-U99,2008,Pegawai Penyelidik,Pejabat Ketua Pembangkang
428,6358c3a35be697dfd6a2a32c,251-U99,2007,Management Associate,LF Logistics (Member of Li & Fung Group)
429,6358c3a35be697dfd6a2a32c,251-U99,2006,Research Associate,IDC Research & Consulting
430,6358c3a35be697dfd6a2a32c,251-U99,2004,Research Assistant,Malaysia University of Science and Technology
431,6358c3a35be697dfd6a2a330,,,,
432,6358c3a35be697dfd6a2a33c,791-O46,2018-2022,AHLI PARLIMEN KAPAR,PARLIMEN MALAYSIA
433,6358c3a35be697dfd6a2a33c,791-O46,2008-2018,AHLI PARLIMEN KUALA LANGAT,PARLIMEN MALAYSIA
434,6358c3a35be697dfd6a2a33c,791-O46,1982-2008,PEGAWAI,ROYAL SELANGOR GOLF CLUB
435,6358c3a35be697dfd6a2a356,1119-H69,2013 - Kini,Peguam,Chambers of Manivannan Gowin
436,6358c3a35be697dfd6a2a356,1119-H69,1992 - 2013,Guru / Pensyarah,Swasta & Kolej
437,6358c3a45be697dfd6a2a36c,240-R99,1976-1996,Guru,"SM & SK KPM, Jabatan Pelajaran Terengganu"
438,6358c3a45be697dfd6a2a36c,240-R99,1997-1999,Penyelia KBSR,KPM Jabatan Pelajaran Terengganu
439,6358c3a45be697dfd6a2a36c,240-R99,2000-2008,Penyelia Pra-Sekolah,KPM Jabatan Pelajaran Terengganu
440,6358c3a45be697dfd6a2a36c,240-R99,2009-2011,Penolong Pengarah Perhubungan & Pendaftaran,KPM Jabatan Pelajaran Terengganu
441,6358c3a35be697dfd6a2a32e,812-R86,2022,Pegawai Pakar (SISC+) Bahasa,Pejabat Pendidikan Daerah Hulu Terengganu
442,6358c3a35be697dfd6a2a32e,812-R86,2014,Guru Kanan Mata Pelajaran/Ketua Bidang (Bahasa),"SMK Kuala Jenderis, Hulu Terengganu"
443,6358c3a35be697dfd6a2a32e,812-R86,2012,Guru Kanan Mata Pelajaran/Ketua Bidang (Bahasa),"SMK Jenagor, Hulu Terengganu"
444,6358c3a35be697dfd6a2a32e,812-R86,2010,Guru Akademik Biasa (Ketua Panitia Bahasa Melayu),"SMK Kuala Jenderis, Hulu Terengganu"
445,6358c3a35be697dfd6a2a32e,812-R86,2008,Guru Akademik Biasa (Ketua Panitia Bahasa Melayu),"SMK Landas, Hulu Terengganu"
446,6358c3a35be697dfd6a2a32e,812-R86,2002,Guru Akademik Biasa (Ketua Panitia Bahasa Melayu),"SMK Jerangau, Dungun, Terengganu"
447,6358c3a35be697dfd6a2a32e,812-R86,1999,Guru Akademik Biasa,"SMK Menerong, Hulu Terengganu"
448,6358c3a35be697dfd6a2a32e,812-R86,1995,Guru Akademik Biasa,"SK Bukit Perah, Hulu Terengganu"
449,6358c3a35be697dfd6a2a32e,812-R86,1991/92,Guru Akademik Biasa (Ketua Panitia Bahasa Melayu),"SK Dusun, Hulu Terengganu"
450,6358c3a35be697dfd6a2a32e,812-R86,1990/91,Guru Akademik Biasa,"SK Kuala Jenderis, Hulu Terengganu"
451,6358c3a35be697dfd6a2a35e,168-A54,2008,Pakar Klinikal & Bedah Mata,Pusat Pakar Mata Bangi No 11 Jalan 4/12 Seksyen 4 Tambahan 43650 Bandar Baru Bangi Selangor
452,6358c3a35be697dfd6a2a35e,168-A54,2005-2008,Pensyarah & Pakar Perunding Klinikal & Bedah Mata,UIAM/HTAA Kuantan
453,6358c3a35be697dfd6a2a35e,168-A54,1997-2004,Pegawai Perubatan & Pensyarah Pelatih,UIAM/PPUKM
454,6358c3a45be697dfd6a2a388,204-W15,2022,OPERATION SERVICES,PETRONAS CARIGALI SDN BHD
455,6358c3a45be697dfd6a2a388,204-W15,1996,MATERIAL ANALYST,ETHYLENE POLYETHYLENE MALAYSIA SDN BHD
456,6358c3a45be697dfd6a2a388,204-W15,1992,WAREHOUSE SUPERVISOR & INVENTORY,MTBE (M) SDN BHD
457,6358c3a45be697dfd6a2a388,204-W15,1985,INVENTORY MANAGEMENT,PERWAJA STEEL SDN BHD
458,6358c3a45be697dfd6a2a388,204-W15,1985,STOCK CONTROLLER,HEAVEN ENGINEERING SDN BHD
459,6358c3a45be697dfd6a2a388,204-W15,1984,WAREHOUSE SUPERVISOR,HITACHI KOKI SDN BHD
460,6358c3a35be697dfd6a2a338,1146-C37,2018,Ahli Parlimen Batu,Parlimen
461,6358c3a45be697dfd6a2a37e,637-T90,2018,Senior Project Director,MRCB Builders Sdn Bhd
462,6358c3a45be697dfd6a2a37e,637-T90,2017,Senior Vice President,DESARU DEVELOPMENT HOLDINGS  ONE SDN BHD
463,6358c3a45be697dfd6a2a37e,637-T90,2013,Dep. General Manager/Country Head KSA,OPUS INTERNATIONAL (M) BHD 
464,6358c3a45be697dfd6a2a37e,637-T90,2010,Senior Manager,JAZAN ECONOMIC CITY
465,6358c3a45be697dfd6a2a37e,637-T90,2008,Senior Manager,EMAAR  Group (UAE & Pakistan)
466,6358c3a45be697dfd6a2a37e,637-T90,2004,General Manager,BIWATER SHELLABEAR SDN BHD
467,6358c3a45be697dfd6a2a37e,637-T90,1999,General Manager,SHAPADU CONSTRUCTION & SHAPADU DEVELOPMENT SDN BHD
468,6358c3a45be697dfd6a2a37e,637-T90,1994,General Manager,SRI KELANGKOTA RAKAN ENGINEERING JV SDN BHD
469,6358c3a45be697dfd6a2a37e,637-T90,1990,Civil Engineer,PERUNDING BAKTI SDN. BHD
470,635aad93ea3371660a120fb8,1193-A63,2018-2022,ANGGOTA PARLIMEN MALAYSIA (SETIAWANGSA),PARLIMEN MALAYSIA &PUSAT KHIDMAT RAKYAT PARLIMEN SETIAWANGSA
471,635aad93ea3371660a120fb8,1193-A63,2008-2018,AHLI DEWAN UNDANGAN NEGERI UNTUK SERI SETIA,PUSAT KHIDMAT DUN SERI SETIA
472,635aad93ea3371660a120fb8,1193-A63,2014-2018,"PENGERUSI JAWATANKUASA TETAP PENDIDIKAN,PEMBANGUNAN MODAL INSAN ,SAINS ,TEKNOLOGI,INOVASI ",MAJLIS MESYUARAT KERAJAAN NEGERI SELANGOR
473,635aad93ea3371660a120fb8,1193-A63,2013-2014,TIMBALAN SPEAKER ,DEWAN NEGERI SELANGOR 
474,635aad93ea3371660a120fb8,1193-A63,2008-2010,SETIAUSAHA POLITIK ,MENTERI BESAR SELANGOR 
475,6358c3a25be697dfd6a2a312,11-N89,2006-2016,Rakan Kongsi,"Bright Lights At Midnight, Taman Tun Dr Ismail, Kuala Lumpur"
476,6358c3a25be697dfd6a2a312,11-N89,2012-2016,Rakan Kongsi,"Bright Space Management, Kelana Jaya, Selangor"
477,635b187be2e59fe60b204920,,2018-2020,Timbalan Perdana Menteri (wanita pertama yang dilantik),
478,635b187be2e59fe60b204920,,2018-2020,"Menteri Pembangunan Wanita, Keluarga & Masyarakat",
479,635b187be2e59fe60b204920,,2018-2022,Ahli Parlimen Pandan,
480,635b187be2e59fe60b204920,,"1999-2008, 2015-2018",Ahli Parlimen Permatang Pauh,
481,635b187be2e59fe60b204920,,2014-2018,Ahli Dewan Undangan Negeri (ADUN) Kajang,
482,635b187be2e59fe60b204920,,1978-1993,Doktor Pakar Mata,
483,635aad89ea3371660a120fb6,1192-U29,2007-2022,Pensyarah Kanan Universiti Malaya,"Department of Parasitology, Faculty of Medicine, Universiti Malaya"
