,_id,id,tahun,jawatan,parti_politik
0,6358c3a25be697dfd6a2a308,675-X47,2022-,Ahli Majlis Pimpinan Pusat,Parti Keadilan Rakyat
1,6358c3a25be697dfd6a2a308,675-X47,2022-,Ketua Cabang Keadilan TEBRAU,Parti Keadilan Rakyat
2,6358c3a25be697dfd6a2a308,675-X47,2022-,AJK Mobilisasi Pusat,Pakatan Harapan Nasional
3,6358c3a25be697dfd6a2a308,675-X47,2021-2022,Timbalan Ketua Cabang TEBRAU,Parti Keadilan Rakyat
4,6358c3a25be697dfd6a2a308,675-X47,2019-2022,Ketua Angkatan Muda Keadilan (AMK) Negeri Johor,Parti Keadilan Rakyat
5,6358c3a25be697dfd6a2a308,675-X47,2018-2022,Ketua AMK Cabang Tebrau,Parti Keadilan Rakyat
6,6358c3a25be697dfd6a2a308,675-X47,2020,Pegawai Khas Menteri Besar Johor,"Parti Keadilan Rakyat, Pejabat Menteri Besar Johor"
7,6358c3a25be697dfd6a2a308,675-X47,2019-2020,Penyelaras Kepenggunaan Parlimen TEBRAU,Kementerian Perdagangan Dalam Negeri & Hal Ehwal Pengguna
8,6358c3a25be697dfd6a2a308,675-X47,2019-2021,Timbalan Ketua Pemuda PH Negeri Johor,Pakatan Harapan Johor
9,6358c3a25be697dfd6a2a308,675-X47,2016-2018,Ahli Majlis Pimpinan Keadilan Negeri Johor,Parti Keadilan Rakyat
10,6358c3a25be697dfd6a2a308,675-X47,2017-2018,Pengarah Pilihan Raya Parlimen Segamat,Parti Keadilan Rakyat
11,6358c3a25be697dfd6a2a308,675-X47,2017-2019,Timbalan Setiausaha Pemuda PH Negeri Johor,Pakatan Harapan Johor
12,6358c3a25be697dfd6a2a308,675-X47,2015-2018,Naib Ketua AMK Negeri,Parti Keadilan Rakyat Johor
13,6358c3a25be697dfd6a2a308,675-X47,2015-2018,Timbalan Ketua AMK Cabang Tebrau,Parti Keadilan Rakyat
14,6358c3a25be697dfd6a2a308,675-X47,2012-2015,Setiausaha Kerja MPN Johor ,Parti Keadilan Rakyat Johor
15,6358c3a25be697dfd6a2a308,675-X47,2008,Anggota Keadilan TEBRAU,Parti Keadilan Rakyat
16,6358fa32bd5670fda2abc2c5,1183-T30,1999,KETUA WANITA JOHOR BAHRU,PARTI KEADILAN NASIONAL
17,6358fa32bd5670fda2abc2c5,1183-T30,2000,KETUA WANITA JOHOR,PARTI KEADILAN NASIONAL
18,6358fa32bd5670fda2abc2c5,1183-T30,2003,KETUA WANITA JOHOR,PARTI KEADILAN RAKYAT
19,6358fa32bd5670fda2abc2c5,1183-T30,2005,PENGERUSI JOHOR,PARTI KEADILAN RAKYAT
20,6358fa32bd5670fda2abc2c5,1183-T30,2007,NAIB KETUA WANITA,PARTI KEADILAN RAKYAT
21,6358fa32bd5670fda2abc2c5,1183-T30,2018,AHLI MAJLIS PIMPINAN PUSAT (DIPILIH),PARTI KEADILAN RAKYAT
22,6358fa32bd5670fda2abc2c5,1183-T30,2020,"PENGERUSI BIRO STRATEGI, DASAR & LATIHAN, MPWP",PARTI KEADILAN RAKYAT
23,6358fa32bd5670fda2abc2c5,1183-T30,2021,PENGARAH STRATEGI NEGERI JOHOR,PARTI KEADILAN RAKYAT
24,6358fa32bd5670fda2abc2c5,1183-T30,2022,PENGERUSI JK PEMILIHAN PUSAT,PARTI KEADILAN RAKYAT
25,6358fa32bd5670fda2abc2c5,1183-T30,2004,CALON DUN TANJUNG PUTERI,PARTI KEADILAN RAKYAT
26,6358fa32bd5670fda2abc2c5,1183-T30,2008,CALON PARLIMEN GELANG PATAH,PARTI KEADILAN RAKYAT
27,6358fa32bd5670fda2abc2c5,1183-T30,2009,PENGETUA AKADEMI KEADILAN (ARK),PARTI KEADILAN RAKYAT
28,6358c3a45be697dfd6a2a378,133-B77,2020,AHLI,PKR
29,6358c3a35be697dfd6a2a334,619-I59,2018-2022,AHLI PARLIMEN,PARTI KEADILAN RAKYAT
30,6358c3a35be697dfd6a2a334,619-I59,2022-2025,AHLI MAJLIS PIMPINAN PUSAT,PARTI KEADILAN RAKYAT
31,6358c3a35be697dfd6a2a334,619-I59,2022-2025,KETUA CABANG LEDANG,PARTI KEADILAN RAKYAT
32,6358c3a35be697dfd6a2a334,619-I59,2022-,TIMBALAN PENGERUSI MPN JOHOR,PARTI KEADILAN RAKYAT
33,6358c3a35be697dfd6a2a334,619-I59,2019-2022,PENGERUSI MPN JOHOR,PARTI KEADILAN RAKYAT
34,6358c3a35be697dfd6a2a334,619-I59,2014-2018,KETUA PENERANGAN PUSAT,PARTI KEADILAN RAKYAT
35,6358c3a35be697dfd6a2a352,360-B68,2022- KINI,AHLI MPN WP,PARTI KEADILAN RAKYAT
36,6358c3a35be697dfd6a2a352,360-B68,2018-2022,TIMBALAN PENGERUSI MPN WP,PARTI KEADILAN RAKYAT
37,6358c3a35be697dfd6a2a352,360-B68,2007-2022,KETUA CABANG PUTRAJAYA,PARTI KEADILAN RAKYAT
38,6358c3a35be697dfd6a2a352,360-B68,2008,AJK PILIHANRAYA CABANG BDR TUN RAZAK,PARTI KEADILAN RAKYAT
39,6358c3a35be697dfd6a2a352,360-B68,2004,AJK PILIHANRAYA CABANG BDR TUN RAZAK,PARTI KEADILAN RAKYAT
40,6358c3a35be697dfd6a2a352,360-B68,1999-2001,KETUA BAHAGIAN CHERAS,PARTI KEADILAN NASIONAL
41,6358c3a35be697dfd6a2a352,360-B68,1999-2001,KETUA PEMUDA KEADILAN WP,PARTI KEADILAN NASIONAL
42,635b16c5e2e59fe60b20491b,,2022-kini,Ahli Majlis Pimpinan Pusat (MPP),
43,635b16c5e2e59fe60b20491b,,2022-kini,Ketua Cabang Simpang Renggam,
44,6358c3a35be697dfd6a2a324,625-Z05,2022,Pengerusi ,"Pakatan Harapan (PH), Parit Sulong"
45,6358c3a35be697dfd6a2a324,625-Z05,2022,Setiausaha Pengelola,"Parti Keadilan Rakyat, Negeri Johor"
46,6358c3a35be697dfd6a2a324,625-Z05,2022,Ketua Cabang,"Parti Keadilan Rakyat, Parit Sulong"
47,6358c3a35be697dfd6a2a324,625-Z05,2014-2018,Ketua Penerangan,"Parti Keadilan Rakyat, Wilayah Persekutuan"
48,6358c3a35be697dfd6a2a324,625-Z05,2014-2018,Naib Ketua Cabang 2,"Parti Keadilan Rakyat, Putrajaya, Wilayah Persekutuan"
49,6358c3a25be697dfd6a2a306,769-M47,2022,Ketua Wanita Negeri ,Parti Keadilan Rakyat 
50,6358c3a25be697dfd6a2a306,769-M47,2019,Ahli jawatan kuasa ,Parti Keadilan Rakyat 
51,6358c3a35be697dfd6a2a326,953-W50,2014-2022,Timbalan Pengerusi MPN Johor,PKR
52,6358c3a35be697dfd6a2a326,953-W50,2018-2022,KC Pulai,PKR
53,635aad7eea3371660a120fb4,1191-H25,2019,Pengerusi Majlis Pimpinan (MPN) Parti Keadilan Rakyat Negeri Johor ,Parti Keadilan Rakyat
54,6358c3a45be697dfd6a2a382,902-I77,2022-,Pengarah Strategi,Parti Keadilan Rakyat
55,6358c3a45be697dfd6a2a382,902-I77,2019-2022,Ketua,Angkatan Muda Keadilan (AMK) Malaysia
56,6358c3a45be697dfd6a2a382,902-I77,2014-,Ketua Cabang,Cabang Johor Bahru
57,6358c3a35be697dfd6a2a362,313-R42,2022,TIMBALAN KETUA CABANG JERLUN,PARTI KEADILAN RAKYAT
58,6358c3a35be697dfd6a2a362,313-R42,2021,AJK TEAM DATA KEDAH,PARTI KEADILAN RAKYAT
59,6358c3a35be697dfd6a2a362,313-R42,2022,"TRAINER CISTA,SFC  KEDAH",PARTI KEADILAN RAKYAT
60,6358c3a25be697dfd6a2a310,1026-R07,2022,SETIAUSAHA KOMUNIKASI KEADILAN MALAYSIA ,PARTI KEADILAN RAKYAT
61,6358c3a25be697dfd6a2a310,1026-R07,2022,PENGARAH KOMUNIKASI KEADILAN KEDAH ,PARTI KEADILAN RAKYAT
62,6358c3a25be697dfd6a2a310,1026-R07,2022,TIMBALAN KETUA CABANG KUBANG PASU ,PARTI KEADILAN RAKYAT
63,6358c3a25be697dfd6a2a310,1026-R07,2020 – 2021,KETUA PENERANGAN ANGKATAN MUDA KEADILAN MALAYSIA ,PARTI KEADILAN RAKYAT
64,6358c3a25be697dfd6a2a310,1026-R07,2019,EXCO ANGKATAN MUDA KEADILAN MALAYSIA ,PARTI KEADILAN RAKYAT
65,6358c3a25be697dfd6a2a310,1026-R07,2019 – 2021,TIMBALAN KETUA ANGKATAN MUDA KEADILAN KEDAH ,PARTI KEADILAN RAKYAT
66,6358c3a25be697dfd6a2a310,1026-R07,2018,KETUA PEMUDA PAKATAN HARAPAN ALOR SETAR ,PARTI KEADILAN RAKYAT
67,6358c3a25be697dfd6a2a310,1026-R07,2014-2018,EXCO ANGKATAN MUDA KEADILAN KEDAH (PENGARAH STRATEGI ANGKATAN MUDA KEADILAN) ,PARTI KEADILAN RAKYAT
68,6358c3a25be697dfd6a2a310,1026-R07,2014 -2020,KETUA ANGKATAN MUDA KEADILAN ALOR SETAR,PARTI KEADILAN RAKYAT
69,6358c3a25be697dfd6a2a310,1026-R07,2013,"VOLUNTEER FOR PARTI KEADILAN RAKYAT PRU 13, PARLIMENT ALOR SETAR & DUN BAKAR BATA ",PARTI KEADILAN RAKYAT
70,6358c3a25be697dfd6a2a310,1026-R07,2008,"VOLUNTEER FOR PARTI KEADILAN RAKYAT PRU 12, LEMBAH PANTAI ",PARTI KEADILAN RAKYAT
71,6358c3a45be697dfd6a2a384,377-O86,2022,AHLI MAJLIS PIMPINAN PUSAT,KEADILAN
72,6358c3a45be697dfd6a2a384,377-O86,2022,KETUA CABANG SUNGAI PETANI,KEADILAN
73,6358c3a45be697dfd6a2a384,377-O86,2018-KINI,NAIB PENGERUSI MPN KEDAH,KEADILAN
74,6358c3a45be697dfd6a2a384,377-O86,2018-2022,BENDAHARI PUSAT AMK,KEADILAN
75,6358c3a45be697dfd6a2a370,805-R56,1999,PENGASAS KEADILAN CABANG KUALA KEDAH,PARTI KEADILAN RAKYAT
76,6358c3a35be697dfd6a2a360,1017-T49,2008,Timb. Ketua Cabang,Parti Keadilan Rakyat
77,6358c3a35be697dfd6a2a360,1017-T49,2010,Ketua Penerangan Negeri,Parti Keadilan Rakyat
78,6358c3a35be697dfd6a2a360,1017-T49,2018,Timb. Ketua Cabang,Parti Keadilan Rakyat
79,6358c3a35be697dfd6a2a360,1017-T49,2018,Bendahari Negeri ,Parti Keadilan Rakyat
80,6358c3a35be697dfd6a2a360,1017-T49,2022,Ketua Cabang,Parti Keadilan Rakyat
81,6358c3a35be697dfd6a2a360,1017-T49,2022,Naib 1 Pengerusi Negeri,Parti Keadilan Rakyat
82,6358c3a35be697dfd6a2a360,1017-T49,2022,Bendahari Mobilasi Pusat,Parti Keadilan Rakyat
83,6358c3a45be697dfd6a2a364,1123-O11,2000 - 2004,Setiausaha Wanita Bahagian Johor Bahru,KEADILAN
84,6358c3a45be697dfd6a2a364,1123-O11,2000 - 2004,Setiausaha Wanita Negeri Johor,KEADILAN
85,6358c3a45be697dfd6a2a364,1123-O11,2000 - 2004,Setiausaha Negeri Wanita Barisan Alternatif (BA),KEADILAN
86,6358c3a45be697dfd6a2a364,1123-O11,2004 - 2007,EXCO ANGKATA MUDA KEADILAN (AMK) PUSAT,KEADILAN
87,6358c3a45be697dfd6a2a364,1123-O11,2004 - 2007,KETUA ANGKATAN MUDA KEADILAN (AMK) NEGERI JOHOR,KEADILAN
88,6358c3a45be697dfd6a2a364,1123-O11,2004 - 2007,PENGERUSI BIRO PILIHANRAYA AMK PUSAT,KEADILAN
89,6358c3a45be697dfd6a2a364,1123-O11,2004 - 2007 ,TIMBALAN PENGERUSI PEMUDA BARISAN ALTERNATIF (BA) NEGERI JOHOR,KEADILAN
90,6358c3a45be697dfd6a2a364,1123-O11,2007 - 2010,EXCO WANITA KEADILAN PUSAT,KEADILAN
91,6358c3a45be697dfd6a2a364,1123-O11,2007 - 2010,TIMBALAN KETUA WANITA NEGERI KEDAH,KEADILAN
92,6358c3a45be697dfd6a2a364,1123-O11,2007 - 2010,TIMBALAN PENGERUSI BIRO LATIHAN NEGERI KEDAH,KEADILAN
93,6358c3a45be697dfd6a2a364,1123-O11,Sept 2010 - March 2013,EXCO WANITA KEADILAN PUSAT,KEADILAN
94,6358c3a45be697dfd6a2a364,1123-O11,Sept 2010 - March 2013,KETUA WANITA KEADILAN SUNGAI PETANI,KEADILAN
95,6358c3a45be697dfd6a2a364,1123-O11,Sept 2010 - March 2013,"TIMBALAN PENGARAH (2), JPRN KEDAH",KEADILAN
96,6358c3a45be697dfd6a2a364,1123-O11,Sept 2013 - Ogos 2018,EXCO WANITA KEADILAN PUSAT,KEADILAN
97,6358c3a45be697dfd6a2a364,1123-O11,Sept 2013 - Aug 2018,KETUA WANITA KEADILAN NEGERI KEDAH,KEDAH
98,6358c3a45be697dfd6a2a364,1123-O11,Sept 2013 - Aug 2018,KETUA WANITA CABANG MERBOK (PENAJA),KEADILAN
99,6358c3a45be697dfd6a2a364,1123-O11,2018 - 2021,KETUA WANITA PAKATAN HARAPAN KEDAH,KEADILAN
100,6358c3a45be697dfd6a2a364,1123-O11,2018 - 2022,AHLI MAJLIS PIMPINAN PUSAT (MPP),KEADILAN
101,6358c3a45be697dfd6a2a364,1123-O11,2018 - 2022,JURUCAKAP (MP KEADILAN) MINERAL DAN SUMBER ASLI,KEADILAN
102,6358c3a45be697dfd6a2a364,1123-O11,2022 - 2025,AHLI MAJLIS PIMPINAN PUSAT (MPP),KEADILAN
103,6358c3a35be697dfd6a2a350,827-W00,2022,KETUA PEMUDA PAKATAN HARAPAN NEGERI KEDAH,PAKATAN HARAPAN
104,6358c3a35be697dfd6a2a350,827-W00,2022,KETUA ANGKATAN MUDA KEADILAN NEGERI KEDAH,PARTI KEADILAN RAKYAT
105,6358c3a35be697dfd6a2a350,827-W00,2022,KETUA ANGKATAN MUDA KEADILAN CABANG SUNGAI PETANI,PARTI KEADILAN RAKYAT
106,6358c3a35be697dfd6a2a350,827-W00,2019,ANGGOTA KEMPEN,GERINDRA (INDONESIA)
107,6358c3a45be697dfd6a2a372,295-K50,2022,"NAIB Pengerusi 3, Majlis Pimpinan Negeri Kedah",PARTI keadilan Rakyat
108,6358c3a45be697dfd6a2a372,295-K50,2013,Ketua Cabang,PARTI KEADILAN RAKYAT
109,6358c3a45be697dfd6a2a366,921-D02,2017,SETIAUSAHA AGUNG,PARTI KEADILAN RAKYAT
110,6358c3a45be697dfd6a2a366,921-D02,2018,SETIAUSAHA AGUNG,PARTI KEADILAN RAKYAT
111,6358c3a45be697dfd6a2a366,921-D02,2020,KETUA SETIAUSAHA ,PAKATAN HARAPAN
112,6358c3a45be697dfd6a2a366,921-D02,2022,SETIAUSAHA AGUNG,PARTI KEADILAN RAKYAT
113,6358c3a45be697dfd6a2a366,921-D02,1994 1996,SETIAUSAHA POLITIK TAN SRI SYED HAMID ALBAR,UMNO
114,6358c3a45be697dfd6a2a366,921-D02,1996 - 1997,SETIAUSAHA UMUM,UMNO
115,6358c3a45be697dfd6a2a366,921-D02,1996 - 1997,SETIAUSAHA AGUNG PEMUDA,UMNO MALAYSIA
116,6358c3a45be697dfd6a2a366,921-D02,1996,EXCO PEMUDA,UMNO MALAYSIA
117,635b198ee2e59fe60b20492a,,,,
118,6358c3a35be697dfd6a2a340,993-L65,2022-terkini,Ketua Wanita PH Negeri Kelantan,Pakatan Harapan N.Kelantan
119,6358c3a35be697dfd6a2a340,993-L65,2022-terkini,Ketua Wanita Negeri,KEADILAN N. Kelantan
120,6358c3a35be697dfd6a2a340,993-L65,2022-terkini,Ketua Wanita Cabang Bachok,KEADILAN N. Kelantan
121,6358c3a35be697dfd6a2a340,993-L65,2021-2022,Setiausaha Wanita Negeri,KEADILAN N. Kelantan
122,6358c3a35be697dfd6a2a340,993-L65,2020-2021,Bendahari Wanita Negeri,KEADILAN N. Kelantan
123,6358c3a35be697dfd6a2a340,993-L65,2020-2021,"Ketua Biro Undang-undang & Pembangunan Komuniti, MPWN",KEADILAN N. Kelantan
124,6358c3a45be697dfd6a2a38a,423-Z92,2022,KETUA CABANG,PARTI KEADILAN RAKYAT CABANG KETEREH
125,6358c3a45be697dfd6a2a38a,423-Z92,2020,SETIAUSAHA,PARTI KEADILAN RAKYAT CABANG KETEREH
126,6358c3a35be697dfd6a2a332,183-E57,2018-SKRG,KETUA CABANG,KEADILAN TANAH MERAH
127,6358c3a35be697dfd6a2a332,183-E57,2018-2022,PENGERUSI MPN,KEADILAN KELANTAN
128,6358c3a35be697dfd6a2a332,183-E57,1998,KETUA PENERANGAN PEMUDA,UMNO MALAYSIA
129,6358c3a35be697dfd6a2a332,183-E57,1996,EXCO PEMUDA UMNO,UMNO MALAYSIA
130,6358c3a35be697dfd6a2a332,183-E57,1993,KETUA PEMUDA UMNO ,BAHAGIAN TANAH MERAH
131,6358c3a45be697dfd6a2a36a,495-M14,2015-2017,Timbalan YDP Kota Bharu/ Pemangku YDP,PAS
132,6358c3a35be697dfd6a2a336,355-V23,2022-sekarang,Ketua Cabang Gua Musang,Parti Keadilan
133,6358c3a35be697dfd6a2a336,355-V23,2018-2022,Setiausaha Cabang Gua Musang,Parti Keadilan Gua
134,6358c3a35be697dfd6a2a336,355-V23,2016-2018,Pegawai Khas Mantan YB Dato Nozula Bin Mohd Diah,UMNO
135,6358c3a25be697dfd6a2a31c,610-W98,2018-2022,Mantan Ahli Parlimen Tangga Batu P136,"Parti Keadilan Rakyat, Pusat Khidmat Rakyat Parlimen Tangga Batu P136"
136,6358c3a25be697dfd6a2a31c,610-W98,2022-2025,Ketua Wanita Keadilan Negeri Melaka,Parti Keadilan Rakyat
137,6358c3a25be697dfd6a2a31c,610-W98,2022-2025,Ketua Cabang Keadilan Tangga Batu,Parti Keadilan Rakyat
138,6358c3a25be697dfd6a2a31c,610-W98,2021,Timbalan Pengerusi Lembaga Disiplin Pusat Parti Keadilan Rakyat ,Parti Keadilan Rakyat
139,6358c3a25be697dfd6a2a31c,610-W98,2021,Jawatankuasa Pakatan Harapan Negeri Melaka,Pakatan Harapan
140,6358c3a25be697dfd6a2a31c,610-W98,2021,Naib Pengerusi Majlis Pimpinan Negeri Keadilan,Parti Keadilan Rakyat
141,6358c3a25be697dfd6a2a31c,610-W98,2020,"Ahli Jawatankuasa Khas Menimbang Undang-undang, Parlimen Malaysia",Parlimen Malaysia
142,6358c3a25be697dfd6a2a31c,610-W98,2018,Timbalan Ketua Cabang PKR Tangga Batu,Parti Keadilan Rakyat
143,6358c3a25be697dfd6a2a31c,610-W98,2016-2018,Pengarah Undang-undang Pakatan Harapan Melaka ,Pakatan Harapan
144,6358c3a25be697dfd6a2a31c,610-W98,2014-2018,Ketua Cabang PKR Alor Gajah,Parti Keadilan Rakyat 
145,6358c3a25be697dfd6a2a31c,610-W98,2013-2014,Ketua Wanita PKR Negeri Melaka,Parti Keadilan Rakyat
146,6358c3a25be697dfd6a2a31c,610-W98,2013,"Bekas calon PRU13 N.06 Rembia, Alor Gajah Melaka",Parti Keadilan Rakyat
147,6358c3a35be697dfd6a2a32a,1160-E32,2022,Ketua AMK Pusat,Parti Keadilan Rakyat
148,6358fc0c6d2226054cad5ab2,1181-S67,2022 - kini,Ketua Penerangan,"Parti Keadilan Rakyat,  Negeri Sembilan"
149,6358c3a25be697dfd6a2a318,719-O36,2022,AHLI,PKR
150,635aad72ea3371660a120fb2,1190-Z86,2022 - kini,Naib Presiden,Parti Keadilan Rakyat
151,635aad72ea3371660a120fb2,1190-Z86,2022 - kini,Pengerusi Majlis Pimpinan Negeri Melaka,Parti Keadilan Rakyat
152,635aad72ea3371660a120fb2,1190-Z86,2014 - kini,"Pengerusi Majlis Pimpinan Negeri, Negeri Sembilan",Parti Keadilan Rakyat
153,635aad72ea3371660a120fb2,1190-Z86,2022 - kini,Ketua Cabang Port Dickson,Parti Keadilan Rakyat
154,635aad72ea3371660a120fb2,1190-Z86,2018 - 2022,Ketua Cabang Tampin,Parti Keadilan Rakyat
155,636937695fc438e1c70603c9,551-R33,1985-1989,KETUA PERMUDA,"UMNO, KUALA KENAU, SUNGAI LEMBING"
156,636937695fc438e1c70603c9,551-R33,2022-2025,KETUA CABANG PAYA BESAR,"PKR, PAYA BESAR"
157,636937695fc438e1c70603c9,551-R33,2022-2025,BENDAHARI MPN PAHANG,"PKR, PAYA BESAR"
158,636937695fc438e1c70603cb,600-R09,29 MEI 2022-KINI,TIMBALAN KETUA,PKR CABANG KUANTAN
159,636937695fc438e1c70603cb,600-R09,OGOS 2018-KINI,Ahli Jawatankuasa Kira-kira Wang Negeri Bagi Dewan Negeri Pahang Ke-14,PAC PAHANG
160,636937695fc438e1c70603cb,600-R09,9 MEI 2014-KINI,ADUN TERUNTUM PRU 14,"PUSAT KHIDMAT ADUN TERUNTUM    A137,1ST FLOOR,JALAN BESERAH,25300 KUANTAN PAHANG"
161,636937695fc438e1c70603cb,600-R09,OCT 2014 -18 MAY 2022,TIMBALAN KETUA,PKR CABANG KUANTAN
162,636937695fc438e1c70603cb,600-R09,5 MEI 2013- KINI,ADUN TERUNTUM PRU 13,"PUSAT KHIDMAT ADUN TERUNTUM    A137,1ST FLOOR,JALAN BESERAH,25300 KUANTAN PAHANG"
163,636937695fc438e1c70603cb,600-R09,2008-KINI,KETUA RANTING,PKR RANTING BANDAR KUANTAN
164,636937695fc438e1c70603cb,600-R09,2008-OKT 2014,KETUA PENERANGAN,PKR CABANG KUANTAN
165,636937695fc438e1c70603cb,600-R09,2008-MEI 2013,PENGARAH EKSEKUTIF,PUSAT KHIDMAT CABANG KUANTAN
166,636937695fc438e1c70603cb,600-R09,2008-MEI 2013,PENGAWAS KHAS,AHLI PARLIMEN KUANTAN
167,636937695fc438e1c70603cb,600-R09,MAR 2008-OKT 2008,SETIAUSAHA,PKR CABANG KUANTAN
168,636937695fc438e1c70603cb,600-R09,2008,PACABA,PAKATAN KEADILAN RAKYAT
169,636937695fc438e1c70603cb,600-R09,2007,AHLI,PAKATAN KEADILAN RAKYAT
170,636937695fc438e1c70603cd,618-W52,2022,AJK CABANG & AJK WANITA,KEADILAN CABANG ROMPIN
171,636937695fc438e1c70603cd,618-W52,2019,AJK WANITA,KEADILAN CABANG ROMPIN
172,636937695fc438e1c70603cf,563-O85,1999-2000,PENGURUS KEMPEN PRU 10/ PRU 13,PARTI KEADILAN NASIONAL KUANTAN
173,636937695fc438e1c70603cf,563-O85,2013-2018,NAIB KETUA CABANG,KEADILAN CABANG KUANTAN
174,636937695fc438e1c70603cf,563-O85,2018-KINI,KETUA CABANG,KEADILAN CABANG KUANTAN
175,636937695fc438e1c70603d3,432-O40,2022-2025,Ketua AMK Negeri/Ketua AMK Cabang,Parti KEADILAN Rakyat
176,636937695fc438e1c70603d3,432-O40,2018-2022,Pengarah Komunikasi AMK/Naib Ketua AMK Negeri/Naib Ketua AMK Cabang/Setiausaha Cabang,Parti KEADILAN Rakyat
177,636937695fc438e1c70603d3,432-O40,2016-2018,AJK AMK Indera Mahkota/Penolong Setiausaha Cabang,Parti KEADILAN Rakyat
178,636937695fc438e1c70603d5,580-V69,2018,CALON DUN,DUN CHEKA
179,636937695fc438e1c70603d5,580-V69,2018,NAIB KETUA CABANG,"PKR, LIPIS"
180,636937695fc438e1c70603d5,580-V69,1998,"AJK, PAHANG",GERAK NEGERI PAHANG
181,636937695fc438e1c70603d7,583-U08,2010-2013,KETUA AMK CABANG SETIAUSAHA CABANG,PRK CABANG KUALA KRAU
182,636937695fc438e1c70603d7,583-U08,2014-2017,NAIB KETUA CABANG,PRK CABANG KUALA KRAU
183,636937695fc438e1c70603d7,583-U08,2018-2021,KETUA CABANG,PRK CABANG KUALA KRAU
184,636937695fc438e1c70603d9,463-H40,2019,AJK ,CABANG KEADILAN JERANTUT
185,636937695fc438e1c70603d9,463-H40,1985-1995,AJK PEMUDA UMNO ,UMNO BAHAGIAN JERANTUT
186,636937695fc438e1c70603d9,463-H40,1980-1997 ,KETUA CAWANGAN UMNO,"UMNO KG PULAU MANSOK, JERANTUT "
187,636937695fc438e1c70603db,420-L05,2019-Kini,Ketua Penerangan,Parti Keadilan Rakyat
188,636937695fc438e1c70603db,420-L05,2015-2019,AJK Amanah Negeri Pahang,Parti Amanah Negara 
189,636937695fc438e1c70603db,420-L05,1978-2014,Ahli ,Parti Islam Semalaysia
190,636937695fc438e1c70603dd,516-T91,2022,Naib Ketua Cabang ,Keadilan Cabang Temerloh 
191,636937695fc438e1c70603dd,516-T91,1996 - 2005 ,Ketua Cawangan ,UMNO Cawangan Batu Kapor Mentakab 
192,636937695fc438e1c70603dd,516-T91,2005-2006,AJK Bahagian ,UMNO BAHAGIAN TEMERLOH 
193,636937695fc438e1c70603df,564-W80,2018- 2022,TIMBALAN PENGERUSI MPN PAHANG,KEADILAN
194,636937695fc438e1c70603df,564-W80,2018-2022,SETIAUSAHA PH PAHANG,PAKATAN HARAPAN
195,636937695fc438e1c70603df,564-W80,2018-2022,KETUA CABANG LIPIS,KEADILAN
196,636937695fc438e1c70603df,564-W80,2013-2018,TIMBALAN KETUA CABANG LIPIS,KEADILAN
197,636937695fc438e1c70603df,564-W80,2010-2013,SETIAUSAHA AMK MALAYSIA,KEADILAN
198,636937695fc438e1c70603df,564-W80,2008-2010,KETUA AMK PAHANG,KEADILAN
199,636937695fc438e1c70603e1,789-R75,2019,AHLI KEADILAN,KEADILAN CABANG MARAN
200,636937695fc438e1c70603e3,720-G44,2011,KETUA RANTING,KEADILAN/ PKR
201,636937695fc438e1c70603e3,720-G44,2020,TIMBALAN PENGERUSI BIRO FELDA NEGERI PAHANG,KEADILAN/ PKR PEKAN
202,636937695fc438e1c70603e5,273-A04,2022,TKC,Keadilan
203,636937695fc438e1c70603e5,273-A04,2018,TKC,Keadilan 
204,636937695fc438e1c70603e5,273-A04,2000,Ahli,Keadilan 
205,636937695fc438e1c70603e7,494-D11,2022 - 2025,KWC Indera Mahkota,Parti Keadilan Rakyat
206,636937695fc438e1c70603e7,494-D11,2020 - Aug 2022,KWN Pahang,Parti Keadilan Rakyat
207,636937695fc438e1c70603e7,494-D11,2018 - 2022,KWC Indera Mahkota,Parti Keadilan Rakyat
208,636937695fc438e1c70603e7,494-D11,2013 - 2018,KWC Indera Mahkota,Parti Keadilan Rakyat 
209,636937695fc438e1c70603e9,678-X78,2022,KETUA CABANG,CABANG CAMERON HIGHLANDS
210,636937695fc438e1c70603e9,678-X78,2021,SETIAUSAHA PENGELOLA,CABANG CAMERON HIGHLANDS
211,636937695fc438e1c70603e9,678-X78,2018,SETIAUSAHA,RANTING BUKIT BETONG/ BUKIT KOTA
212,636937695fc438e1c70603eb,38-Z52,2022-2025,KETUA WANITA NEGERI PAHANG,KEADILAN RAKYAT PAHANG
213,636937695fc438e1c70603eb,38-Z52,2022-2025,TIMBALAN WANITA PAKATAN HARAPAN,Keadilan rakyat pahang
214,636937695fc438e1c70603eb,38-Z52,2018-2021,Ketua wanita cabang paya besar,Keadilan rakyat pahang
215,6358c3a45be697dfd6a2a37a,,,,
216,6358c3a35be697dfd6a2a35a,547-S11,2022,"SU Negeri Pahang, Timbalan Ketua Cabang, Penyelaras Parlimen Indera Mahkota",Keadilan Pahang
217,6358c3a35be697dfd6a2a35a,547-S11,2021,"SU Pengelola Negeri Pahang, Timbalan Ketua Cabang, Penyelaras Parlimen IM",Keadilan Indera Mahkota 
218,6358c3a35be697dfd6a2a35a,547-S11,2016,Timbalan Ketua Penerangan cabang,Keadilan Indera Mahkota
219,6358c3a25be697dfd6a2a31a,422-F75,2022 sehingga KINI,Pengarah Institut Latihan KEADILAN,Parti KEADILAN Rakyat
220,6358c3a25be697dfd6a2a31a,422-F75,2018 - 2022,Ketua Wanita KEADILAN,Parti KEADILAN Rakyat
221,6358c3a25be697dfd6a2a31a,422-F75,2010 - 2013,Naib Presiden KEADILAN,Parti KEADILAN Rakyat
222,6358c3a25be697dfd6a2a31a,422-F75,1999,Ketua Wanita KEADILAN,Parti KEADILAN Rakyat
223,6358c3a35be697dfd6a2a354,616-Y95,2022,AHLI JAWATANKUASA,PARTI KEADILAN RAKYAT CABANG PEKAN
224,6358c3a25be697dfd6a2a30c,685-O85,2022,NAIB KETUA CABANG BERA,KEADILAN
225,6358c3a25be697dfd6a2a30c,685-O85,2018,CALON DUN LANCHANG TEMERLOH,KEADILAN
226,6358c3a25be697dfd6a2a30c,685-O85,2013,CALON DUN CHEKA KUALA LIPIS,KEADILAN
227,6358c3a25be697dfd6a2a30c,685-O85,2009,KETUA BAHAGIAN BERA,KEADILAN
228,6358c3a25be697dfd6a2a30c,685-O85,2007,AJK CABANG BERA,KEADILAN
229,6358c3a45be697dfd6a2a376,634-Q38,2019-2021,Penyelaras DUN Muadzam ,PKR Cabang Rompin 
230,6358c3a35be697dfd6a2a328,1036-G28,2014-kini,Naib Presiden,Parti KEADILAN Rakyat
231,6358c3a25be697dfd6a2a30e,1103-Y51,2022-2025,KETUA WANITA PUSAT,PARTI KEADILAN RAKYAT
232,6358c3a25be697dfd6a2a30e,1103-Y51,2021-KINI,MAJLIS PIMPINAN NEGERI PULAU PINANG,PARTI KEADILAN RAKYAT
233,6358c3a25be697dfd6a2a30e,1103-Y51,2020-2022,PENGERUSI BIRO GUAMAN DAN PEMBANGUNAN KOMUNITI WANITA KEADILAN PUSAT,PARTI KEADILAN RAKYAT
234,6358c3a45be697dfd6a2a368,247-T60,2006,Ahli PKR,Parti KEADILAN
235,635b59c741920def23d3ac68,,,,
236,6368b1d771ba219338944d0d,438-Z39,2022,Naib Ketua Cabang / Pengarah Pilihanraya Cabang Larut,Parti Keadilan Rakyat
237,6368b1d771ba219338944d0d,438-Z39,2018,Ahli Majlis Pimpinan Pusat AMK,Parti Keadilan Rakyat 
238,6368b1d771ba219338944d0d,438-Z39,2018,Ketua AMK Larut & Setiausaha Cabang Larut,Parti Keadilan Rakyat
239,6368b1d771ba219338944d0d,438-Z39,2015,Penolong Setiausaha AMK Perak & Timbalan Ketua AMK Larut,Parti Keadilan Rakyat 
240,6368b1d771ba219338944d0f,808-P59,2022-2025,NAIB KETUA WANITA 1," PARTI KEADILAN RAKYAT, MERCHANT SQUARE, PETALING JAYA"
241,6368b1d771ba219338944d0f,808-P59,2019-2022,KETUA WANITA NEGERI MELAKA,PEJABAT MPN MELAKA
242,6368b1d771ba219338944d0f,808-P59,2018-2021,NAIB KETUA WANITA 3,"PARTI KEADILAN RAKYAT, MERCHANT SQUARE, PETALING JAYA"
243,6368b1d771ba219338944d0f,808-P59,2014-2018,EXCO WANITA PUSAT ,"PARTI KEADILAN RAKYAT, MERCHANT SQUARE, PETALING JAYA"
244,6368b1d771ba219338944d0f,808-P59,2010-2013,EXCO WANITA NEGERI SELANGOR,"PARTI KEADILAN RAKYAT,PEJABAT MPN SELANGOR"
245,6368b1d771ba219338944d0f,808-P59,2009,TIMBALAN KETUA WANITA CABANG,"PARTI KEADILAN RAKYAT, PEJABAT CABANG KUALA SELANGOR"
246,6368b1d771ba219338944d0f,808-P59,2008-2009,TIMBALAN KETUA WANITA RANTING,"PARTI KEADILAN RAKYAT, PEJABAT RANTING, SAUJANA UTAMA,SELANGOR"
247,6368b1d771ba219338944d11,698-F52,2022-KINI,TIMBALAN PENGERUSI MPN PERAK,PARTI KEADILAN RAKYAT
248,6368b1d771ba219338944d11,698-F52,2022-KINI,KETUA CABANG,PARTI KEADILAN RAKYAT
249,6368b1d771ba219338944d11,698-F52,2018-2022,KETUA PEMUDA PAKATAN HARAPAN,PAKATAN HARAPAN
250,6368b1d771ba219338944d11,698-F52,2018-2022,KETUA AMK PERAK,PARTI KEADILAN RKAYAT
251,6368b1d771ba219338944d11,698-F52,2014-2018,TIMBALAN SETIAUSAHA MPN PERAK,PARTI KEADILAN RAKYAT
252,6368b1d771ba219338944d11,698-F52,2014-2018,BENDAHARI AMK PERAK,PARTI KEADILAN RAKYAT
253,6368b1d771ba219338944d11,698-F52,2013-2014,SETIAUSAHA AMK PERAK,PARTI KEADILAN RAKYAT
254,6368b1d771ba219338944d11,698-F52,2013-2022,KETUA AMK KUALA KANGSAR,PARTI KEADILAN RAKYAT
255,6368b1d771ba219338944d13,790-W26,2014 - 2022,KETUA CABANG,"PARTI KEADILAN RAKYAT,  NEGERI PERAK"
256,6368b1d771ba219338944d13,790-W26,2019 -20212022,PENGARAH PILIHANRAYA NEGERI,"PARTI KEADILAN RAKYAT, NEGERI PERAK"
257,6368b1d771ba219338944d13,790-W26,2010-2014,KETUA ANGKATAN MUDA KEADILAN RAKYAT,"PARTI KEADILAN RAKYAT, NEGERI PERAK"
258,6368b1d771ba219338944d13,790-W26,2010 -2014,SETIAUSAHA CABANG,"PARTI KEADILAN RAKYAT, NEGERI PERAK"
259,6368b1d771ba219338944d15,1127-H58,2006,Ahli,PKR
260,6368b1d771ba219338944d15,1127-H58,1990an,Ahli,UMNO
261,6368b1d771ba219338944d17,21-J53,2022,KETUA CABANG,KEADILAN CABANG GERIK
262,6368b1d771ba219338944d17,21-J53,2021,AHLI MPN,KEADILAN NEGERI PERAK
263,6368b1d771ba219338944d17,21-J53,2020,AHLI BIASA,KEADILAN CABANG GERIK
264,6368b1d771ba219338944d17,21-J53,2019,KETUA ARMADA,PPBM BAHAGIAN GERIK
265,6368b1d771ba219338944d17,21-J53,2018,PENYELARAS DUN,DUN PENGKALAN HULU
266,6368b1d771ba219338944d17,21-J53,2018,CALON PRU14,DUN PENGKALAN HULU
267,6368b1d771ba219338944d19,415-J83,2022-2025,KETUA CABANG PASIR SALAK,PARTI KEADILAN RAKYAT
268,6368b1d771ba219338944d19,415-J83,2018-2022,KETUA CABANG PASIR SALAK,PARTI KEADILAN RAKYAT
269,6368b1d771ba219338944d19,415-J83,2018,CALON DUN SG MANIK,PARTI KEADILAN RAKYAT
270,6368b1d771ba219338944d19,415-J83,2015-2018,BENDAHARI CABANG PASIR SALAK,PARTI KEADILAN RAKYAT
271,6368b1d771ba219338944d19,415-J83,2022-2025,PENGARAH MOBILISASI MPN PERAK,PARTI KEADILAN RAKYAT
272,6368b1d771ba219338944d19,415-J83,2018-2022,TIM. SETIAUSAHA PENGELOLA MPN PERAK,PARTI KEADILAN RAKYAT
273,6368b1d771ba219338944d19,415-J83,2022-2025,BIRO POLITIK MPN PERAK,PARTI KEADILAN RAKYAT
274,6368b1d771ba219338944d19,415-J83,2022-2025,AHLI MAJLIS MPN PERAK,PARTI KEADILAN RAKYAT
275,6368b1d771ba219338944d19,415-J83,2018-2022,AHLI MPN PERAK,PARTI KEADILAN RAKYAT
276,6368b1d771ba219338944d1b,718-K01,2022,Pengarah Komunikasi,KEADILAN Perak
277,6368b1d771ba219338944d1b,718-K01,2020-2022,Bendahari,Wanita KEADILAN Pusat
278,6368b1d771ba219338944d1b,718-K01,2018-2022,Naib Ketua Cabang,KEADILAN Gopeng
279,6368b1d771ba219338944d1b,718-K01,2014-2018,Naib Ketua AMK,AMK Perak 
280,6368b1d771ba219338944d1b,718-K01,2011-2014,EXCO AMK Pusat,AMK Malaysia
281,6368b1d771ba219338944d1d,896-J39,2022,Ketua Penerangan Biro OKU ,Parti Keadilan Rakyat 
282,6368b1d771ba219338944d1d,896-J39,2020-2022,Ketua Wanita Negeri Perak ,Parti Keadilan Rakyat
283,6368b1d771ba219338944d1d,896-J39,2018-2020,ketua wanita cabang Tanjung Malim,Parti Keadilan Rakyat
284,6368b1d771ba219338944d1d,896-J39,2016-2018,Ketua Penerangan Cabang Tanjung Malim,Parti Keadilan Rakyat
285,6368b1d771ba219338944d1d,896-J39,2009-2016,Ketua Wanita Cabang Tanjung Malim,Parti Keadilan Rakyat
286,6368b1d771ba219338944d1d,896-J39,2018-2020,Ahli Majlis Majlis Daerah Tanjung Malim,Parti Keadilan Rakyat
287,6368b1d771ba219338944d1f,900-X80,2022,NAIB KETUA WANITA,CABANG GOPENG
288,6368b1d771ba219338944d1f,900-X80,2022,AHLI JAWATANKUASA,CABANG GOPENG
289,6368b1d771ba219338944d1f,900-X80,2018,EXCO,ANGKATAN MUDA KEADILAN PERAK
290,6368b1d771ba219338944d1f,900-X80,2015,SETIAUSAHA,ANGKATAN MUDA KEADILAN PERAK
291,6368b1d771ba219338944d1f,900-X80,2010,EXCO,ANGKATAN MUDA KEADILAN PERAK
292,6368b1d771ba219338944d1f,900-X80,2010,BENDAHARI,CABANG IPOH TIMOR
293,6368b1d771ba219338944d21,588-V58,2022,Ketua Cabang Lenggong,Parti Keadilan Rakyat
294,6368b1d771ba219338944d21,588-V58,2018 - 2021,Exco AMK Perak,Parti Keadilan Perak
295,6368b1d771ba219338944d21,588-V58,2020-2021,Naib Ketua AMK Lenggong,Parti Keadilan Rakyat
296,6368b1d771ba219338944d23,1142-L74,2007,SERTAI PKR,PARTI KEADILAN RAKYAT (SEBELUM PRU 13)
297,6368b1d771ba219338944d23,1142-L74,2008,KETUA RANTING,KETUA RANTING BATU KARANG CABANG KAMPAR
298,6368b1d771ba219338944d23,1142-L74,2009,NAIB KETUA AMK CABANG,PARTI KEADILAN RAKYAT CABANG KAMPAR
299,6368b1d771ba219338944d23,1142-L74,2009-2013,SEKRETARIAT PEMUDA PAKATAN HARAPAN KAMPAR,PARTI KEADILAN RAKYAT CABANG KAMPAR
300,6368b1d771ba219338944d23,1142-L74,2009-2013,PACA,PARTI KEADILAN RAKYAT CABANG KAMPAR
301,6368b1d771ba219338944d23,1142-L74,2010,AJK AMK CABANG,PARTI KEADILAN RAKYAT CABANG KAMPAR
302,6368b1d771ba219338944d23,1142-L74,2014,KETUA AMK CABANG,PARTI KEADILAN RAKYAT CABANG KAMPAR
303,6368b1d771ba219338944d23,1142-L74,2014,CALON AMK PUSAT,PARTI KEADILAN RAKYAT NEGERI PERAK (CALON NO. 36 - TEWAS)
304,6368b1d771ba219338944d23,1142-L74,2014-2018,KETUA AMK NEGERI,PARTI KEADILAN RAKYAT NEGERI PERAK
305,6368b1d771ba219338944d23,1142-L74,2017,TIMBALAN KETUA PEMUDA PH PERAK,PAKATAN HARAPAN PERAK
306,6368b1d771ba219338944d23,1142-L74,2017,PENYELARAS DUN,N.043 TUALANG SEKAH
307,6368b1d771ba219338944d23,1142-L74,2018,CALON PRU 14,CALON PRU 14 N.043 TUALANG SEKAH
308,6368b1d771ba219338944d23,1142-L74,2018-KINI,SETIAUSAHA POLITIK,SETIAUSAHA POLITIK AHLI PARLIMEN KAMPAR
309,6368b1d771ba219338944d23,1142-L74,2018-2021,SETIAUSAHA MPN PERAK,MAJLIS PIMPINAN NEGERI PARTI KEADILAN RAKYAT NEGERI PERAK
310,6368b1d771ba219338944d23,1142-L74,2022-2025,SETIAUSAHA MPN PERAK,MAJLIS PIMPINAN NEGERI PARTI KEADILAN RAKYAT NEGERI PERAK
311,6368b1d771ba219338944d25,32-P04,1990 - 1993,Ketua Pemuda Umno,Umno
312,6368b1d771ba219338944d25,32-P04,1994-1997,AJK  Umno Bahagian,Umno
313,6368b1d771ba219338944d25,32-P04,1998-2018,Ketua Cabang,Keadilan
314,6368b1d771ba219338944d25,32-P04,2000-2005,Majlis Pimpinan Pusat,Keadilan
315,6368b1d771ba219338944d25,32-P04,2002-2004,Timbalan Pengerusi MPN,Keadilan
316,6368b1d771ba219338944d25,32-P04,2022-2022,Timbalan Pengerusi Keanggotaan,Keadilan
317,6368b1d771ba219338944d25,32-P04,2020,Pengerusi Reformasi Parit,Keadilan
318,6368b1d771ba219338944d25,32-P04,2018,Pengarah Pilihanraya Pru 14 ,Keadilan
319,6368b1d871ba219338944d27,472-Q37,2022,Naib Ketua AMK Pusat,Parti Keadilan Rakyat
320,6368b1d871ba219338944d27,472-Q37,2021,Ketua Srikandi Keadilan Kelantan,Parti Keadilan Rakyat
321,6368b1d871ba219338944d27,472-Q37,2021,"Moderator, Borak Dahsyat",Parti Keadilan Rakyat
322,6368b1d871ba219338944d27,472-Q37,2020,Biro Dasar dan Strategi Wanita Selangor,Parti Keadilan Rakyat
323,6368b1d871ba219338944d29,1043-M45,2022-2025,KETUA AMK PERAK,KEADILAN
324,6368b1d871ba219338944d29,1043-M45,2022-2025,KETUA AMK SG SIPUT,KEADILAN
325,6368b1d871ba219338944d29,1043-M45,2020-2021,NAIB KETUA CABANG IPOH TIMOR,KEADILAN
326,6368b1d871ba219338944d29,1043-M45,2019-2022,SETIAUSAHA AMK PERAK,KEADILAN
327,6368b1d871ba219338944d29,1043-M45,2019-2022,PENOLONG SETIAUSAHA MPN KEADILAN PERAK,KEADILAN
328,6368b1d871ba219338944d29,1043-M45,2019-KINI,EXCO AMK MALAYSIA,KEADILAN
329,6368b1d871ba219338944d29,1043-M45,2018,PENGURUS CALON N19 CHENDEROH,KEADILAN
330,6368b1d871ba219338944d29,1043-M45,2017-2018,JPRN KEADILAN PERAK,KEADILAN
331,6368b1d871ba219338944d29,1043-M45,2017-2018,PENGARAH PILIHANRAYA AMK PERAK,KEADILAN
332,6368b1d871ba219338944d29,1043-M45,2014-2018,PENGARAH STRATEGIK AMK PERAK,KEADILAN
333,6368b1d871ba219338944d29,1043-M45,2014-2018,KETUA AMK CABANG TAMBUN,KEADILAN
334,6368b1d871ba219338944d29,1043-M45,2013,PENGURUS CALON N39 BOTA,KEADILAN
335,6368b1d871ba219338944d29,1043-M45,2012,SETIAUSAHA AMK CABANG TAMBUN,KEADILAN
336,6368b1d871ba219338944d2b,1005-T34,2022,NAIB PENGERUSI MPN PERAK ,PARTI KEADILAN RAKYAT - KEADILAN
337,6368b1d871ba219338944d2b,1005-T34,2022,KETUA CABANG KEADILAN LUMUT,PARTI KEADILAN RAKYAT - KEADILAN LUMUT
338,6368b1d871ba219338944d2b,1005-T34,2015,TIMBALAN PENGARAH STRATEGI MPN PERAK,PARTI KEADILAN RAKYAT - KEADILAN
339,6368b1d871ba219338944d2b,1005-T34,2018,WAKIL CALON PAKATAN HARAPAN PARLIMEN LUMUT ,PAKATAN HARAPAN LUMUT 
340,6368b1d871ba219338944d2b,1005-T34,2013,WAKIL CALON PARTI KEADILAN RAKYAT PARLIMEN LUMUT,PARTI KEADIALAN RAKYAT - KEADILAN 
341,6368b1d871ba219338944d2b,1005-T34,2012,KETUA PENERANGAN PAKATAN RAKYAT PARLIMEN LUMUT,PAKATAN RAKYAT PARLIMEN LUMUT
342,6368b1d871ba219338944d2b,1005-T34,2012,AJK PAKATAN RAKYAT PARLIMEN LUMUT,PAKATAN RAKYAT PARLIMEN LUMUT
343,6368b1d871ba219338944d2b,1005-T34,2010,KETUA PENERANGAN ,PARTI KEADILAN RAKYAT - KEADILAN
344,6368b1d871ba219338944d2b,1005-T34,2009,AJK STRATEGI KEADILAN LUMUT,PARTI KEADILAN RAKYAT LUMUT
345,6368b1d871ba219338944d2b,1005-T34,2009,AJK BIRO PILIHANRAYA KEADILAN LUMUT,PARTI KEADILAN RAKYAT - KEADILAN LUMUT
346,6368b1d871ba219338944d2b,1005-T34,2008,AJK PENERANGAN & STRATEGI PAKATAN RAKYAT PARLIMEN LUMUT & KEADILAN PARLIMEN ,PAKATAN RAKYAT LUMUT & KEADILAN LUMUT
347,6368b1d871ba219338944d2b,1005-T34,2007,AJK BIRO STRATEGI & PILIHANRAYA KEADILAN LUMUT,KEADILAN LUMUT
348,6368b1d871ba219338944d2d,92-Y26,2022-Kini,Setiausaha Pengelola Majlis Pimpinan Keadilan Negeri Perak ,Parti Keadilan Rakyat 
349,6368b1d871ba219338944d2d,92-Y26,2022 - Kini,Ketua Cabang Keadilan Padang Rengas,Parti Keadilan Rakyat 
350,6368b1d871ba219338944d2d,92-Y26,2018-2022,Ketua Penerangan Amk Negeri Perak,Parti Keadilan Rakyat
351,6368b1d871ba219338944d2d,92-Y26,2018-2022,Ketua Amk Cabang Sg Siput,Parti Keadilan Rakyat 
352,6368b1d871ba219338944d2d,92-Y26,Ogos 2019- Februari 2020,"Ahli Majlis, Majlis Perbandaran Kuala Kangsar",Parti Keadilan Rakyat 
353,6368b1d871ba219338944d2f,793-R74,2020-2022,Pengerusi Lembaga Disiplin Zon Tengah ,Keadilan 
354,6368b1d871ba219338944d31,941-J25,2020-2022,KETUA CABANG,PKR
355,6368b1d871ba219338944d31,941-J25,2018-2020,TIMBALAN KETUA CABANG,PKR
356,6368b1d871ba219338944d31,941-J25,2010-2018,SETIAUSAHA CABANG,PKR
357,6368b1d871ba219338944d31,941-J25,2010-2019,PEGAWAI KHAS ADUN KUALA KURAU,PKR
358,6369233db9d3c3f92b71564b,,,,
359,636923c8b9d3c3f92b71564c,,,,
360,635bb73f7c3afddd6da308eb,,,,
361,6358c3a35be697dfd6a2a358,566-I59,2009,Ketua Srikandi KEADILAN ,KEADILAN
362,6358c3a35be697dfd6a2a358,566-I59,2010,MPP,KEADILAN
363,6358c3a35be697dfd6a2a322,922-Z53,2015,ANGGOTA BIASA,"PARTI KEADILAN RAKYAT, CABANG PADANG RENGAS"
364,6358c3a35be697dfd6a2a322,922-Z53,2019-2022,EXCO AMK NEGERI,PARTI KEADILAN RAKYAT NEGERI PERAK
365,6358c3a35be697dfd6a2a322,922-Z53,2020-2022,NAIB KETUA CABANG,PARTI KEADILAN RAKYAT CABANG PADANG RENGAS
366,636489ed856eb6aea7533203,892-T10,2004-2007,"PENOLONG SETIAUSAHA AMK PUSAT, NAIB KETUA AMK NEGERI PERAK, SETIAUSAHA CABANG TELUK INTAN",PKR
367,636489ed856eb6aea7533203,892-T10,2008-2010,"KETUA PENERANGAN AMK PUSAT, PENGERUSI SEKRETARIAT INTEGRASI & HUBUNGAN KAUM",PKR
368,636489ed856eb6aea7533203,892-T10,2007-2010,"NAIB KETUA CABANG BAGAN DATUK, NAIB PENGERUSI NEGERI PERAK",PKR
369,636489ed856eb6aea7533203,892-T10,2010-2013,"TIMBALAN KETUA CABANG BAGAN DATUK, AHLI MPP (DIPILIH)",PKR
370,636489ed856eb6aea7533203,892-T10,2014-2017,"TIMBALAN KETUA CABANG BAGAN DATUK, NAIB PENGERUSI NEGERI PERAK, KETUA BIRO INTEGRASI PERAK, TIMBALAN SETIAUSAHA AGUNG",PKR
371,636489ed856eb6aea7533203,892-T10,2008-2018,AHLI DEWAN UNDANGAN NEGERI PERAK,PKR
372,636489ed856eb6aea7533203,892-T10,2018-2022,AHLI MPP (LANTIKAN PRESIDEN),PKR
373,636489ed856eb6aea7533203,892-T10,2018-2022,AHLI PARLIMEN SUNGAI SIPUT,PKR
374,636489ed856eb6aea7533203,892-T10,2018 HINGGA KINI,KETUA CABANG SUNGAI SIPUT,PKR
375,635b1827e2e59fe60b20491e,,2020 - kini,Pengerusi,Pakatan Harapan
376,635b1827e2e59fe60b20491e,,2018 - kini,Presiden,Parti Keadilan Rakyat
377,6358c3a35be697dfd6a2a35c,1049-C16,2009,AJK Cabang,"Ipoh Timor, Perak"
378,6358c3a35be697dfd6a2a35c,1049-C16,2010,Naib Ketua Cabang,"Tapah, Perak"
379,6358c3a35be697dfd6a2a35c,1049-C16,2010,Naib Setiausaha,Majlis Pimpinan Negeri Perak
380,6358c3a35be697dfd6a2a35c,1049-C16,2015,Naib Ketua AMK Pusat,AMK Malaysia
381,6358c3a35be697dfd6a2a35c,1049-C16,2015,Timbalan Ketua AMK Negeri,Majlis Pimpinan Negeri Perak
382,6358c3a35be697dfd6a2a35c,1049-C16,2015,Naib Ketua Cabang,"Gopeng, Perak"
383,6358c3a35be697dfd6a2a35c,1049-C16,2018,Naib Pengerusi Negeri,Majlis Pimpinan Negeri Perak
384,6358c3a35be697dfd6a2a35c,1049-C16,2018,Pengarah JPRN Negeri,Majlis Pimpinan Negeri Perak
385,6358c3a35be697dfd6a2a35c,1049-C16,2022,Timbalan Pengarah JPRP,JPRP
386,6358c3a35be697dfd6a2a35c,1049-C16,2022,Ahli Majlis Pimpinan Pusat,MPP
387,6358c3a35be697dfd6a2a35c,1049-C16,2022,Pengarah JPRN Negeri,Majlis Pimpinan Negeri Perak
388,6358c3a35be697dfd6a2a35c,1049-C16,2022,Timbalan Ketua Cabang,"Gopeng, Perak"
389,635b1928e2e59fe60b204926,,,,
390,635b59bd41920def23d3ac66,1195-V03,2022,JKP,PARTI AMANAH NASIONAL
391,6358c3a35be697dfd6a2a342,1129-G29,2022,Pengerusi Biro Antarabangsa,Parti Keadilan Rakyat
392,6358c3a35be697dfd6a2a342,1129-G29,2018,Ketua Penerangan,Parti Keadilan Rakyat
393,6358c3a35be697dfd6a2a342,1129-G29,2014,Naib Presiden,Parti Keadilan Rakyat
394,6358c3a35be697dfd6a2a342,1129-G29,2009,Pengerusi Majlis Pimpinan Keadilan Melaka,Parti Keadilan Rakyat
395,6358c3a35be697dfd6a2a342,1129-G29,2008,Ketua Angkatan Muda Keadilan,Parti Keadilan Rakyat
396,6358c3a35be697dfd6a2a342,1129-G29,2001,Naib Ketua AMK,Parti Keadilan Nasional
397,6358c3a45be697dfd6a2a38c,899-C84,2018-kini,Naib Presiden ,Parti Keadilan Rakyat
398,6358c3a45be697dfd6a2a38c,899-C84,2015-2018,Setiausaha AMK Pusat,Parti Keadilan Rakyat
399,6358c3a45be697dfd6a2a38c,899-C84,2010-2013,Majlis Pimpinan Pusat,Parti Keadilan Rakyat
400,6358c3a45be697dfd6a2a38c,899-C84,2008-2018,Naib Pengerusi MPN Perak,Parti Keadilan Rakyat
401,63692dbc3385e4df6b614f34,15-Z25,2022,"Timbalan Ketua Cabang Kangar,Pengarah JPRC Cabang Kangar,Ketua Penerangan Keadilan Perlis,Ketua Pemuda PH Perlis",Parti Keadilan Rakyat
402,63692dbc3385e4df6b614f34,15-Z25,2018-2021,"Ketua AMK Cabang Kangar,Ketua AMK Negeri Perlis,Ketua Pemuda PH Perlis",Parti Keadilan Rakyat
403,63692dbc3385e4df6b614f34,15-Z25,2016-2018,Ketua SKUAD Keadilan Malaysia,Parti Keadilan Rakyat
404,63692dbc3385e4df6b614f34,15-Z25,2015-2016,"Timbalan Ketua AMK Negeri Perlis,AJK Cabang Kangar",Parti Keadilan Rakyat
405,63692dbc3385e4df6b614f36,1174-I20,2014 – Sekarang,Naib Ketua Cabang,Parti Keadilan Rakyat Cabang Kangar
406,63692dbc3385e4df6b614f36,1174-I20,2018 - Sekarang,Naib Pengerusi MPN Perlis,Parti Keadilan Rakyat
407,63692dbc3385e4df6b614f36,1174-I20,2010 – 2014,Timbalan Ketua Cabang Kangar,Parti Keadilan Rakyat
408,63692dbc3385e4df6b614f36,1174-I20,2012,Pengarah Strategi MPN Perlis,Parti Keadilan Rakyat
409,63692dbc3385e4df6b614f36,1174-I20,2008 – 2010,Ketua Penerangan Angkatan Muda KEADILAN Negeri Perlis,Parti Keadilan Rakyat
410,63692dbc3385e4df6b614f36,1174-I20,2007 – 2010,Setiausaha Cabang Kangar,Parti Keadilan Rakyat
411,63692dbc3385e4df6b614f36,1174-I20,2007 – 2008,Setiausaha Majlis Pimpinan Negeri Perlis,Parti Keadilan Rakyat
412,63692dbc3385e4df6b614f36,1174-I20,2002 – 2004,Exco Dewan Pemuda PAS Kawasan Kangar,Parti Islam Se-Malaysia
413,63692dbc3385e4df6b614f38,194-I56,2022,NAIB PENGERUSI MAJLIS PIMPINAN NEGERI PERLIS,PARTI KEADILAN RAKYAT
414,63692dbc3385e4df6b614f38,194-I56,2022,KETUA CABANG PADANG BESAR,PARTI KEADILAN RAKYAT
415,63692dbc3385e4df6b614f38,194-I56,2018,MAJLIS PIMPINAN PUSAT,PARTI KEADILAN RAKYAT
416,63692dbc3385e4df6b614f38,194-I56,2018,PENGERUSI MAJLIS PIMPINAN NEGERI PERLIS,PARTI KEADILAN RAKYAT
417,63692dbc3385e4df6b614f38,194-I56,2018,KETUA CABANG PADANG BESAR,PARTI KEADILAN RAKYAT
418,63692dbc3385e4df6b614f38,194-I56,2008,SETIAUSAHA KERJA NEGERI PERLIS,PARTI KEADILAN RAKYAT
419,63692dbc3385e4df6b614f38,194-I56,2007,BENDAHARI MAJLIS PIMPINAN NEGERI PERLIS,PARTI KEADILAN RAKYAT
420,63692dbc3385e4df6b614f38,194-I56,2004,NAIB KETUA BAHAGIAN KANGAR,PARTI KEADILAN NASIONAL
421,63692dbc3385e4df6b614f38,194-I56,1999,AJK PEMUDA BAHAGIAN KANGAR,PARTI KEADILAN NASIONAL
422,63692dbc3385e4df6b614f3a,527-E76,2012,Naib Ketua Cabang,Parti Keadilan Rakyat
423,63692dbc3385e4df6b614f3c,1106-F16,2022,NAIB PENGERUSI NEGERI PERLIS,PARTI KEADILAN RAKYAT
424,63692dbc3385e4df6b614f3c,1106-F16,2022,NAIB KETUA CABANG KANGAR,PARTI KEADILAN RAKYAT
425,63692dbc3385e4df6b614f3c,1106-F16,2018,KETUA WANITA NEGERI PERLIS,PARTI KEADILAN RAKYAT
426,63692dbc3385e4df6b614f3c,1106-F16,2018,TIMBALAN KETUA CABANG KANGAR,PARTI KEADILAN RAKYAT
427,63692dbc3385e4df6b614f3c,1106-F16,2016,TIMBALAN KETUA WANITA NEGERI PULAU PINANG,PARTI KEADILAN RAKYAT
428,63692dbc3385e4df6b614f3c,1106-F16,2016,EXCO WANITA PUSAT,PARTI KEADILAN RAKYAT
429,63692dbc3385e4df6b614f3c,1106-F16,2014,TIMBALAN KETUA WANITA CABANG BAYAN BARU,PARTI KEADILAN RAKYAT
430,63692dbc3385e4df6b614f3c,1106-F16,2014,AJK CABANG BAYAN BARU,PARTI KEADILAN RAKYAT
431,63692dbc3385e4df6b614f3e,554-S33,2022,KETUA KOMUNIKASI ANGKATAN MUDA KEADILAN PERLIS,PARTI KEADILAN RAKYAT
432,63692dbc3385e4df6b614f3e,554-S33,2022,KETUA PENERANGAN CABANG ARAU,PARTI KEADILAN RAKYAT
433,63692dbc3385e4df6b614f3e,554-S33,2022,"NAIB KETUA, SETIAUSAHA ANGKATAN MUDA KEADILAN CABANG ARAU",PARTI KEADILAN RAKYAT
434,63692dbc3385e4df6b614f3e,554-S33,2021,EXCO MAHASISWA ANGKATAN MUDA KEADILAN PERLIS,PARTI KEADILAN RAKYAT
435,63692dbc3385e4df6b614f40,614-R30,2022,SETIAUSAHA PENGELOLA  CABANG KANGARCABANG KANGAR,PARTI KEADILAN RAKYAT
436,63692dbc3385e4df6b614f40,614-R30,2022,TIMBALAN PENGERUSI BIRO OKU  MPN PERLIS,PARTI KEADILAN RAKYAT 
437,63692dbc3385e4df6b614f40,614-R30,2021,NAIB KETUA CABANG ARAU ( LANTIKAN),PARTI KEADILAN RAKYAT
438,63692dbc3385e4df6b614f40,614-R30,2019-2021,SETIAUSAHA PENGELOLA CABANG KANGAR,PARTI KEADILAN RAKYAT
439,63692dbc3385e4df6b614f40,614-R30,2018-2019,SETIAUSAHA PENGELOLA CABANG ARAU,PARTI KEADILAN RAKYAT
440,63692dbc3385e4df6b614f40,614-R30,2018,KOORDINATOR PEMILIHAN NEGERI PERLIS 2018,PARTI KEADILAN RAKYAT
441,63692dbc3385e4df6b614f40,614-R30,2017-2018,TIMBALAN PENGARAH PILIHANRAYA CABANG ARAU,PARTI KEADILAN RAKYAT
442,63692dbc3385e4df6b614f40,614-R30,2017-2018,KETUA UNIT DATA JPRN PERLIS,PARTI KEADILAN RAKYAT
443,63692dbc3385e4df6b614f40,614-R30,2017-2020,KETUA RANTING ISTANA CABANG ARAU,PARTI KEADILAN RAKYAT
444,63692dbc3385e4df6b614f42,26-P10,2022,Naib Ketua Cabang Padang Besar,"PKR, Merchant Square, A-1-09, Jalan Tropicana Selatan 1, 47410 Petaling Jaya, Selangor"
445,63692dbc3385e4df6b614f42,26-P10,2022,Pengarah Komunikasi MPN Perlis & Ketua Penerangan Cabang Padang Besar,"PKR, Merchant Square, A-1-09, Jalan Tropicana Selatan 1, 47410 Petaling Jaya, Selangor"
446,63692dbc3385e4df6b614f42,26-P10,2021 ,Ketua Penerangan AMK Perlis,"PKR, Merchant Square, A-1-09, Jalan Tropicana Selatan 1, 47410 Petaling Jaya, Selangor"
447,63692dbc3385e4df6b614f42,26-P10,2021,PRN Melaka (PACA),"PKR, Merchant Square, A-1-09, Jalan Tropicana Selatan 1, 47410 Petaling Jaya, Selangor"
448,63692dbc3385e4df6b614f42,26-P10,2020,PRN Sabah ,"PKR, Merchant Square, A-1-09, Jalan Tropicana Selatan 1, 47410 Petaling Jaya, Selangor"
449,6369357ab9d3c3f92b71564d,,,,
450,6358c3a35be697dfd6a2a34c,969-Y23,2022-2025,HEAD OF KANGAR DIVISION,PEOPLE JUSTICE PARTY
451,6358c3a35be697dfd6a2a34c,969-Y23,2018-2022,MEMBER OF MALAYSIAN PARLIAMENT,PEOPLE JUSTICE PARTY
452,6358c3a35be697dfd6a2a34c,969-Y23,2018-PRESENT,CHAIRMAN FOR PAKATAN HARAPAN FOR THE STATE OF PERLIS,PEOPLE JUSTICE PARTY
453,6358c3a35be697dfd6a2a34c,969-Y23,2018-2022,HEAD OF KANGAR DIVISION,PEOPLE JUSTICE PARTY
454,6358c3a35be697dfd6a2a34c,969-Y23,2014-2018,DEPUTY HEAD OF KANGAR DIVISION,PEOPLE JUSTICE PARTY
455,6358c3a35be697dfd6a2a34c,969-Y23,2014-2018,ELECTION DIRECTOR FOR KEADILAN PERLIS,PEOPLE JUSTICE PARTY
456,6358c3a35be697dfd6a2a34c,969-Y23,2014-2018,HEAD OF TRAINING BUREAU OF THE NATIONAL YOUTH WING,PEOPLE JUSTICE PARTY
457,6358c3a35be697dfd6a2a34c,969-Y23,2014-2017,COLUMNIST AT SUARA KEADILAN,PEOPLE JUSTICE PARTY
458,6358c3a35be697dfd6a2a34c,969-Y23,2013,CANDIDATE FOR A STATE SEAT KUALA PERLIS,PEOPLE JUSTICE PARTY
459,6358c3a45be697dfd6a2a380,918-D23,2022,PENGARAH KOMUNIKASI CABANG PADANG BESAR,PARTI KEADILAN RAKYAT
460,6358c3a45be697dfd6a2a380,918-D23,2020,TIMBALAN PENGARAH KOMUNIKASI CABANG PADANG BESAR,PARTI KEADILAN RAKYAT
461,6369dcd27697835cf7b47759,,,,
462,6358c3a35be697dfd6a2a34a,238-Z11,2022,Timbalan Pengarah Strategi Negeri Sabah,"Parti Keadilan Rakyat, Lot 2&3, I-Plaza Commercial Centre 89500 Penampang KK , Sabah"
463,6358c3a35be697dfd6a2a34a,238-Z11,2021,Timbalan Ketua Penerangan Negeri Sabah,"Parti Keadilan Rakyat, Lot 2&3, I-Plaza Commercial Centre 89500 Penampang KK , Sabah"
464,6358c3a35be697dfd6a2a34a,238-Z11,2020,Bendahari Cabang Kudat,"Parti Keadilan Rakyat, Lot 2&3, I-Plaza Commercial Centre 89500 Penampang KK , Sabah"
465,6368a1dd8a8341abc4fcb333,,,,
466,6358c3a35be697dfd6a2a320,914-T01,2014,Ketua Cabang,Parti Keadilan
467,6358c3a35be697dfd6a2a320,914-T01,2014,Ahli MPP (Lantikan),Parti Keadilan Rakyat
468,6358c3a35be697dfd6a2a320,914-T01,2016,Timbalan Pengerusi MPN Sabah,Parti Keadilan Rakyat Sabah
469,6358c3a35be697dfd6a2a320,914-T01,2016,Setiausaha,Pakatan Harapan Sabah
470,6358c3a35be697dfd6a2a320,914-T01,2022,Setiausaha MPN,Parti Keadilan Rakyat Sabah
471,6358c3a25be697dfd6a2a31e,1149-J17,2022,NAIB PRESIDEN PARTI,PARTI KEADILAN RAKYAT MALAYSIA
472,6358c3a25be697dfd6a2a31e,1149-J17,2014-2022,KETUA CABANG PUTATAN,PARTI KEADILAN RAKYAT
473,6368a1f58a8341abc4fcb334,28-Q35,2022-2025,Ketua Cabang Beaufort,PKR
474,6368a1f58a8341abc4fcb334,28-Q35,2018- 2022,Ketua Cabang Beaufort,PKR
475,635b19cce2e59fe60b20492c,,,,
476,6358c3a35be697dfd6a2a344,817-N26,2022,PENGERUSI MPN KEADILAN SABAH,PARTI KEADILAN RAKYAT
477,6358c3a35be697dfd6a2a344,817-N26,2022,AHLI MAJLIS PIMPINAN PUSAT,PARTI KEADILAN RAKYAT
478,6358c3a35be697dfd6a2a344,817-N26,2022,KETUA CABANG P.180 KENINGAU,PARTI KEADILAN RAKYAT
479,6368a2288a8341abc4fcb335,,,,
480,6358c3a45be697dfd6a2a386,853-B28,2018-2022,PENGERUSI PAKATAN HARAPAN SABAH,PARTI KEADILAN RAKYAT
481,6358c3a45be697dfd6a2a386,853-B28,2022,KETUA CABANG,PKR - CABANG KOTA KINABALU
482,6358c3a45be697dfd6a2a386,853-B28,2022,AHLI MPP - LANTIKAN,PARTI KEADILAN RAKYAT
483,6358c3a45be697dfd6a2a386,853-B28,2018-2021,PENGERUSI MPN,PARTI KEADILAN RAKYAT SABAH
484,636363c4856eb6aea75331e7,,,,
485,63636f30856eb6aea75331e8,430-J78,OGOS 2020,AHLI,PARTI KEADILAN RAKYAT
486,63636f30856eb6aea75331e8,430-J78,2015-2021,AJK NEGERI,PARTI AMANAH NEGARA
487,63636f30856eb6aea75331e8,430-J78,1998-2015,AHLI,PARTI ISLAM SEMALAYSIA
488,63636fab856eb6aea75331e9,578-V41,2018,AHLI PARTI,PARTI KEADILAN RAKYAT
489,63636ff1856eb6aea75331ea,1088-W88,2018,ketua Penerangan cabang Sri aman,PKR
490,63636ff1856eb6aea75331ea,1088-W88,2022/2025,ketua Cabang Sri aman,PKR
491,63636ff1856eb6aea75331ea,1088-W88,2022/2025,TSUA,PKR
492,6363701b856eb6aea75331eb,177-S66,2018-2025,Ketua Cabang,Parti Keadilan Rakyat Lubok Antu
493,6363701b856eb6aea75331eb,177-S66,2022-2025,Ahli MPN Sarawak,Parti Keadilan Rakyat Lubok Antu
494,63637062856eb6aea75331ec,722-M36,2018-2021,Naib Ketua Cabang/Calon N35 Saribas,PKR
495,636370a4856eb6aea75331ed,490-Y09,2003-2010,Ahli Biasa,Sarawak People Democratic Party(SPDP)
496,636370a4856eb6aea75331ed,490-Y09,2011-2019,Ahli Biasa,PKR
497,636370a4856eb6aea75331ed,490-Y09,2020-sekarang,Ketua Cabang ,PKR
498,636370ce856eb6aea75331ee,,,,
499,6363710d856eb6aea75331ef,,,,
500,6363713e856eb6aea75331f0,602-N16,1988,AHLI BIASA,PBDS
501,6363713e856eb6aea75331f0,602-N16,2000,AHLI BIASA,PKR
502,6363713e856eb6aea75331f0,602-N16,2007,KETUA CABANG,PKR
503,636371a4856eb6aea75331f1,729-N32,2022,"Ketua Cabang, Kapit","Parti Keadilan Rakyat, Cabang Kapit"
504,636371a4856eb6aea75331f1,729-N32,2022,Ahli Majlis Pimpinan Negeri,"Parti Keadilan Rakyat, Negeri Sarawak"
505,636371a4856eb6aea75331f1,729-N32,2022,Ketua Biro Pembangunan Sumber Manusia,"Parti Keadilan, Negeri Sarawak."
506,636371be856eb6aea75331f2,218-D30,2022-2025,Ahli Majlis Pimpinan Pusat,Parti Keadilan Rakyat (KEADILAN)
507,636371be856eb6aea75331f2,218-D30,2022-2025,Timbalan Pengerusi MPN Sarawak,KEADILAN
508,636371be856eb6aea75331f2,218-D30,2022-2025,Pengarah JPRN Sarawak,KEADILAN
509,636371be856eb6aea75331f2,218-D30,2022-2023,Ketua Penerangan Pakatan Harapan Sarawak,Pakatan Harapan Sarawak
510,636371be856eb6aea75331f2,218-D30,2022-2025,Ketua Cabang,"Hulu Rajang, Sarawak"
511,636371be856eb6aea75331f2,218-D30,2018-2022,"Ketua Cabang, Hulu Rajang",KEADILAN
512,636371be856eb6aea75331f2,218-D30,2014-2018,"Ketua Cabang, Hulu Rajang",KEADILAN
513,636371be856eb6aea75331f2,218-D30,2010-2014,"Setiausaha Cabang, Hulu Rajang",KEADILAN
514,636371be856eb6aea75331f2,218-D30,2010-2018,AJK MPN Sarawak,KEADILAN
515,636371be856eb6aea75331f2,218-D30,2009-2010,Ahli Biasa,KEADILAN
516,636371ef856eb6aea75331f3,670-U64,1999,AKTIVIS,PARTI KEADILAN NASIONAL
517,636371ef856eb6aea75331f3,670-U64,2006 – 2009,SETIAUSAHA CABANG,PARTI KEADILAN RAKYAT (MIRI)
518,636371ef856eb6aea75331f3,670-U64,2006 - 2009,SETIAUSAHA WANITA,PARTI KEADILAN RAKYAT (MIRI)
519,636371ef856eb6aea75331f3,670-U64,2006 - 2009,MIRI / DUN – PIASAU	KETUA WANITA (RANTING PIASAU),PARTI KEADILAN RAKYAT (MIRI)
520,636371ef856eb6aea75331f3,670-U64,2002 - 2005,TIM. KETUA WANITA NEGERI,PARTI KEADILAN RAKYAT (SARAWAK)
521,636371ef856eb6aea75331f3,670-U64,2006 - 2009,TIM. SETIAUSAHA (SU) NEGERI,PARTI KEADILAN RAKYAT (SARAWAK)
522,636371ef856eb6aea75331f3,670-U64,2006 - 2009,TIM. PENGERUSI INTEGRITY NEGERI,PARTI KEADILAN RAKYAT (SARAWAK)
523,636371ef856eb6aea75331f3,670-U64,2010 - 2013,TIMBALAN KETUA AMK NEGERI,PARTI KEADILAN RAKYAT (SARAWAK)
524,636371ef856eb6aea75331f3,670-U64,2010 - 2013,MENANG PEMILIHAN PARTI EXCO AMK NASIONAL,PARTI KEADILAN RAKYAT (NASIONAL)
525,636371ef856eb6aea75331f3,670-U64,2011,CALON PILIHANRAYA NEGERI KE-12 SARAWAK (N.72 LAMBIR),PARTI KEADILAN RAKYAT 
526,636371ef856eb6aea75331f3,670-U64,2018,BERPINDAH ANGGOTA KE CABANG SIBUTI,PARTI KEADILAN RAKYAT (SIBUTI)
527,636371ef856eb6aea75331f3,670-U64,2018,MENANG PEMILIHAN PARTI MAJLIS PIMPINAN WANITA PUSAT,PARTI KEADILAN RAKYAT (SIBUTI)
528,636371ef856eb6aea75331f3,670-U64,2019 - 2021,PENYELARAS DUN LAMBIR,PARTI KEADILAN RAKYAT (SIBUTI)
529,636371ef856eb6aea75331f3,670-U64,2018 - 2021,KETUA WANITA SIBUTI,PARTI KEADILAN RAKYAT (SIBUTI)
530,636371ef856eb6aea75331f3,670-U64,2021,CALON PILIHANRAYA NEGERI KE-12 SARAWAK,PARTI KEADILAN RAKYAT (SIBUTI)
531,636371ef856eb6aea75331f3,670-U64,2022-2025,KETUA CABANG ,PARTI KEADILAN RAKYAT (SIBUTI)
532,6358c3a45be697dfd6a2a374,455-V20,2022,Ketua Angkatan Muda Keadilan Sarawak & Ketua AMK Cabang Miri,Parti Keadilan Rakyat
533,6358c3a45be697dfd6a2a374,455-V20,2019,Pengerusi Biro Guaman dan Undang-Undang AMK Malaysia & Timbalan Ketua AMK Sarawak,Parti Keadilan Rakyat
534,6358c3a45be697dfd6a2a37c,1070-P57,2022 - Kini,Pengerusi Majlis Pimpinan Negeri Sarawak,"Parti Keadilan Rakyat, Pusat Komuniti Keadilan, Lot 1090, Jalan Brighton, 98000 Miri, Sarawak"
535,6358c3a45be697dfd6a2a37c,1070-P57,2020-2022,Sarawak Council of Elders,"Parti Keadilan Rakyat, Tngkt 3, Sublot 20, Lot 474, Block 16, Kuching Central District, Gala City Primer, Jalan Tun Jugah, 93350 Kuching, Sarawak"
536,6358c3a45be697dfd6a2a37c,1070-P57,2014-Kini,Ketua Cabang Baram,"Parti Keadilan Rakyat Cabang Baram, Lot 2283 (S/L 895), 1st Floor, Jln Lintang 4, Jln Kuching, taman Tunku, 98000 Miri, Sarawak"
537,6358c3a45be697dfd6a2a37c,1070-P57,2014-2020,Ahli Majlis Pimpinan Negeri Sarawak,"Parti Keadilan Rakyat, Tngkt 3, Sublot 20, Lot 474, Block 16, Kuching Central District, Gala City Primer, Jalan Tun Jugah, 93350 Kuching, Sarawak"
538,6358c3a45be697dfd6a2a37c,1070-P57,2012-2014,Timbalan Ketua Cabang Baram,"Parti Keadilan Rakyat Cabang Baram, Centre Point Shoplot, 98000 Miri, Sarawak."
539,636372b9856eb6aea75331f4,,,,
540,635b1a1be2e59fe60b20492e,932-Z30,2000,Ketua Cabang,PKR
541,6358c3a25be697dfd6a2a30a,,,,
542,6358c3a35be697dfd6a2a33e,217-Z06,2022,KETUA CABANG HULU SELANGOR,PARTI KEADILAN RAKYAT
543,6358c3a35be697dfd6a2a33e,217-Z06,2022,TIMBALAN SETIAUSAHA AGUNG,PARTI KEADILAN RAKYAT
544,6358c3a35be697dfd6a2a33e,217-Z06,2022,PENGERUSI PAKATAN HARAPAN HULU SELANGOR,PAKATAN HARAPAN
545,635b18f2e2e59fe60b204924,,2008 - 2018,Ahli Parlimen Selayang,
546,635b18f2e2e59fe60b204924,,2013,Bendahari,Parti Keadilan Rakyat
547,635b18f2e2e59fe60b204924,,2018,Ahli Jawatankuasa Kira-Kira Wang Negara,PAC
548,6358c3a35be697dfd6a2a348,1071-D53,2018-kini ,Naib Presiden,Parti Keadilan Rakyat
549,6358c3a35be697dfd6a2a348,1071-D53,2018-kini,Pengerusi Majlis Pimpinan Negeri Selangor,Parti Keadilan Rakyat
550,6358c3a35be697dfd6a2a348,1071-D53,2018-kini,Ketua Cabang Gombak,Parti Keadilan Rakyat
551,6358c3a25be697dfd6a2a314,906-V54,2022 - Sekarang,Timb. JPRP,"Parti Keadilan Rakyat, HQ Tropicana"
552,6358c3a25be697dfd6a2a314,906-V54,2022 - Sekarang,Timb. Pengerusi MPN Selangor,"Parti Keadilan Rakyat, HQ Tropicana"
553,6358c3a25be697dfd6a2a314,906-V54,2020 - 2022,Ketua Wanita PH Selangor,"Parti Keadilan Rakyat, HQ Tropicana"
554,6358c3a25be697dfd6a2a314,906-V54,2019 - 2022,Ketua Wanita Selangor,"Parti Keadilan Rakyat, HQ Tropicana"
555,6358c3a25be697dfd6a2a314,906-V54,2018 - Sekarang,Ketua Cabang Shah Alam,"Parti Keadilan Rakyat, HQ Tropicana"
556,6358c3a25be697dfd6a2a314,906-V54,2007 - Sekarang,Majlis Pimpinan Pusat,"Parti Keadilan Rakyat, HQ Tropicana"
557,6358c3a25be697dfd6a2a316,834-G75,2013 - 2018,Ahli Parlimen Pandan,PKR
558,6358c3a25be697dfd6a2a316,,2022 - kini,Timbalan Presiden,Parti Keadilan Rakyat
559,6358c3a45be697dfd6a2a36e,202-C14,2022,Majlis Pimpinan Pusat - Ketua Dasar,Parti Keadilan Rakyat
560,6358c3a45be697dfd6a2a36e,202-C14,2009-2018,Ketua Biro Pelaburan & Perusahaan,Parti Keadilan Rakyat
561,6358c3a35be697dfd6a2a32c,251-U99,2022,Pengarah Komunikasi Pusat,KEADILAN
562,6358c3a35be697dfd6a2a32c,251-U99,2018,Bendahari Agung,KEADILAN
563,6358c3a35be697dfd6a2a32c,251-U99,2014,Ketua Penerangan AMK Pusat,KEADILAN
564,6358c3a35be697dfd6a2a32c,251-U99,2014,Naib Pengerusi Pahang,KEADILAN
565,6358c3a35be697dfd6a2a32c,251-U99,2012,Ketua Cabang Indera Mahkota,KEADILAN
566,6358c3a35be697dfd6a2a32c,251-U99,2010,Naib Ketua AMK,PJ Utara
567,6358c3a35be697dfd6a2a330,,2022 - kini,Timbalan Ketua Penerangan,Parti Keadilan Rakyat
568,6358c3a35be697dfd6a2a33c,791-O46,2013-2022,PENGERUSI BIRO PEKERJA KEADILAN PUSAT (MPP),KEADILAN
569,6358c3a35be697dfd6a2a356,1119-H69,2022 – Kini,Ahli Majlis Pimpinan Pusat,Parti Keadilan Rakyat
570,6358c3a35be697dfd6a2a356,1119-H69,2022 – Kini,Timbalan Pengarah Jabatan Pilihanraya Pusat,Parti Keadilan Rakyat
571,6358c3a35be697dfd6a2a356,1119-H69,2022 – Kini,Jawatankuasa Manifesto Pakatan Harapan,Parti Keadilan Rakyat
572,6358c3a35be697dfd6a2a356,1119-H69,2018 - 2022,Timbalan Ketua Penerangan Keadilan Pusat,Parti Keadilan Rakyat
573,6358c3a35be697dfd6a2a356,1119-H69,2018 - 2022,Ketua Cabang Bagan Datuk,Parti Keadilan Rakyat
574,6358c3a35be697dfd6a2a356,1119-H69,2018 - 2022,Pengerusi Lembaga Rayuan (Disiplin),Parti Keadilan Rakyat
575,6358c3a35be697dfd6a2a356,1119-H69,2018 - 2022,Jawatankuasa Sistem Pemilihan (JKSP),Parti Keadilan Rakyat
576,6358c3a35be697dfd6a2a356,1119-H69,2018 - 2022,Jawatankuasa Khas Pemantapan Pemilihan Calon,Parti Keadilan Rakyat
577,6358c3a35be697dfd6a2a356,1119-H69,2013 - 2018,Ahli Parlimen Kapar (P.109),Parti Keadilan Rakyat
578,6358c3a35be697dfd6a2a356,1119-H69,2018,"Calon DUN Hutan Melintang , Perak",Parti Keadilan Rakyat
579,6358c3a35be697dfd6a2a356,1119-H69,2019,Penyelaras DUN Hutan Melintang,Parti Keadilan Rakyat
580,6358c3a35be697dfd6a2a356,1119-H69,2013 - 2018,Setiausaha Whip Keadilan,Parti Keadilan Rakyat
581,6358c3a35be697dfd6a2a356,1119-H69,2016 - 2018,Pengerusi Pakatan Harapan Parlimen Kapar,Parti Keadilan Rakyat
582,6358c3a35be697dfd6a2a356,1119-H69,2014 - 2018,Ahli Majlis Pimpinan Pusat Keadilan,Parti Keadilan Rakyat
583,6358c3a35be697dfd6a2a356,1119-H69,2014 - 2018,Pengerusi Biro Kepenggunaan,Parti Keadilan Rakyat
584,6358c3a35be697dfd6a2a356,1119-H69,2010 - 2014,Setiausaha Cabang Subang,Parti Keadilan Rakyat
585,6358c3a35be697dfd6a2a356,1119-H69,2010 - 2014,Ketua Biro Pendidikan Cabang Subang,Parti Keadilan Rakyat
586,6358c3a35be697dfd6a2a356,1119-H69,2010 - 2013,Penyelaras Komunikasi Negeri Selangor (PIKOM),Parti Keadilan Rakyat
587,6358c3a45be697dfd6a2a36c,240-R99,2021,AJK Cabang Kuala Nerus,Parti Keadilan Rakyat (PKR)
588,6358c3a45be697dfd6a2a36c,240-R99,2022,Naib Ketua Cabang Kuala Nerus,Parti Keadilan Rakyat (PKR)
589,6358c3a35be697dfd6a2a32e,812-R86,2022,Ketua Penerangan Terengganu,Keadilan
590,6358c3a35be697dfd6a2a32e,812-R86,2022,Naib Ketua Cabang 2 Hulu Terengganu,Keadilan
591,6358c3a35be697dfd6a2a32e,812-R86,2021,Ahli Biasa,Keadilan
592,6358c3a35be697dfd6a2a35e,168-A54,2004–2009,AJK Pemuda Bhg Umno Besut,UMNO
593,6358c3a35be697dfd6a2a35e,168-A54,2013-2017,AJK Bhg Umno Besut,UMNO
594,6358c3a35be697dfd6a2a35e,168-A54,2004-2012,KP Cwg Alor Lintang Besut,UMNO
595,6358c3a35be697dfd6a2a35e,168-A54,2018-2022,Naib Ketua Cabang Besut,PKR
596,6358c3a35be697dfd6a2a35e,168-A54,2018–2022,AJK MPN Terengganu,PKR
597,6358c3a45be697dfd6a2a388,204-W15,2022,PENGARAH PILIHANRAYA NEGERI,"PARTI KEADILAN RAKYAT, MPN"
598,6358c3a45be697dfd6a2a388,204-W15,2021,AJK,"AYUH MALAYSIA, PARTI KEADILAN RAKYAT"
599,6358c3a45be697dfd6a2a388,204-W15,2021,AJK,"PARTI KEADILAN RAKYAT, CABANG KEMAMAN"
600,6358c3a35be697dfd6a2a338,1146-C37,2022,"Ketua Cabang Batu, Timbalan Pengerusi Wilayah",Keadilan
601,6358c3a45be697dfd6a2a37e,637-T90,1999,Timbalan Ketua Cabang,Parti Keadilan Nasional
602,6358c3a45be697dfd6a2a37e,637-T90,2005,Tim. Setiausaha Agong,Parti Keadilan Nasional
603,6358c3a45be697dfd6a2a37e,637-T90,2018,Ketua Cabang,Parti Keadilan Rakyat
604,6358c3a45be697dfd6a2a37e,637-T90,2018,Timbalan Pengerusi MPN WP,Parti Keadilan Rakyat
605,6358c3a45be697dfd6a2a37e,637-T90,2022,Ketua Setiausaha Pengelola,Parti Keadilan Rakyat
606,6358c3a45be697dfd6a2a37e,637-T90,2022,Ahli Majlis Pimpinan Pusat,Parti Keadilan Rakyat
607,6358c3a45be697dfd6a2a37e,637-T90,2022,Ketua Cabang,Parti Keadilan Rakyat
608,635aad93ea3371660a120fb8,1193-A63,2014-2018,KETUA PEMUDA,PARTI KEADILAN RAKYAT
609,635aad93ea3371660a120fb8,1193-A63,2010-2013,PENGARAH KOMUNIKASI,PARTI KEADILAN RAKYAT
610,6358c3a25be697dfd6a2a312,11-N89,2022-kini,Ketua Penerangan KEADILAN,KEADILAN
611,6358c3a25be697dfd6a2a312,11-N89,2018-kini,Ketua Cabang KEADILAN Lembah Pantai,KEADILAN
612,6358c3a25be697dfd6a2a312,11-N89,2013-2022,Pengarah Komunikasi KEADILAN,KEADILAN
613,6358c3a25be697dfd6a2a312,11-N89,2010-2013,Ketua Penerangan KEADILAN Wilayah Persekutuan,KEADILAN
614,6358c3a25be697dfd6a2a312,11-N89,2010-2013,Ketua Penerangan KEADILAN Lembah Pantai,KEADILAN
615,635b187be2e59fe60b204920,,2018-kini,Pengerusi Majlis Penasihat,Parti Keadilan Rakyat
616,635b187be2e59fe60b204920,,1999-2018,Presiden,Parti Keadilan Rakyat
617,635aad89ea3371660a120fb6,,,,
