,year,name,coalition,party_code,votes,vote_share,parliament_code_digits,constituency,state,winner,total_votes,gender,results_added,coal_or_party
0,2022,RAMLE MAT DALY,GTA,PUTRA,0,0,166,LABUAN,Sabah,0,0,F,0,PUTRA
1,2022,SUHAILI ABDUL RAHMAN,PN,BERSATU,0,0,166,LABUAN,Sabah,0,0,F,0,PN
2,2022,BASHIR ALIAS,BN,UMNO,0,0,166,LABUAN,Sabah,0,0,F,0,BN
3,2022,RAMLI TAHIR,PH,AMANAH,0,0,166,LABUAN,Sabah,0,0,F,0,PH
4,2022,ROZMAN ISLI,,WARISAN,0,0,166,LABUAN,Sabah,0,0,F,0,WARISAN
5,2022,DAYANG RUSIMAH @ RAYNIE BT MOHD DIN,,PBM,0,0,166,LABUAN,Sabah,0,0,M,0,PBM
6,2022,SHEIKH MOHMED PUZI SHEIKH ALI,BN,UMNO,0,0,085,PEKAN,Pahang,0,0,F,0,BN
7,2022,MOHD NAIM ZAINAL ABIDIN,PH,PKR,0,0,085,PEKAN,Pahang,0,0,F,0,PH
8,2022,TENGKU HISHAM,,IND,0,0,085,PEKAN,Pahang,0,0,F,0,BEBAS
9,2022,MOHAMMAD RADHI ABDUL RAZAK,GTA,PEJUANG,0,0,085,PEKAN,Pahang,0,0,F,0,PEJUANG
10,2022,MOHD FADHIL NOOR ABDUL KARIM,PN,PAS,0,0,085,PEKAN,Pahang,0,0,F,0,PAS
11,2022,KU ABD RAHMAN KU ISMAIL,PN,BERSATU,0,0,006,KUBANG PASU,Kedah,0,0,F,0,PN
12,2022,MOHD AIZUDDIN ARIFFIN,PH,PKR,0,0,006,KUBANG PASU,Kedah,0,0,F,0,PH
13,2022,AMIRUDDIN HAMZAH,GTA,PEJUANG,0,0,006,KUBANG PASU,Kedah,0,0,F,0,PEJUANG
14,2022,HASMUNI HASSAN,BN,UMNO,0,0,006,KUBANG PASU,Kedah,0,0,F,0,BN
15,2022,FADHLINA SIDEK,PH,PKR,0,0,047,NIBONG TEBAL,Penang,0,0,M,0,PH
16,2022,MANSOR OTHMAN,PN,BERSATU,0,0,047,NIBONG TEBAL,Penang,0,0,F,0,PN
17,2022,THANENTHIRAN RAMANKUTTY,BN,MMSP,0,0,047,NIBONG TEBAL,Penang,0,0,M,0,BN
18,2022,GOH KHENG HUAT,,IND,0,0,047,NIBONG TEBAL,Penang,0,0,F,0,BEBAS
19,2022,WAN MARZUDI WAN OMAR,GTA,PEJUANG,0,0,028,PASIR PUTEH,Kelantan,0,0,F,0,PEJUANG
20,2022,ZAWAWI OTHMAN,BN,UMNO,0,0,028,PASIR PUTEH,Kelantan,0,0,F,0,BN
21,2022,MUHAMMAD HUSAIN,PH,AMANAH,0,0,028,PASIR PUTEH,Kelantan,0,0,F,0,PH
22,2022,NIK MUHAMMAD ZAWAWI SALLEH,PN,PAS,0,0,028,PASIR PUTEH,Kelantan,0,0,F,0,PAS
23,2022,JIMMY PUAH WEE TSE,PH,PKR,0,0,158,TEBRAU,Johor,0,0,F,0,PH
24,2022,MOHAMAD ISA MOHAMAD BASIR,PN,BERSATU,0,0,158,TEBRAU,Johor,0,0,F,0,PN
25,2022,WONG SIAW TING,BN,MCA,0,0,158,TEBRAU,Johor,0,0,M,0,BN
26,2022,TAWFIK ISMAIL,,IND,0,0,075,BAGAN DATUK,Perak,0,0,F,0,BEBAS
27,2022,MUHAMMAD FAIZ NAâ€™AMAN,PN,BERSATU,0,0,075,BAGAN DATUK,Perak,0,0,F,0,PN
28,2022,SHAMSUL ISKANDAR,PH,PKR,0,0,075,BAGAN DATUK,Perak,0,0,F,0,PH
29,2022,AHMAD ZAHID HAMIDI,BN,UMNO,0,0,075,BAGAN DATUK,Perak,0,0,F,0,BN
30,2022,AIREROSHAIRI ROSLAN,PN,PAS,0,0,084,PAYA BESAR,Pahang,0,0,F,0,PAS
31,2022,ROSMINAHAR MOHD AMIN,GTA,PEJUANG,0,0,084,PAYA BESAR,Pahang,0,0,F,0,PEJUANG
32,2022,AHMAD AZAM MOHAMAD SALLEH,PH,AMANAH,0,0,084,PAYA BESAR,Pahang,0,0,F,0,PH
33,2022,MOHD SHAHAR ABDULLAH,BN,UMNO,0,0,084,PAYA BESAR,Pahang,0,0,F,0,BN
34,2022,GHAZALI ABU,GTA,PUTRA,0,0,136,TANGGA BATU,Melaka,0,0,F,0,PUTRA
35,2022,SHAHRIL MAHMOOD,,IND,0,0,136,TANGGA BATU,Melaka,0,0,F,0,BEBAS
36,2022,BAKRI JAMALUDDIN,PN,PAS,0,0,136,TANGGA BATU,Melaka,0,0,F,0,PAS
37,2022,RUSNAH ALUAI,PH,PKR,0,0,136,TANGGA BATU,Melaka,0,0,M,0,PH
38,2022,LIM BAN HONG,BN,MCA,0,0,136,TANGGA BATU,Melaka,0,0,F,0,BN
39,2022,SYED ABU HUSSIN HAFIZ SYED ABDUL FASAL,PN,BERSATU,0,0,059,BUKIT GANTANG,Perak,0,0,F,0,PN
40,2022,MOHD SHUKRI MOHD YUSOFF,GTA,PEJUANG,0,0,059,BUKIT GANTANG,Perak,0,0,F,0,PEJUANG
41,2022,FAKHRULDIN MOHD HASHIM,PH,AMANAH,0,0,059,BUKIT GANTANG,Perak,0,0,F,0,PH
42,2022,MOHAMMAD SOLLEHIN MOHAMAD TAJIE,BN,UMNO,0,0,059,BUKIT GANTANG,Perak,0,0,F,0,BN
43,2022,SITI KASIM,,IND,0,0,115,BATU,KL,0,0,M,0,BEBAS
44,2022,TIAN CHUA,,IND,0,0,115,BATU,KL,0,0,F,0,BEBAS
45,2022,P PRABAKARAN,PH,PKR,0,0,115,BATU,KL,0,0,F,0,PH
46,2022,MOHD ZULKIFLI ABDUL FATTAH,,PRM,0,0,115,BATU,KL,0,0,F,0,PRM
47,2022,TOO CHENG HUAT,,IND,0,0,115,BATU,KL,0,0,F,0,BEBAS
48,2022,WAN AZLIANA WAN ADNAN,GTA,PEJUANG,0,0,115,BATU,KL,0,0,M,0,PEJUANG
49,2022,AZHAR YAHYA,PN,PAS,0,0,115,BATU,KL,0,0,F,0,PAS
50,2022,NAGANATHAN PILLAI,,WARISAN,0,0,115,BATU,KL,0,0,F,0,WARISAN
51,2022,A KOHILAN PILLAY,BN,MIC,0,0,115,BATU,KL,0,0,F,0,BN
52,2022,NUR FATHIAH SYAZWANA @ CLEO,,IND,0,0,115,BATU,KL,0,0,M,0,BEBAS
53,2022,ISKANDAR DZULKARNAIN ABDUL KHALID,PN,BERSATU,0,0,067,KUALA KANGSAR,Perak,0,0,F,0,PN
54,2022,MASLIN SHAM RAZMAN,BN,UMNO,0,0,067,KUALA KANGSAR,Perak,0,0,F,0,BN
55,2022,YUSMALIA MUHAMMAD YUSOF,GTA,PEJUANG,0,0,067,KUALA KANGSAR,Perak,0,0,M,0,PEJUANG
56,2022,AHMAD TERMIZI RAMLI,PH,AMANAH,0,0,067,KUALA KANGSAR,Perak,0,0,F,0,PH
57,2022,FAHMI BAZLAN MUDA,GTA,BERJASA,0,0,111,KOTA RAJA,Selangor,0,0,F,0,GTA
58,2022,MOHAMED DIAH BAHARUN,PN,PAS,0,0,111,KOTA RAJA,Selangor,0,0,F,0,PAS
59,2022,KUMAR KARANANEDI,,IND,0,0,111,KOTA RAJA,Selangor,0,0,F,0,BEBAS
60,2022,D KAJENDRAN,BN,MIC,0,0,111,KOTA RAJA,Selangor,0,0,F,0,BN
61,2022,MOHAMAD SABU,PH,AMANAH,0,0,111,KOTA RAJA,Selangor,0,0,F,0,PH
62,2022,P RAVEENTHARAN A PERIASAMY,,IND,0,0,111,KOTA RAJA,Selangor,0,0,F,0,BEBAS
63,2022,SARAH AFIQAH ZAINOL ARIF,,PRM,0,0,111,KOTA RAJA,Selangor,0,0,M,0,PRM
64,2022,SURENDHAR SELVARAJU,,IND,0,0,111,KOTA RAJA,Selangor,0,0,F,0,BEBAS
65,2022,ABDUL LATIFF ABDUL RAHMAN,PN,PAS,0,0,031,KUALA KRAI,Kelantan,0,0,F,0,PAS
66,2022,MOHAMED ZULKEPLI OMAR,BN,UMNO,0,0,031,KUALA KRAI,Kelantan,0,0,F,0,BN
67,2022,NORASHIKIN CHE OMAR,GTA,PEJUANG,0,0,031,KUALA KRAI,Kelantan,0,0,M,0,PEJUANG
68,2022,MOHD HISYAMUDDIN,PH,AMANAH,0,0,031,KUALA KRAI,Kelantan,0,0,F,0,PH
69,2022,SAIFUDDIN NASUTION ISMAIL,PH,PKR,0,0,018,KULIM-BANDAR BAHARU,Kedah,0,0,F,0,PH
70,2022,ROSLAN HASHIM,PN,BERSATU,0,0,018,KULIM-BANDAR BAHARU,Kedah,0,0,F,0,PN
71,2022,MOHAMAD YUSRIZAL YUSOFF,GTA,DIRECT,0,0,018,KULIM-BANDAR BAHARU,Kedah,0,0,F,0,GTA
72,2022,MUHAR HUSSAIN,BN,UMNO,0,0,018,KULIM-BANDAR BAHARU,Kedah,0,0,F,0,BN
73,2022,MUHAMMAD NORAFFENDY MOHD SALLEH,PN,BERSATU,0,0,127,JEMPOL,Negeri Sembilan,0,0,F,0,PN
74,2022,MOHD KHALID MUHD YUNUS,GTA,PUTRA,0,0,127,JEMPOL,Negeri Sembilan,0,0,F,0,PUTRA
75,2022,SHAMSULKAHAR MOHD DELI,BN,UMNO,0,0,127,JEMPOL,Negeri Sembilan,0,0,F,0,BN
76,2022,NORWANI AHMAT,PH,AMANAH,0,0,127,JEMPOL,Negeri Sembilan,0,0,M,0,PH
77,2022,LOW GUO NAN,BN,MCA,0,0,065,IPOH BARAT,Perak,0,0,F,0,BN
78,2022,M KULASEGARAN,PH,DAP,0,0,065,IPOH BARAT,Perak,0,0,F,0,DAP
79,2022,CHEK KWONG WENG,PN,GERAKAN,0,0,065,IPOH BARAT,Perak,0,0,F,0,PN
80,2022,M KAYVEAS,,IND,0,0,065,IPOH BARAT,Perak,0,0,F,0,BEBAS
81,2022,TAN KOK WAI,PH,DAP,0,0,123,CHERAS,KL,0,0,F,0,DAP
82,2022,CHONG YEW CHUAN,BN,MCA,0,0,123,CHERAS,KL,0,0,F,0,BN
83,2022,CHIN YOKE KHENG,PN,BERSATU,0,0,123,CHERAS,KL,0,0,M,0,PN
84,2022,AWANG HASHIM,PN,PAS,0,0,011,PENDANG,Kedah,0,0,F,0,PAS
85,2022,ZULKIFLI MOHAMAD,PH,PKR,0,0,011,PENDANG,Kedah,0,0,F,0,PH
86,2022,ABDUL RASHID YOP,GTA,DIRECT,0,0,011,PENDANG,Kedah,0,0,F,0,GTA
87,2022,SURAYA YAACOB,BN,UMNO,0,0,011,PENDANG,Kedah,0,0,M,0,BN
88,2022,IDRIS MD YUSOF,GTA,DIRECT,0,0,092,SABAK BERNAM,Selangor,0,0,F,0,GTA
89,2022,ABD RAHMAN BAKRI,BN,UMNO,0,0,092,SABAK BERNAM,Selangor,0,0,F,0,BN
90,2022,MOHD FASIAH MOHD FAKEH,PN,BERSATU,0,0,092,SABAK BERNAM,Selangor,0,0,F,0,PN
91,2022,SHAMSUL MA'ARIF ISMAIL,PH,AMANAH,0,0,092,SABAK BERNAM,Selangor,0,0,F,0,PH
92,2022,MOHD AKMAL AZHAR,,WARISAN,0,0,042,TASEK GELUGOR,Penang,0,0,F,0,WARISAN
93,2022,NIK ABDUL RAZAK NIK MD RIDZUAN,PH,AMANAH,0,0,042,TASEK GELUGOR,Penang,0,0,F,0,PH
94,2022,ABDUL HALIM SHER JUNG,GTA,DIRECT,0,0,042,TASEK GELUGOR,Penang,0,0,F,0,GTA
95,2022,MUHAMAD YUSOFF MOHD NOOR,BN,UMNO,0,0,042,TASEK GELUGOR,Penang,0,0,F,0,BN
96,2022,WAN SAIFUL WAN JAN,PN,BERSATU,0,0,042,TASEK GELUGOR,Penang,0,0,F,0,PN
97,2022,ZAMBRY ABD KADIR,BN,UMNO,0,0,074,LUMUT,Perak,0,0,F,0,BN
98,2022,HATTA RAMLI,PH,AMANAH,0,0,074,LUMUT,Perak,0,0,F,0,PH
99,2022,NORDIN AHMAD ISMAIL,PN,BERSATU,0,0,074,LUMUT,Perak,0,0,F,0,PN
100,2022,MOHD ISNIN ISMAIL @ IBRAHIM KHAN,,WARISAN,0,0,074,LUMUT,Perak,0,0,F,0,WARISAN
101,2022,MAZLAN ABDUL GHANI,GTA,PEJUANG,0,0,074,LUMUT,Perak,0,0,F,0,PEJUANG
102,2022,ALIAS RAZAK,PN,PAS,0,0,035,KUALA NERUS,Terengganu,0,0,F,0,PAS
103,2022,KHAIRUDDIN AMAN RAZALI,BN,DIRECT,0,0,035,KUALA NERUS,Terengganu,0,0,F,0,BN
104,2022,AZAHA WAHID,GTA,PUTRA,0,0,035,KUALA NERUS,Terengganu,0,0,F,0,PUTRA
105,2022,SUHAIMI HASHIM,PH,AMANAH,0,0,035,KUALA NERUS,Terengganu,0,0,F,0,PH
106,2022,MOHD SYAHRIR CHE SULAIMAN,PN,PAS,0,0,025,BACHOK,Kelantan,0,0,F,0,PAS
107,2022,NOR AZMIZA MAMAT,PH,PKR,0,0,025,BACHOK,Kelantan,0,0,M,0,PH
108,2022,ZU,,IND,0,0,025,BACHOK,Kelantan,0,0,F,0,BEBAS
109,2022,KAMARUL AZAM OSMAN,GTA,PUTRA,0,0,025,BACHOK,Kelantan,0,0,F,0,PUTRA
110,2022,MOHD ZAIN YASIM,BN,UMNO,0,0,025,BACHOK,Kelantan,0,0,F,0,BN
111,2022,MUJAHID YUSOF RAWA,PH,AMANAH,0,0,057,PARIT BUNTAR,Perak,0,0,F,0,PH
112,2022,IMRAN MOHD YUSOF,BN,UMNO,0,0,057,PARIT BUNTAR,Perak,0,0,F,0,BN
113,2022,ROHIJAS,GTA,PEJUANG,0,0,057,PARIT BUNTAR,Perak,0,0,F,0,PEJUANG
114,2022,MOHD MISBAHUL MUNIR MASDUKI,PN,PAS,0,0,057,PARIT BUNTAR,Perak,0,0,F,0,PAS
115,2022,RAZALI LEBAI SALLEH,GTA,PEJUANG,0,0,007,PADANG TERAP,Kedah,0,0,F,0,PEJUANG
116,2022,MAHDZIR KHALID,BN,UMNO,0,0,007,PADANG TERAP,Kedah,0,0,F,0,BN
117,2022,MUAZ ABDULLAH,PH,AMANAH,0,0,007,PADANG TERAP,Kedah,0,0,F,0,PH
118,2022,NURUL AMIN HAMID,PN,PAS,0,0,007,PADANG TERAP,Kedah,0,0,F,0,PAS
119,2022,WAN AHMAD KAMIL WAN ABDULLAH,PH,AMANAH,0,0,024,KUBANG KERIAN,Kelantan,0,0,F,0,PH
120,2022,MOHAMAD RIZAL RAZALI,GTA,PEJUANG,0,0,024,KUBANG KERIAN,Kelantan,0,0,F,0,PEJUANG
121,2022,NURUL AMAL MOHD FAUZI,BN,UMNO,0,0,024,KUBANG KERIAN,Kelantan,0,0,M,0,BN
122,2022,TUAN IBRAHIM TUAN MAN,PN,PAS,0,0,024,KUBANG KERIAN,Kelantan,0,0,F,0,PAS
123,2022,MOHAMAD ABU BAKAR MUDA,GTA,PUTRA,0,0,036,KUALA TERENGGANU,Terengganu,0,0,F,0,PUTRA
124,2022,MOHD ZUBIR EMBONG,BN,UMNO,0,0,036,KUALA TERENGGANU,Terengganu,0,0,F,0,BN
125,2022,RAJA KAMARUL BAHRIN SHAH,PH,AMANAH,0,0,036,KUALA TERENGGANU,Terengganu,0,0,F,0,PH
126,2022,AHMAD AMZAD MOHAMED,PN,PAS,0,0,036,KUALA TERENGGANU,Terengganu,0,0,F,0,PAS
127,2022,HAMIDI ABU HASSAN,GTA,BERJASA,0,0,041,KEPALA BATAS,Penang,0,0,F,0,GTA
128,2022,SITI MASTURA MOHAMAD,PN,PAS,0,0,041,KEPALA BATAS,Penang,0,0,M,0,PAS
129,2022,DANIAL ABDUL MAJEED,PH,MUDA,0,0,041,KEPALA BATAS,Penang,0,0,F,0,MUDA
130,2022,REEZAL MERICAN NAINA MERICAN,BN,UMNO,0,0,041,KEPALA BATAS,Penang,0,0,F,0,BN
131,2022,INDRANI,,IND,0,0,062,SUNGAI SIPUT,Perak,0,0,M,0,BEBAS
132,2022,HAJI BAHA,,IND,0,0,062,SUNGAI SIPUT,Perak,0,0,F,0,BEBAS
133,2022,S VIGNESWARAN M SANASEE,BN,MIC,0,0,062,SUNGAI SIPUT,Perak,0,0,F,0,BN
134,2022,S KESAVAN,PH,PKR,0,0,062,SUNGAI SIPUT,Perak,0,0,F,0,PH
135,2022,AHMAD FAUZI MOHD JAAFAR,GTA,PEJUANG,0,0,062,SUNGAI SIPUT,Perak,0,0,F,0,PEJUANG
136,2022,RAJAH NARASAIM,,IND,0,0,062,SUNGAI SIPUT,Perak,0,0,F,0,BEBAS
137,2022,IRUDIANATHAN GABRIEL,PN,BERSATU,0,0,062,SUNGAI SIPUT,Perak,0,0,F,0,PN
138,2022,AZMIN ALI,PN,BERSATU,0,0,098,GOMBAK,Selangor,0,0,F,0,PN
139,2022,AMIRUDIN SHARI,PH,PKR,0,0,098,GOMBAK,Selangor,0,0,F,0,PH
140,2022,AZIZ JAMALUDIN MOHD TAHIR,GTA,PUTRA,0,0,098,GOMBAK,Selangor,0,0,F,0,PUTRA
141,2022,ZULKIFLI,,IND,0,0,098,GOMBAK,Selangor,0,0,F,0,BEBAS
142,2022,MEGAT ZULKARNAIN OMARDIN,BN,UMNO,0,0,098,GOMBAK,Selangor,0,0,F,0,BN
143,2022,THINAGANARABHAN PADMANABHAN,PN,BERSATU,0,0,051,BUKIT GELUGOR,Penang,0,0,F,0,PN
144,2022,RAMKARPAL SINGH,PH,DAP,0,0,051,BUKIT GELUGOR,Penang,0,0,F,0,DAP
145,2022,WONG CHIN CHONG,BN,MCA,0,0,051,BUKIT GELUGOR,Penang,0,0,F,0,BN
146,2022,AB HAMID MOHD NAZAHAR,BN,UMNO,0,0,083,KUANTAN,Pahang,0,0,F,0,BN
147,2022,FUZIAH SALLEH,PH,PKR,0,0,083,KUANTAN,Pahang,0,0,M,0,PH
148,2022,WAN RAZALI WAN NOR,PN,PAS,0,0,083,KUANTAN,Pahang,0,0,F,0,PAS
149,2022,ANUAR TAJUDDIN,GTA,PEJUANG,0,0,083,KUANTAN,Pahang,0,0,F,0,PEJUANG
150,2022,TAKIYUDDIN HASSAN,PN,PAS,0,0,021,KOTA BHARU,Kelantan,0,0,F,0,PAS
151,2022,HAFIDZAH MUSTAKIM,PH,AMANAH,0,0,021,KOTA BHARU,Kelantan,0,0,M,0,PH
152,2022,ROSMADI ISMAIL,BN,UMNO,0,0,021,KOTA BHARU,Kelantan,0,0,F,0,BN
153,2022,ANDY TAN @ AWANG,,PRM,0,0,021,KOTA BHARU,Kelantan,0,0,F,0,PRM
154,2022,CHE MUSA CHE OMAR,GTA,PUTRA,0,0,021,KOTA BHARU,Kelantan,0,0,F,0,PUTRA
155,2022,IZAT BUKHARY,,IND,0,0,021,KOTA BHARU,Kelantan,0,0,F,0,BEBAS
156,2022,KHOO POAY TIONG,PH,DAP,0,0,138,KOTA MELAKA,Melaka,0,0,F,0,DAP
157,2022,KON QI YAO,BN,MCA,0,0,138,KOTA MELAKA,Melaka,0,0,F,0,BN
158,2022,NORAZLAN,,IND,0,0,138,KOTA MELAKA,Melaka,0,0,F,0,BEBAS
159,2022,SUHAIME BORHAN,PN,GERAKAN,0,0,138,KOTA MELAKA,Melaka,0,0,F,0,PN
160,2022,NOOR ASMAH MOHD RAZALLI,GTA,PUTRA,0,0,121,LEMBAH PANTAI,KL,0,0,M,0,PUTRA
161,2022,FAUZI ABU BAKAR,PN,PAS,0,0,121,LEMBAH PANTAI,KL,0,0,F,0,PAS
162,2022,FAHMI FADZIL,PH,PKR,0,0,121,LEMBAH PANTAI,KL,0,0,F,0,PH
163,2022,RAMLAN SHAHEAN @ ASKOLANI,BN,UMNO,0,0,121,LEMBAH PANTAI,KL,0,0,F,0,BN
164,2022,ISA AB HAMID,PN,BERSATU,0,0,164,PONTIAN,Johor,0,0,F,0,PN
165,2022,AHMAD MASLAN,BN,UMNO,0,0,164,PONTIAN,Johor,0,0,F,0,BN
166,2022,SHAZWAN ZAINAL ABIDIN,PH,DAP,0,0,164,PONTIAN,Johor,0,0,F,0,DAP
167,2022,JAMALUDDIN MOHAMAD,GTA,DIRECT,0,0,164,PONTIAN,Johor,0,0,F,0,GTA
168,2022,JOHAN ARIFIN MOHD ROPI,BN,UMNO,0,0,160,JOHOR BAHRU,Johor,0,0,F,0,BN
169,2022,MOHD MOHTAJ YACOB,PN,BERSATU,0,0,160,JOHOR BAHRU,Johor,0,0,F,0,PN
170,2022,MOHD AKHIRI MAHMOOD,GTA,PEJUANG,0,0,160,JOHOR BAHRU,Johor,0,0,F,0,PEJUANG
171,2022,AKMAL NASRULLAH MOHD NASIR,PH,PKR,0,0,160,JOHOR BAHRU,Johor,0,0,F,0,PH
172,2022,MOHD NAZREE MOHD YUNUS,PN,BERSATU,0,0,131,REMBAU,Negeri Sembilan,0,0,F,0,PN
173,2022,MOHAMAD HAJI HASAN,BN,UMNO,0,0,131,REMBAU,Negeri Sembilan,0,0,F,0,BN
174,2022,JUFITRI JOHAR,PH,PKR,0,0,131,REMBAU,Negeri Sembilan,0,0,F,0,PH
175,2022,TINAGARAN SUBRAMANIAM,,PSM,0,0,131,REMBAU,Negeri Sembilan,0,0,F,0,PSM
176,2022,RAMLY AWALUDDIN,GTA,PEJUANG,0,0,131,REMBAU,Negeri Sembilan,0,0,F,0,PEJUANG
177,2022,MANNDZRI NASIB,BN,UMNO,0,0,155,TENGGARA,Johor,0,0,F,0,BN
178,2022,M AZHAR PALAL,GTA,PUTRA,0,0,155,TENGGARA,Johor,0,0,F,0,PUTRA
179,2022,MOHD NAZARI MOKHTAR,PN,PAS,0,0,155,TENGGARA,Johor,0,0,F,0,PAS
180,2022,ZURAIDAH ZAINAB MOHD ZAIN,PH,PKR,0,0,155,TENGGARA,Johor,0,0,M,0,PH
181,2022,TENGKU ADNAN TENGKU MANSOR,BN,UMNO,0,0,125,PUTRAJAYA,Putrajaya,0,0,F,0,BN
182,2022,NORAISHAH MYDIN ABDUL AZIZ,PH,PKR,0,0,125,PUTRAJAYA,Putrajaya,0,0,M,0,PH
183,2022,MUHD ROSLI RAMLI,GTA,BERJASA,0,0,125,PUTRAJAYA,Putrajaya,0,0,F,0,GTA
184,2022,SAMSUDIN PKPKL,,IND,0,0,125,PUTRAJAYA,Putrajaya,0,0,F,0,BEBAS
185,2022,MOHD RADZI JIDIN,PN,BERSATU,0,0,125,PUTRAJAYA,Putrajaya,0,0,F,0,PN
186,2022,LIM FICE BEE,,IND,0,0,125,PUTRAJAYA,Putrajaya,0,0,M,0,BEBAS
187,2022,PHAANG JING FATT,PN,GERAKAN,0,0,114,KEPONG,KL,0,0,F,0,PN
188,2022,YOUNG SHANG YI,,WARISAN,0,0,114,KEPONG,KL,0,0,F,0,WARISAN
189,2022,YAP ZHENG HOE,BN,MCA,0,0,114,KEPONG,KL,0,0,F,0,BN
190,2022,LIM LIP ENG,PH,DAP,0,0,114,KEPONG,KL,0,0,F,0,DAP
191,2022,YEE POH PING,,IND,0,0,114,KEPONG,KL,0,0,F,0,BEBAS
192,2022,MASZLEE MALEK,PH,PKR,0,0,151,SIMPANG RENGGAM,Johor,0,0,F,0,PH
193,2022,KAMAL KUSMIN,GTA,PUTRA,0,0,151,SIMPANG RENGGAM,Johor,0,0,F,0,PUTRA
194,2022,MOHD FAZRUL KAMAT,PN,BERSATU,0,0,151,SIMPANG RENGGAM,Johor,0,0,F,0,PN
195,2022,HASNI MOHAMMAD,BN,UMNO,0,0,151,SIMPANG RENGGAM,Johor,0,0,F,0,BN
196,2022,ALVIN CHANG TECK KIAM,PN,BERSATU,0,0,142,LABIS,Johor,0,0,F,0,PN
197,2022,PANG HOK LIONG,PH,DAP,0,0,142,LABIS,Johor,0,0,F,0,DAP
198,2022,CHUA TEE YONG,BN,MCA,0,0,142,LABIS,Johor,0,0,F,0,BN
199,2022,HASSAN BASRI AWANG MAT DAHAN,PH,PKR,0,0,081,JERANTUT,Pahang,0,0,F,0,PH
200,2022,MOHD ZUKARMI ABU BAKAR,BN,UMNO,0,0,081,JERANTUT,Pahang,0,0,F,0,BN
201,2022,KHAIRIL NIZAM KHIRUDIN,PN,PAS,0,0,081,JERANTUT,Pahang,0,0,F,0,PAS
202,2022,JAYA CHANDRAN PERUMAL,PN,BERSATU,0,0,110,KLANG,Selangor,0,0,F,0,PN
203,2022,HEDRHIN RAMLI @ AWIN,,IND,0,0,110,KLANG,Selangor,0,0,F,0,BEBAS
204,2022,TEE HOOI LING,BN,MCA,0,0,110,KLANG,Selangor,0,0,M,0,BN
205,2022,LOO CHENG WEE,,WARISAN,0,0,110,KLANG,Selangor,0,0,F,0,WARISAN
206,2022,S CHANDRASEGAR,,PRM,0,0,110,KLANG,Selangor,0,0,F,0,PRM
207,2022,V GANABATIRAU,PH,DAP,0,0,110,KLANG,Selangor,0,0,F,0,DAP
208,2022,DEEPAK JAIKISHAN,,IND,0,0,110,KLANG,Selangor,0,0,F,0,BEBAS
209,2022,ABDUL HAKIM ABDUL WAHID,BN,UMNO,0,0,134,MASJID TANAH,Melaka,0,0,F,0,BN
210,2022,MAS ERMIEYATI SAMSUDIN,PN,BERSATU,0,0,134,MASJID TANAH,Melaka,0,0,M,0,PN
211,2022,MUTALIB UTHMAN,PH,MUDA,0,0,134,MASJID TANAH,Melaka,0,0,F,0,MUDA
212,2022,HANDRAWIRAWAN ABU BAKAR,GTA,PEJUANG,0,0,134,MASJID TANAH,Melaka,0,0,F,0,PEJUANG
213,2022,ZANARIAH JUMHURI,,IND,0,0,112,KUALA LANGAT,Selangor,0,0,M,0,BEBAS
214,2022,MOHANA MUNIANDY RAMAN,BN,MIC,0,0,112,KUALA LANGAT,Selangor,0,0,M,0,BN
215,2022,RIDZUAN ABDULLAH,GTA,DIRECT,0,0,112,KUALA LANGAT,Selangor,0,0,F,0,GTA
216,2022,AHMAD YUNUS HAIRI,PN,PAS,0,0,112,KUALA LANGAT,Selangor,0,0,F,0,PAS
217,2022,M GANESKUMAR,,PRM,0,0,112,KUALA LANGAT,Selangor,0,0,F,0,PRM
218,2022,MANIVANAN GOVIN,PH,PKR,0,0,112,KUALA LANGAT,Selangor,0,0,F,0,PH
219,2022,MUHAMAD HAFIZ AL-HAFIZ,,IND,0,0,086,MARAN,Pahang,0,0,F,0,BEBAS
220,2022,SHAHANIZA BT SHAMSUDDIN,BN,UMNO,0,0,086,MARAN,Pahang,0,0,M,0,BN
221,2022,FAZIL AZMI NADZRI,PN,PAS,0,0,086,MARAN,Pahang,0,0,F,0,PAS
222,2022,AHMAD SHUHOR AWANG,PH,AMANAH,0,0,086,MARAN,Pahang,0,0,F,0,PH
223,2022,AZLAN SANI ZAWAWI,GTA,DIRECT,0,0,095,TANJUNG KARANG,Selangor,0,0,F,0,GTA
224,2022,MOHD ROSNI,,IND,0,0,095,TANJUNG KARANG,Selangor,0,0,F,0,BEBAS
225,2022,ZULKAFPERI HANAPI,PN,BERSATU,0,0,095,TANJUNG KARANG,Selangor,0,0,F,0,PN
226,2022,SITI RAHAYU BAHARIN,PH,MUDA,0,0,095,TANJUNG KARANG,Selangor,0,0,M,0,MUDA
227,2022,HABIBAH MOHD YUSOF,BN,UMNO,0,0,095,TANJUNG KARANG,Selangor,0,0,M,0,BN
228,2022,BAKRI @ MOHD BAKRI MUSTAPHA,BN,UMNO,0,0,027,TANAH MERAH,Kelantan,0,0,F,0,BN
229,2022,MOHAMAD SUPARADI MD NOOR,PH,PKR,0,0,027,TANAH MERAH,Kelantan,0,0,F,0,PH
230,2022,MOHD NASIR ABDULLAH,GTA,PUTRA,0,0,027,TANAH MERAH,Kelantan,0,0,F,0,PUTRA
231,2022,NIK SAPEIA,,IND,0,0,027,TANAH MERAH,Kelantan,0,0,F,0,BEBAS
232,2022,IKMAL HISHAM ABDUL AZIZ,PN,BERSATU,0,0,027,TANAH MERAH,Kelantan,0,0,F,0,PN
233,2022,CHEN WIN KEONG,PN,BERSATU,0,0,120,BUKIT BINTANG,KL,0,0,F,0,PN
234,2022,FONG KUI LUN,PH,DAP,0,0,120,BUKIT BINTANG,KL,0,0,F,0,DAP
235,2022,TAN TEIK PENG,BN,MCA,0,0,120,BUKIT BINTANG,KL,0,0,F,0,BN
236,2022,CHOW YU HUI,PH,DAP,0,0,080,RAUB,Pahang,0,0,F,0,DAP
237,2022,NORKHAIRUL ANUAR MOHAMED NOR,GTA,PEJUANG,0,0,080,RAUB,Pahang,0,0,F,0,PEJUANG
238,2022,CHONG SIN WOON,BN,MCA,0,0,080,RAUB,Pahang,0,0,F,0,BN
239,2022,MOHD FAKRUNIZAM IBRAHIM,PN,BERSATU,0,0,080,RAUB,Pahang,0,0,F,0,PN
240,2022,ABD KADIR,,IND,0,0,004,LANGKAWI,Kedah,0,0,F,0,BEBAS
241,2022,SUHAIMI ABDULLAH,PN,BERSATU,0,0,004,LANGKAWI,Kedah,0,0,F,0,PN
242,2022,MAHATHIR MOHAMAD,GTA,PEJUANG,0,0,004,LANGKAWI,Kedah,0,0,F,0,PEJUANG
243,2022,ARMISHAH SIRAJ,BN,UMNO,0,0,004,LANGKAWI,Kedah,0,0,F,0,BN
244,2022,ZABIDI YAHYA,PH,AMANAH,0,0,004,LANGKAWI,Kedah,0,0,F,0,PH
245,2022,KHAIRUL AZUAN KAMARRUDIN,,WARISAN,0,0,019,TUMPAT,Kelantan,0,0,F,0,WARISAN
246,2022,MUMTAZ MD NAWI,PN,PAS,0,0,019,TUMPAT,Kelantan,0,0,M,0,PAS
247,2022,CHE MUHAMMAD ASWARI CHE ALI,GTA,PUTRA,0,0,019,TUMPAT,Kelantan,0,0,F,0,PUTRA
248,2022,WAN MOHD JOHARI WAN OMAR,PH,AMANAH,0,0,019,TUMPAT,Kelantan,0,0,F,0,PH
249,2022,CHE ABDULLAH MAT NAWI,BN,DIRECT,0,0,019,TUMPAT,Kelantan,0,0,F,0,BN
250,2022,MUHAMMAD DAUD,GTA,PUTRA,0,0,030,JELI,Kelantan,0,0,F,0,PUTRA
251,2022,ZAHARI KECHIK,PN,BERSATU,0,0,030,JELI,Kelantan,0,0,F,0,PN
252,2022,NORWAHIDA PATUAN,BN,UMNO,0,0,030,JELI,Kelantan,0,0,M,0,BN
253,2022,MD RADZI WAHAB,PH,AMANAH,0,0,030,JELI,Kelantan,0,0,F,0,PH
254,2022,MUHAMMAD NOOR AZMAN @ NOOR HIZAM,BN,UMNO,0,0,109,KAPAR,Selangor,0,0,F,0,BN
255,2022,DAROYAH ALWI,,PBM,0,0,109,KAPAR,Selangor,0,0,M,0,PBM
256,2022,MUHAMMAD PATHAN HUSSIN,GTA,BERJASA,0,0,109,KAPAR,Selangor,0,0,F,0,GTA
257,2022,HALIMAH ALI,PN,PAS,0,0,109,KAPAR,Selangor,0,0,M,0,PAS
258,2022,RAHIM AWANG,,WARISAN,0,0,109,KAPAR,Selangor,0,0,F,0,WARISAN
259,2022,SIVALINGAM,,IND,0,0,109,KAPAR,Selangor,0,0,F,0,BEBAS
260,2022,ABDULLAH SANI ABDUL HAMID,PH,PKR,0,0,109,KAPAR,Selangor,0,0,F,0,PH
261,2022,NUR JAZLAN MOHAMED,BN,UMNO,0,0,161,PULAI,Johor,0,0,F,0,BN
262,2022,LOH KAH YONG,PN,GERAKAN,0,0,161,PULAI,Johor,0,0,F,0,PN
263,2022,SALAHUDDIN AYUB,PH,AMANAH,0,0,161,PULAI,Johor,0,0,F,0,PH
264,2022,NOR AFZAINIZAM SALLEH,PN,BERSATU,0,0,064,IPOH TIMOR,Perak,0,0,F,0,PN
265,2022,NG KAI CHEONG,BN,MCA,0,0,064,IPOH TIMOR,Perak,0,0,F,0,BN
266,2022,HOWARD LEE CHUAN HOW,PH,DAP,0,0,064,IPOH TIMOR,Perak,0,0,F,0,DAP
267,2022,NG KIAN NAM,BN,MCA,0,0,130,RASAH,Negeri Sembilan,0,0,F,0,BN
268,2022,CHOONG VEE HING,PN,GERAKAN,0,0,130,RASAH,Negeri Sembilan,0,0,F,0,PN
269,2022,CHA KEE CHIN,PH,DAP,0,0,130,RASAH,Negeri Sembilan,0,0,F,0,DAP
270,2022,AZAHARI HASAN,PN,BERSATU,0,0,061,PADANG RENGAS,Perak,0,0,F,0,PN
271,2022,MOHD ARRIF ABDUL MAJID,BN,UMNO,0,0,061,PADANG RENGAS,Perak,0,0,F,0,BN
272,2022,MUHAMMAD KAMIL ABDUL MUNIM,PH,PKR,0,0,061,PADANG RENGAS,Perak,0,0,F,0,PH
273,2022,NGEH KOO HAM,PH,DAP,0,0,068,BERUAS,Perak,0,0,F,0,DAP
274,2022,ONG KEAN SING,PN,GERAKAN,0,0,068,BERUAS,Perak,0,0,F,0,PN
275,2022,DING SIEW CHEE,BN,MCA,0,0,068,BERUAS,Perak,0,0,F,0,BN
276,2022,TENGKU RAZALEIGH HAMZAH,BN,UMNO,0,0,032,GUA MUSANG,Kelantan,0,0,F,0,BN
277,2022,MOHD AZIZI ABU NAIM,PN,BERSATU,0,0,032,GUA MUSANG,Kelantan,0,0,F,0,PN
278,2022,SAMSU ADABI MAMAT,GTA,PEJUANG,0,0,032,GUA MUSANG,Kelantan,0,0,F,0,PEJUANG
279,2022,ASHARUN UJI,PH,PKR,0,0,032,GUA MUSANG,Kelantan,0,0,F,0,PH
280,2022,ROSNI ADAM,PN,PAS,0,0,119,TITIWANGSA,KL,0,0,M,0,PAS
281,2022,KHALID ABD SAMAD,PH,AMANAH,0,0,119,TITIWANGSA,KL,0,0,F,0,PH
282,2022,KHAIRUDDIN ABU HASSAN,GTA,PEJUANG,0,0,119,TITIWANGSA,KL,0,0,F,0,PEJUANG
283,2022,JOHARI ABDUL GHANI,BN,UMNO,0,0,119,TITIWANGSA,KL,0,0,F,0,BN
284,2022,RAFIZI RAMLI,PH,PKR,0,0,100,PANDAN,Selangor,0,0,F,0,PH
285,2022,ONG TEE KEAT,,WARISAN,0,0,100,PANDAN,Selangor,0,0,F,0,WARISAN
286,2022,MUHAMMAD FARIQUE ZUBIR ALBAKRI,PN,PAS,0,0,100,PANDAN,Selangor,0,0,F,0,PAS
287,2022,NADIA HANAFIAH,GTA,DIRECT,0,0,100,PANDAN,Selangor,0,0,M,0,GTA
288,2022,LEONG KOK WEE,BN,MCA,0,0,100,PANDAN,Selangor,0,0,F,0,BN
289,2022,ZAKRI HASSAN,PN,BERSATU,0,0,002,KANGAR,Perlis,0,0,F,0,PN
290,2022,FATHUL BARI MAT JAHYA,BN,UMNO,0,0,002,KANGAR,Perlis,0,0,F,0,BN
291,2022,ROHIMI SHAPIEE,,WARISAN,0,0,002,KANGAR,Perlis,0,0,F,0,WARISAN
292,2022,NOOR AMIN AHMAD,PH,PKR,0,0,002,KANGAR,Perlis,0,0,F,0,PH
293,2022,NUR SULAIMAN ZOLKAPLI,GTA,PEJUANG,0,0,002,KANGAR,Perlis,0,0,F,0,PEJUANG
294,2022,JAMAL MD YUNOS,BN,UMNO,0,0,093,SUNGAI BESAR,Selangor,0,0,F,0,BN
295,2022,ASMAWAR SAMAD,GTA,PUTRA,0,0,093,SUNGAI BESAR,Selangor,0,0,F,0,PUTRA
296,2022,MUSLIMIN YAHAYA,PN,BERSATU,0,0,093,SUNGAI BESAR,Selangor,0,0,F,0,PN
297,2022,SAIPOLYAZAN MAT YUSOP,PH,PKR,0,0,093,SUNGAI BESAR,Selangor,0,0,F,0,PH
298,2022,MOHD HELMY ABD LATIF,BN,UMNO,0,0,146,MUAR,Johor,0,0,F,0,BN
299,2022,ABDULLAH HUSIN,PN,PAS,0,0,146,MUAR,Johor,0,0,F,0,PAS
300,2022,SYED SADDIQ SYED ABDUL RAHMAN,PH,MUDA,0,0,146,MUAR,Johor,0,0,F,0,MUDA
301,2022,NGA KOR MING,PH,DAP,0,0,076,TELUK INTAN,Perak,0,0,F,0,DAP
302,2022,MURUGIAH THOPASAMY,BN,MIC,0,0,076,TELUK INTAN,Perak,0,0,F,0,BN
303,2022,AMIR KHUSYAIRI MOHAMAD TANUSI,GTA,IMAN,0,0,076,TELUK INTAN,Perak,0,0,F,0,GTA
304,2022,ZAINOL FADZI PAHARUDIN,PN,BERSATU,0,0,076,TELUK INTAN,Perak,0,0,F,0,PN
305,2022,MOHD ISAM MOHD ISA,BN,UMNO,0,0,133,TAMPIN,Negeri Sembilan,0,0,F,0,BN
306,2022,ZAMANI IBRAHIM,GTA,BERJASA,0,0,133,TAMPIN,Negeri Sembilan,0,0,F,0,GTA
307,2022,ABDUL HALIM ABU BAKAR,PN,PAS,0,0,133,TAMPIN,Negeri Sembilan,0,0,F,0,PAS
308,2022,MUHAMMAD FAIZ FADZIL,PH,AMANAH,0,0,133,TAMPIN,Negeri Sembilan,0,0,F,0,PH
309,2022,ANG HIANG NI,PN,GERAKAN,0,0,104,SUBANG,Selangor,0,0,F,0,PN
310,2022,KOW CHEONG WEI,BN,MCA,0,0,104,SUBANG,Selangor,0,0,F,0,BN
311,2022,WONG CHEN,PH,PKR,0,0,104,SUBANG,Selangor,0,0,F,0,PH
312,2022,HAMZAH ABD RAHMAN,GTA,PUTRA,0,0,017,PADANG SERAI,Kedah,0,0,F,0,PUTRA
313,2022,M KARUPAIYA,PH,PKR,0,0,017,PADANG SERAI,Kedah,0,0,F,0,PH
314,2022,SIVARAJ CHANDRAN,BN,MIC,0,0,017,PADANG SERAI,Kedah,0,0,F,0,BN
315,2022,AZMAN NASRUDIN,PN,BERSATU,0,0,017,PADANG SERAI,Kedah,0,0,F,0,PN
316,2022,MOHD BAKHRI HASHIM,,WARISAN,0,0,017,PADANG SERAI,Kedah,0,0,F,0,WARISAN
317,2022,ANANDA AK,,IND,0,0,017,PADANG SERAI,Kedah,0,0,F,0,BEBAS
318,2022,SHAMSUL ANUAR NASARAH,BN,UMNO,0,0,055,LENGGONG,Perak,0,0,F,0,BN
319,2022,JUREY LATIFF MOHD ROSLI,PH,PKR,0,0,055,LENGGONG,Perak,0,0,F,0,PH
320,2022,MUHAMMAD RIFAAT RAZMAN,PN,PAS,0,0,055,LENGGONG,Perak,0,0,F,0,PAS
321,2022,ABDUL RASHID ASARI,PN,BERSATU,0,0,097,SELAYANG,Selangor,0,0,F,0,PN
322,2022,CHAN WUN HOONG,BN,MCA,0,0,097,SELAYANG,Selangor,0,0,F,0,BN
323,2022,SALLEH AMIRUDDIN,GTA,PEJUANG,0,0,097,SELAYANG,Selangor,0,0,F,0,PEJUANG
324,2022,MUHAMMAD ZAKI OMAR,,IND,0,0,097,SELAYANG,Selangor,0,0,F,0,BEBAS
325,2022,WILLIAM LEONG JEE KEEN,PH,PKR,0,0,097,SELAYANG,Selangor,0,0,F,0,PH
326,2022,MOHAMAD EZAM MOHD NOR,,PRM,0,0,105,PETALING JAYA,Selangor,0,0,F,0,PRM
327,2022,K J JOHN,,IND,0,0,105,PETALING JAYA,Selangor,0,0,F,0,BEBAS
328,2022,CHEW HIAN TAT,BN,MCA,0,0,105,PETALING JAYA,Selangor,0,0,F,0,BN
329,2022,MAZWEEN MOKHTAR,GTA,DIRECT,0,0,105,PETALING JAYA,Selangor,0,0,M,0,GTA
330,2022,THENG BOOK,PN,BERSATU,0,0,105,PETALING JAYA,Selangor,0,0,F,0,PN
331,2022,LEE CHEAN CHUNG,PH,PKR,0,0,105,PETALING JAYA,Selangor,0,0,F,0,PH
332,2022,STEVEN SIM CHEE KEONG,PH,DAP,0,0,045,BUKIT MERTAJAM,Penang,0,0,F,0,DAP
333,2022,TAN YANG PANG,BN,MCA,0,0,045,BUKIT MERTAJAM,Penang,0,0,F,0,BN
334,2022,STEVEN KOH TIEN YEW,PN,PAS,0,0,045,BUKIT MERTAJAM,Penang,0,0,F,0,PAS
335,2022,SAW YEE FUNG,BN,MCA,0,0,052,BAYAN BARU,Penang,0,0,M,0,BN
336,2022,JEFF OOI CHUAN AUN,,WARISAN,0,0,052,BAYAN BARU,Penang,0,0,F,0,WARISAN
337,2022,RAVINDER SINGH,,PRM,0,0,052,BAYAN BARU,Penang,0,0,F,0,PRM
338,2022,KAN CHEE YUEN,,IND,0,0,052,BAYAN BARU,Penang,0,0,F,0,BEBAS
339,2022,SIM TZE TZIN,PH,PKR,0,0,052,BAYAN BARU,Penang,0,0,F,0,PH
340,2022,OH TONG KEONG,PN,GERAKAN,0,0,052,BAYAN BARU,Penang,0,0,F,0,PN
341,2022,TAN NAM CHA,PN,BERSATU,0,0,162,ISKANDAR PUTERI,Johor,0,0,F,0,PN
342,2022,TEOH SEW HOCK,BN,MCA,0,0,162,ISKANDAR PUTERI,Johor,0,0,F,0,BN
343,2022,LIEW CHIN TONG,PH,DAP,0,0,162,ISKANDAR PUTERI,Johor,0,0,F,0,DAP
344,2022,SYERLEENA ABDUL RASHID,PH,DAP,0,0,048,BUKIT BENDERA,Penang,0,0,M,0,DAP
345,2022,TEH YEE CHEU,,PRM,0,0,048,BUKIT BENDERA,Penang,0,0,F,0,PRM
346,2022,HNG CHEE WEY,PN,GERAKAN,0,0,048,BUKIT BENDERA,Penang,0,0,F,0,PN
347,2022,RICHIE HUAN XIN YUN,BN,PCM,0,0,048,BUKIT BENDERA,Penang,0,0,F,0,BN
348,2022,RAZALIF ZAIN,,IND,0,0,048,BUKIT BENDERA,Penang,0,0,F,0,BEBAS
349,2022,SYED HAIROUL FAIZEY SYED ALI,GTA,PUTRA,0,0,140,SEGAMAT,Johor,0,0,F,0,PUTRA
350,2022,RAMASAMY MUTHUSAMY,BN,MIC,0,0,140,SEGAMAT,Johor,0,0,F,0,BN
351,2022,YUNESWARAN RAMARAJ,PH,PKR,0,0,140,SEGAMAT,Johor,0,0,F,0,PH
352,2022,POOBALAN PONNUSAMY,PN,BERSATU,0,0,140,SEGAMAT,Johor,0,0,F,0,PN
353,2022,RAFIEI MUSTAPHA,PN,PAS,0,0,132,PORT DICKSON,Negeri Sembilan,0,0,F,0,PAS
354,2022,P KAMALANATHAN,BN,MIC,0,0,132,PORT DICKSON,Negeri Sembilan,0,0,F,0,BN
355,2022,RANI KULUP,,IND,0,0,132,PORT DICKSON,Negeri Sembilan,0,0,F,0,BEBAS
356,2022,AHMAD IDHAM AHMAD NAZRI,GTA,DIRECT,0,0,132,PORT DICKSON,Negeri Sembilan,0,0,F,0,GTA
357,2022,AMINUDDIN HARUN,PH,PKR,0,0,132,PORT DICKSON,Negeri Sembilan,0,0,F,0,PH
358,2022,MOHAMAD NOR SUNDARI,GTA,BERJASA,0,0,082,INDERA MAHKOTA,Pahang,0,0,F,0,GTA
359,2022,SAIFUDDIN ABDULLAH,PN,BERSATU,0,0,082,INDERA MAHKOTA,Pahang,0,0,F,0,PN
360,2022,ZURAIDI ISMAIL,PH,PKR,0,0,082,INDERA MAHKOTA,Pahang,0,0,F,0,PH
361,2022,QUEK TAI SEONG,BN,MCA,0,0,082,INDERA MAHKOTA,Pahang,0,0,F,0,BN
362,2022,ISMAIL MOHAMED SAID,BN,UMNO,0,0,087,KUALA KRAU,Pahang,0,0,F,0,BN
363,2022,KAMAL ASHAARI,PN,PAS,0,0,087,KUALA KRAU,Pahang,0,0,F,0,PAS
364,2022,JUHARI OSMAN,PH,AMANAH,0,0,087,KUALA KRAU,Pahang,0,0,F,0,PH
365,2022,SHAHRUDDIN MOHAMED SALLEH,GTA,PEJUANG,0,0,087,KUALA KRAU,Pahang,0,0,F,0,PEJUANG
366,2022,PRABAGARAN VYTHILINGAM,PN,GERAKAN,0,0,117,SEGAMBUT,KL,0,0,F,0,PN
367,2022,DANIEL LING SIA CHIN,BN,MCA,0,0,117,SEGAMBUT,KL,0,0,F,0,BN
368,2022,HANNAH YEOH TSEOW SUAN,PH,DAP,0,0,117,SEGAMBUT,KL,0,0,M,0,DAP
369,2022,MD SALLEHEEN MOHAMAD,BN,UMNO,0,0,141,SEKIJANG,Johor,0,0,F,0,BN
370,2022,UZZAIR ISMAIL,PN,BERSATU,0,0,141,SEKIJANG,Johor,0,0,F,0,PN
371,2022,MOHD ZOHAR AHMAD,,WARISAN,0,0,141,SEKIJANG,Johor,0,0,F,0,WARISAN
372,2022,ZALIHA MUSTAFA,PH,PKR,0,0,141,SEKIJANG,Johor,0,0,M,0,PH
373,2022,MUHD SAIFUL FAIZAL ABD HALIM,GTA,PUTRA,0,0,141,SEKIJANG,Johor,0,0,F,0,PUTRA
374,2022,ZAIROL HIZAM ZAKARIA,GTA,PUTRA,0,0,073,PASIR SALAK,Perak,0,0,F,0,PUTRA
375,2022,NIK OMAR NIK AB AZIZ,PH,PKR,0,0,073,PASIR SALAK,Perak,0,0,F,0,PH
376,2022,JAMALUDDIN YAHYA,PN,PAS,0,0,073,PASIR SALAK,Perak,0,0,F,0,PAS
377,2022,KHAIRUL AZWAN HARUN,BN,UMNO,0,0,073,PASIR SALAK,Perak,0,0,F,0,BN
378,2022,MAIZATULAKMAM OTHMAN @ IBRAHIM,BN,UMNO,0,0,013,SIK,Kedah,0,0,M,0,BN
379,2022,LATIPAH MOHAMAD YATIM,PH,AMANAH,0,0,013,SIK,Kedah,0,0,M,0,PH
380,2022,AHMAD TARMIZI SULAIMAN,PN,PAS,0,0,013,SIK,Kedah,0,0,F,0,PAS
381,2022,MUHAMMAD FARHAN ABDUL RAHIM,PN,BERSATU,0,0,071,GOPENG,Perak,0,0,F,0,PN
382,2022,TING ZHAO SONG,BN,MCA,0,0,071,GOPENG,Perak,0,0,M,0,BN
383,2022,TAN KAR HING,PH,PKR,0,0,071,GOPENG,Perak,0,0,F,0,PH
384,2022,BALACHANDRAN GOPAL,,WARISAN,0,0,071,GOPENG,Perak,0,0,F,0,WARISAN
385,2022,RODZIAH ISMAIL,PH,PKR,0,0,099,AMPANG,Selangor,0,0,M,0,PH
386,2022,IVONE LOW YI WEN,BN,MCA,0,0,099,AMPANG,Selangor,0,0,M,0,BN
387,2022,M RAVEEN,,IND,0,0,099,AMPANG,Selangor,0,0,F,0,BEBAS
388,2022,ZURAIDA KAMARUDDIN,,PBM,0,0,099,AMPANG,Selangor,0,0,M,0,PBM
389,2022,NURUL ASHIKIN MABAHWI,GTA,PEJUANG,0,0,099,AMPANG,Selangor,0,0,M,0,PEJUANG
390,2022,LAI WAI CHONG,,WARISAN,0,0,099,AMPANG,Selangor,0,0,F,0,WARISAN
391,2022,SASHA LYNA ABDUL LATIF,PN,BERSATU,0,0,099,AMPANG,Selangor,0,0,M,0,PN
392,2022,MUHAMMAD SHAFIQ IZWAN MOHD YUNOS,,IND,0,0,099,AMPANG,Selangor,0,0,F,0,BEBAS
393,2022,TAN HUA MENG,,IND,0,0,099,AMPANG,Selangor,0,0,F,0,BEBAS
394,2022,MOHD ZAIDI MOHD SAID,BN,UMNO,0,0,044,PERMATANG PAUH,Penang,0,0,F,0,BN
395,2022,MUHAMMAD FAWWAZ MAT JAN,PN,PAS,0,0,044,PERMATANG PAUH,Penang,0,0,F,0,PAS
396,2022,NASIR OTHMAN,GTA,PUTRA,0,0,044,PERMATANG PAUH,Penang,0,0,F,0,PUTRA
397,2022,NURUL IZZAH ANWAR,PH,PKR,0,0,044,PERMATANG PAUH,Penang,0,0,M,0,PH
398,2022,ABE WAE REDZUAN,,IND,0,0,020,PENGKALAN CHEPA,Kelantan,0,0,F,0,BEBAS
399,2022,NIK FAIZAH NIK OTHMAN,PH,AMANAH,0,0,020,PENGKALAN CHEPA,Kelantan,0,0,M,0,PH
400,2022,WAN AHMAD NASRI WAN ISMAIL,GTA,PEJUANG,0,0,020,PENGKALAN CHEPA,Kelantan,0,0,F,0,PEJUANG
401,2022,AHMAD MARZUK SHAARY,PN,PAS,0,0,020,PENGKALAN CHEPA,Kelantan,0,0,F,0,PAS
402,2022,MOHD HAFIEZULNIEZAM MOHD HASDIN,BN,UMNO,0,0,020,PENGKALAN CHEPA,Kelantan,0,0,F,0,BN
403,2022,MOHAMED KHALED NORDIN,BN,UMNO,0,0,156,KOTA TINGGI,Johor,0,0,F,0,BN
404,2022,MOHAMAD RIDHWAN RASMAN,PN,BERSATU,0,0,156,KOTA TINGGI,Johor,0,0,F,0,PN
405,2022,ONN JAAFAR,PH,AMANAH,0,0,156,KOTA TINGGI,Johor,0,0,F,0,PH
406,2022,MOHD SANY HAMZAN,PH,AMANAH,0,0,101,HULU LANGAT,Selangor,0,0,M,0,PH
407,2022,MARKIMAN KOBIRAN,GTA,PEJUANG,0,0,101,HULU LANGAT,Selangor,0,0,F,0,PEJUANG
408,2022,ABDUL RAHMAN JAAFAR,,WARISAN,0,0,101,HULU LANGAT,Selangor,0,0,F,0,WARISAN
409,2022,JOHAN ABD AZIZ,BN,UMNO,0,0,101,HULU LANGAT,Selangor,0,0,F,0,BN
410,2022,MOHAMED MUSTAFA,,IND,0,0,101,HULU LANGAT,Selangor,0,0,F,0,BEBAS
411,2022,MOHD RADZI ABD LATIF,PN,BERSATU,0,0,101,HULU LANGAT,Selangor,0,0,F,0,PN
412,2022,GOBIND SINGH DEO,PH,DAP,0,0,106,DAMANSARA,Selangor,0,0,F,0,DAP
413,2022,LIM SI CHING,PN,GERAKAN,0,0,106,DAMANSARA,Selangor,0,0,F,0,PN
414,2022,TAN GIM TUAN,BN,MCA,0,0,106,DAMANSARA,Selangor,0,0,F,0,BN
415,2022,LEE CHEE LEONG,BN,MCA,0,0,070,KAMPAR,Perak,0,0,F,0,BN
416,2022,WONG OI FOON,PN,GERAKAN,0,0,070,KAMPAR,Perak,0,0,M,0,PN
417,2022,CHONG ZHEMIN,PH,DAP,0,0,070,KAMPAR,Perak,0,0,F,0,DAP
418,2022,LEONG CHEOK LUNG,,WARISAN,0,0,070,KAMPAR,Perak,0,0,F,0,WARISAN
419,2022,ANTHONY LOKE SIEW FOOK,PH,DAP,0,0,128,SEREMBAN,Negeri Sembilan,0,0,F,0,DAP
420,2022,IZZAT LESLY,,IND,0,0,128,SEREMBAN,Negeri Sembilan,0,0,F,0,BEBAS
421,2022,WONG YIN TING,BN,MCA,0,0,128,SEREMBAN,Negeri Sembilan,0,0,F,0,BN
422,2022,MOHAMAD JANI ISMAIL,GTA,PEJUANG,0,0,128,SEREMBAN,Negeri Sembilan,0,0,F,0,PEJUANG
423,2022,MOHD FADLI CHE ME,PN,PAS,0,0,128,SEREMBAN,Negeri Sembilan,0,0,F,0,PAS
424,2022,AHMAD JUFLIZ FAIZA,,PRM,0,0,107,SUNGAI BULOH,Selangor,0,0,F,0,PRM
425,2022,MOHD AKMAL MOHD YUSOF,GTA,PEJUANG,0,0,107,SUNGAI BULOH,Selangor,0,0,F,0,PEJUANG
426,2022,SIFU LINDA,,IND,0,0,107,SUNGAI BULOH,Selangor,0,0,M,0,BEBAS
427,2022,KHAIRY JAMALUDDIN ABU BAKAR,BN,UMNO,0,0,107,SUNGAI BULOH,Selangor,0,0,F,0,BN
428,2022,SYED RAZAK ALSAGOFF,,IND,0,0,107,SUNGAI BULOH,Selangor,0,0,F,0,BEBAS
429,2022,RAMANAN RAMAKRISHNAN,PH,PKR,0,0,107,SUNGAI BULOH,Selangor,0,0,F,0,PH
430,2022,MOHD GHAZALI MD HAMIN,PN,PAS,0,0,107,SUNGAI BULOH,Selangor,0,0,F,0,PAS
431,2022,HARUN MOHAMED,PH,AMANAH,0,0,139,JASIN,Melaka,0,0,F,0,PH
432,2022,ROSLAN AHMAD,BN,UMNO,0,0,139,JASIN,Melaka,0,0,F,0,BN
433,2022,MOHD DAUD NASIR,GTA,PEJUANG,0,0,139,JASIN,Melaka,0,0,F,0,PEJUANG
434,2022,ZULKIFLI ISMAIL,PN,PAS,0,0,139,JASIN,Melaka,0,0,F,0,PAS
435,2022,FATIN ZULAIKHA ZAIDI,PH,DAP,0,0,154,MERSING,Johor,0,0,M,0,DAP
436,2022,ISMAIL DON,,IND,0,0,154,MERSING,Johor,0,0,F,0,BEBAS
437,2022,MUHAMMAD ISLAHUDDIN ABAS,PN,BERSATU,0,0,154,MERSING,Johor,0,0,F,0,PN
438,2022,NURFATIMAH IBRAHIM,GTA,PEJUANG,0,0,154,MERSING,Johor,0,0,M,0,PEJUANG
439,2022,ABD LATIF BANDI,BN,UMNO,0,0,154,MERSING,Johor,0,0,F,0,BN
440,2022,WAN AZIZAH WAN ISMAIL,PH,PKR,0,0,124,BANDAR TUN RAZAK,KL,0,0,M,0,PH
441,2022,CHEW YIN KEEN,BN,MCA,0,0,124,BANDAR TUN RAZAK,KL,0,0,F,0,BN
442,2022,KAMARUDDIN JAAFAR,PN,BERSATU,0,0,124,BANDAR TUN RAZAK,KL,0,0,F,0,PN
443,2022,IDRIS AHMAD,PN,PAS,0,0,058,BAGAN SERAI,Perak,0,0,F,0,PAS
444,2022,AHMAD LUQMAN AHMAD YAHAYA,GTA,PEJUANG,0,0,058,BAGAN SERAI,Perak,0,0,F,0,PEJUANG
445,2022,ZUL HELMI GHAZALI,BN,UMNO,0,0,058,BAGAN SERAI,Perak,0,0,F,0,BN
446,2022,SITI AISHAH SHAIK ISMAIL,PH,PKR,0,0,058,BAGAN SERAI,Perak,0,0,M,0,PH
447,2022,RAZALI IBRAHIM,BN,UMNO,0,0,143,PAGOH,Johor,0,0,F,0,BN
448,2022,MUHYIDDIN YASSIN,PN,BERSATU,0,0,143,PAGOH,Johor,0,0,F,0,PN
449,2022,ISKANDAR SHAH ABD RAHMAN,PH,PKR,0,0,143,PAGOH,Johor,0,0,F,0,PH
450,2022,AHMAD JAZLAN YAAKUB,BN,UMNO,0,0,029,MACHANG,Kelantan,0,0,F,0,BN
451,2022,MUHAMMAD SEMAN,GTA,PUTRA,0,0,029,MACHANG,Kelantan,0,0,F,0,PUTRA
452,2022,WAN AHMAD FAYHSAL WAN AHMAD KAMAL,PN,BERSATU,0,0,029,MACHANG,Kelantan,0,0,F,0,PN
453,2022,ROSLI ALLANI ABDUL KADIR,PH,PKR,0,0,029,MACHANG,Kelantan,0,0,F,0,PH
454,2022,NEOW CHOO SEONG,BN,MCA,0,0,060,TAIPING,Perak,0,0,F,0,BN
455,2022,MOHGANAN P MANIKAM,,IND,0,0,060,TAIPING,Perak,0,0,F,0,BEBAS
456,2022,WONG KAH WOH,PH,DAP,0,0,060,TAIPING,Perak,0,0,F,0,DAP
457,2022,SEE TEAN SENG,PN,GERAKAN,0,0,060,TAIPING,Perak,0,0,F,0,PN
458,2022,RAMA,,IND,0,0,060,TAIPING,Perak,0,0,F,0,BEBAS
459,2022,LEOW THYE YIH,,IND,0,0,060,TAIPING,Perak,0,0,F,0,BEBAS
460,2022,ABDUL HADI AWANG,PN,PAS,0,0,037,MARANG,Terengganu,0,0,F,0,PAS
461,2022,JASMIRA OTHMAN,BN,UMNO,0,0,037,MARANG,Terengganu,0,0,F,0,BN
462,2022,ZARAWI SULONG,GTA,PUTRA,0,0,037,MARANG,Terengganu,0,0,F,0,PUTRA
463,2022,AZHAR AB SHUKUR,PH,AMANAH,0,0,037,MARANG,Terengganu,0,0,F,0,PH
464,2022,WEE KA SIONG,BN,MCA,0,0,148,AYER HITAM,Johor,0,0,F,0,BN
465,2022,SHEIKH UMAR BAGHARIB ALI,PH,DAP,0,0,148,AYER HITAM,Johor,0,0,F,0,DAP
466,2022,MUHAMMAD SYAFIQ A AZIZ,PN,BERSATU,0,0,148,AYER HITAM,Johor,0,0,F,0,PN
467,2022,ASMAWI HARUN,PN,BERSATU,0,0,090,BERA,Pahang,0,0,F,0,PN
468,2022,ISMAIL SABRI YAAKOB,BN,UMNO,0,0,090,BERA,Pahang,0,0,F,0,BN
469,2022,ABBAS SALLEH,PH,PKR,0,0,090,BERA,Pahang,0,0,F,0,PH
470,2022,ROZI MAMAT,BN,UMNO,0,0,038,HULU TERENGGANU,Terengganu,0,0,F,0,BN
471,2022,MOHD KHADRI ABDULLAH,GTA,PUTRA,0,0,038,HULU TERENGGANU,Terengganu,0,0,F,0,PUTRA
472,2022,ROSOL WAHID,PN,BERSATU,0,0,038,HULU TERENGGANU,Terengganu,0,0,F,0,PN
473,2022,ALIAS ISMAIL,PH,PKR,0,0,038,HULU TERENGGANU,Terengganu,0,0,F,0,PH
474,2022,AMINOLHUDA HASSAN,PH,AMANAH,0,0,149,SRI GADING,Johor,0,0,F,0,PH
475,2022,ZANARIYAH ABDUL HAMID,PN,PAS,0,0,149,SRI GADING,Johor,0,0,M,0,PAS
476,2022,MOHD LASSIM BURHAN,BN,UMNO,0,0,149,SRI GADING,Johor,0,0,F,0,BN
477,2022,MAHDZIR IBRAHIM,GTA,PEJUANG,0,0,149,SRI GADING,Johor,0,0,F,0,PEJUANG
478,2022,CHE MOHAMAD ZULKIFLY JUSOH,PN,PAS,0,0,033,BESUT,Terengganu,0,0,F,0,PAS
479,2022,WAN NAZARI WAN JUSOH,GTA,PEJUANG,0,0,033,BESUT,Terengganu,0,0,F,0,PEJUANG
480,2022,ABD RAHMAN @ ABD AZIZ ABAS,PH,AMANAH,0,0,033,BESUT,Terengganu,0,0,F,0,PH
481,2022,NAWI MOHAMAD,BN,UMNO,0,0,033,BESUT,Terengganu,0,0,F,0,BN
482,2022,MOHAMAD NUHAIRI RAHMAT,GTA,PEJUANG,0,0,009,ALOR SETAR,Kedah,0,0,F,0,PEJUANG
483,2022,AFNAN HAMIMI TAIB AZAMUDDIN,PN,PAS,0,0,009,ALOR SETAR,Kedah,0,0,F,0,PAS
484,2022,FADZIL HANAFI,,WARISAN,0,0,009,ALOR SETAR,Kedah,0,0,F,0,WARISAN
485,2022,SIMON OOI TZE MIN,PH,PKR,0,0,009,ALOR SETAR,Kedah,0,0,F,0,PH
486,2022,NORDIN YUNUS,,IND,0,0,009,ALOR SETAR,Kedah,0,0,F,0,BEBAS
487,2022,SOFAN FEROZA,,IND,0,0,009,ALOR SETAR,Kedah,0,0,F,0,BEBAS
488,2022,TAN CHEE HIONG,BN,MCA,0,0,009,ALOR SETAR,Kedah,0,0,F,0,BN
489,2022,KHAIRUL ANUAR AHMAD,,WARISAN,0,0,014,MERBOK,Kedah,0,0,F,0,WARISAN
490,2022,SHAIFUL HAZIZY ZAINOL ABIDIN,BN,UMNO,0,0,014,MERBOK,Kedah,0,0,F,0,BN
491,2022,NOR AZRINA SURIP,PH,PKR,0,0,014,MERBOK,Kedah,0,0,M,0,PH
492,2022,MOHD NAZRI ABU HASSAN,PN,BERSATU,0,0,014,MERBOK,Kedah,0,0,F,0,PN
493,2022,MOHAMED MOSIN ABDUL RAZAK,GTA,IMAN,0,0,014,MERBOK,Kedah,0,0,F,0,GTA
494,2022,NORAINI AHMAD,BN,UMNO,0,0,147,PARIT SULONG,Johor,0,0,M,0,BN
495,2022,ABDUL KARIM DERAMAN,PN,PAS,0,0,147,PARIT SULONG,Johor,0,0,F,0,PAS
496,2022,MOHD FAIZAL DOLAH,PH,AMANAH,0,0,147,PARIT SULONG,Johor,0,0,F,0,PH
497,2022,NOOR AZLEEN AMBROS,BN,UMNO,0,0,159,PASIR GUDANG,Johor,0,0,F,0,BN
498,2022,HASSAN ABDUL KARIM,PH,PKR,0,0,159,PASIR GUDANG,Johor,0,0,F,0,PH
499,2022,MOHAMAD FARID ABDUL RAZAK,PN,BERSATU,0,0,159,PASIR GUDANG,Johor,0,0,F,0,PN
500,2022,MOHAMMAD RAFI BERAN,GTA,IMAN,0,0,159,PASIR GUDANG,Johor,0,0,F,0,GTA
501,2022,GAN PING SIEU,BN,MCA,0,0,152,KLUANG,Johor,0,0,F,0,BN
502,2022,WONG SHU QI,PH,DAP,0,0,152,KLUANG,Johor,0,0,M,0,DAP
503,2022,U RAMENDRAN,,IND,0,0,152,KLUANG,Johor,0,0,F,0,BEBAS
504,2022,DZULKARNAIN ALIAS,PN,BERSATU,0,0,152,KLUANG,Johor,0,0,F,0,PN
505,2022,HAMIZI HUSSAIN,,IND,0,0,091,ROMPIN,Pahang,0,0,F,0,BEBAS
506,2022,HASAN ARIFIN,BN,UMNO,0,0,091,ROMPIN,Pahang,0,0,F,0,BN
507,2022,ABDUL KHALIB ABDULLAH,PN,BERSATU,0,0,091,ROMPIN,Pahang,0,0,F,0,PN
508,2022,ERMAN SHAH JAIOS,PH,PKR,0,0,091,ROMPIN,Pahang,0,0,F,0,PH
509,2022,MOHAMAD SHAHRUM OSMAN,PN,BERSATU,0,0,079,LIPIS,Pahang,0,0,F,0,PN
510,2022,AISHATON ABU BAKAR,GTA,PEJUANG,0,0,079,LIPIS,Pahang,0,0,M,0,PEJUANG
511,2022,TENGKU ZULPURI SHAH RAJA PUJI,PH,DAP,0,0,079,LIPIS,Pahang,0,0,F,0,DAP
512,2022,ABDUL RAHMAN MOHAMAD,BN,UMNO,0,0,079,LIPIS,Pahang,0,0,F,0,BN
513,2022,AZMAN ISMAIL,PH,PKR,0,0,010,KUALA KEDAH,Kedah,0,0,F,0,PH
514,2022,SYED ARANIRI SYED AHMAD,,WARISAN,0,0,010,KUALA KEDAH,Kedah,0,0,F,0,WARISAN
515,2022,ULYA AQAMAH HUSAMUDIN,GTA,PEJUANG,0,0,010,KUALA KEDAH,Kedah,0,0,F,0,PEJUANG
516,2022,AHMAD FAKHRUDDIN FAKHRURAZI,PN,PAS,0,0,010,KUALA KEDAH,Kedah,0,0,F,0,PAS
517,2022,MASHITAH IBRAHIM,BN,UMNO,0,0,010,KUALA KEDAH,Kedah,0,0,M,0,BN
518,2022,HISHAMMUDDIN HUSSEIN,BN,UMNO,0,0,153,SEMBRONG,Johor,0,0,F,0,BN
519,2022,HASNI ABAS,PH,PKR,0,0,153,SEMBRONG,Johor,0,0,F,0,PH
520,2022,AZIZ ISMAIL,PN,BERSATU,0,0,153,SEMBRONG,Johor,0,0,F,0,PN
521,2022,ABD GHANI AHMAD,PN,PAS,0,0,005,JERLUN,Kedah,0,0,F,0,PAS
522,2022,MUKHRIZ MAHATHIR,GTA,PEJUANG,0,0,005,JERLUN,Kedah,0,0,F,0,PEJUANG
523,2022,FADZIL ALI MOHD ALI,PH,PKR,0,0,005,JERLUN,Kedah,0,0,F,0,PH
524,2022,OTHMAN AZIZ,BN,UMNO,0,0,005,JERLUN,Kedah,0,0,F,0,BN
525,2022,ASYRAF WAJDI DUSUKI,BN,UMNO,0,0,054,GERIK,Perak,0,0,F,0,BN
526,2022,FATHUL HUZIR AYOB,PN,BERSATU,0,0,054,GERIK,Perak,0,0,F,0,PN
527,2022,AHMAD TARMIZI MOHD JAM,PH,DAP,0,0,054,GERIK,Perak,0,0,F,0,DAP
528,2022,ANWAR IBRAHIM,PH,PKR,0,0,063,TAMBUN,Perak,0,0,F,0,PH
529,2022,AMINUDDIN MD HANAFIAH,BN,UMNO,0,0,063,TAMBUN,Perak,0,0,F,0,BN
530,2022,ABDUL RAHIM TAHIR,GTA,PEJUANG,0,0,063,TAMBUN,Perak,0,0,F,0,PEJUANG
531,2022,AHMAD FAIZAL AZUMU,PN,BERSATU,0,0,063,TAMBUN,Perak,0,0,F,0,PN
532,2022,RSN RAYER,PH,DAP,0,0,050,JELUTONG,Penang,0,0,F,0,DAP
533,2022,BALJIT SINGH JIGIRI,PN,GERAKAN,0,0,050,JELUTONG,Penang,0,0,F,0,PN
534,2022,KOH SWE YONG,,PRM,0,0,050,JELUTONG,Penang,0,0,F,0,PRM
535,2022,YACOOB NOOR,,IND,0,0,050,JELUTONG,Penang,0,0,F,0,BEBAS
536,2022,LOGANATHAN THORAISAMY,BN,IPF,0,0,050,JELUTONG,Penang,0,0,F,0,BN
537,2022,LIM HUAT POH,,WARISAN,0,0,050,JELUTONG,Penang,0,0,F,0,WARISAN
538,2022,RAHIMI MUHAMAD,PH,PKR,0,0,026,KETEREH,Kelantan,0,0,F,0,PH
539,2022,MARZUANI ARDILA ARIFFIN,BN,UMNO,0,0,026,KETEREH,Kelantan,0,0,M,0,BN
540,2022,KHLIR MOHD NOR,PN,PAS,0,0,026,KETEREH,Kelantan,0,0,F,0,PAS
541,2022,HANIF IBRAHIM,GTA,PUTRA,0,0,026,KETEREH,Kelantan,0,0,F,0,PUTRA
542,2022,RAMLI MOHD NOR,BN,UMNO,0,0,078,CAMERON HIGHLANDS,Pahang,0,0,F,0,BN
543,2022,ABDUL RASID MOHAMED,PN,BERSATU,0,0,078,CAMERON HIGHLANDS,Pahang,0,0,F,0,PN
544,2022,CHIONG YOKE KONG,PH,DAP,0,0,078,CAMERON HIGHLANDS,Pahang,0,0,F,0,DAP
545,2022,AUZAIE FADZLAN SHAHIDI,GTA,BERJASA,0,0,056,LARUT,Perak,0,0,F,0,GTA
546,2022,ZOLKARNAIN ABIDIN,PH,AMANAH,0,0,056,LARUT,Perak,0,0,F,0,PH
547,2022,MOHD SHARIQ FHADLY MAHMUD,BN,UMNO,0,0,056,LARUT,Perak,0,0,F,0,BN
548,2022,HAMZAH ZAINUDIN,PN,BERSATU,0,0,056,LARUT,Perak,0,0,F,0,PN
549,2022,K SARASWATHY,PH,PKR,0,0,072,TAPAH,Perak,0,0,M,0,PH
550,2022,MUHAMMAD YADZAN MOHAMMAD,PN,BERSATU,0,0,072,TAPAH,Perak,0,0,F,0,PN
551,2022,MOHAMED AKBAR SHERRIF ALI YASIN,,WARISAN,0,0,072,TAPAH,Perak,0,0,F,0,WARISAN
552,2022,M SARAVANAN,BN,MIC,0,0,072,TAPAH,Perak,0,0,F,0,BN
553,2022,M KATHIRAVAN,,IND,0,0,072,TAPAH,Perak,0,0,F,0,BEBAS
554,2022,MIOR NOR HAIDIR SUHAIMI,GTA,PEJUANG,0,0,072,TAPAH,Perak,0,0,F,0,PEJUANG
555,2022,AZLINDA BARONI,,IND,0,0,094,HULU SELANGOR,Selangor,0,0,M,0,BEBAS
556,2022,T MOHAN,BN,MIC,0,0,094,HULU SELANGOR,Selangor,0,0,F,0,BN
557,2022,HARUMAINI OMAR,GTA,PEJUANG,0,0,094,HULU SELANGOR,Selangor,0,0,F,0,PEJUANG
558,2022,SATHIA PRAKASH NADARAJAN,PH,PKR,0,0,094,HULU SELANGOR,Selangor,0,0,F,0,PH
559,2022,HANIZA TALHA,,PBM,0,0,094,HULU SELANGOR,Selangor,0,0,M,0,PBM
560,2022,MOHD HASNIZAN HARUN,PN,PAS,0,0,094,HULU SELANGOR,Selangor,0,0,F,0,PAS
561,2022,TAN CHUAN HONG,BN,MCA,0,0,043,BAGAN,Penang,0,0,F,0,BN
562,2022,LIM GUAN ENG,PH,DAP,0,0,043,BAGAN,Penang,0,0,F,0,DAP
563,2022,ALAN OH TEIK CHOON,PN,BERSATU,0,0,043,BAGAN,Penang,0,0,F,0,PN
564,2022,MOHAMMED HAFIZ MOHAMED ABU BAKAR,GTA,IMAN,0,0,043,BAGAN,Penang,0,0,F,0,GTA
565,2022,SHAHRUL AMRI MAT SARI,,IND,0,0,113,SEPANG,Selangor,0,0,F,0,BEBAS
566,2022,CHE ASMAH IBRAHIM,GTA,PEJUANG,0,0,113,SEPANG,Selangor,0,0,M,0,PEJUANG
567,2022,DAUD LEONG,,PUR,0,0,113,SEPANG,Selangor,0,0,F,0,PUR
568,2022,RAJ MUNNI @ AIMAN ATHIRAH,PH,AMANAH,0,0,113,SEPANG,Selangor,0,0,M,0,PH
569,2022,M MUNESWARAN,,IND,0,0,113,SEPANG,Selangor,0,0,F,0,BEBAS
570,2022,RINA HARUN,PN,BERSATU,0,0,113,SEPANG,Selangor,0,0,M,0,PN
571,2022,ANUAR BASIRAN,BN,UMNO,0,0,113,SEPANG,Selangor,0,0,F,0,BN
572,2022,R NAGESWARAN,,PRM,0,0,113,SEPANG,Selangor,0,0,F,0,PRM
573,2022,MOHAMMED TAUFIK JOHARI,PH,PKR,0,0,015,SUNGAI PETANI,Kedah,0,0,F,0,PH
574,2022,TAN CHOW KANG,,PRM,0,0,015,SUNGAI PETANI,Kedah,0,0,F,0,PRM
575,2022,MARZUKI YAHYA,GTA,PEJUANG,0,0,015,SUNGAI PETANI,Kedah,0,0,F,0,PEJUANG
576,2022,ROBERT LING KUI EE,PN,BERSATU,0,0,015,SUNGAI PETANI,Kedah,0,0,F,0,PN
577,2022,SHAHANIM MOHAMAD YUSOFF,BN,UMNO,0,0,015,SUNGAI PETANI,Kedah,0,0,M,0,BN
578,2022,MOHD SHARKAR SHAMSUDIN,BN,UMNO,0,0,088,TEMERLOH,Pahang,0,0,F,0,BN
579,2022,SALAMIAH MOHD NOR,PN,PAS,0,0,088,TEMERLOH,Pahang,0,0,M,0,PAS
580,2022,MOHD HASBIE MUDA,PH,AMANAH,0,0,088,TEMERLOH,Pahang,0,0,F,0,PH
581,2022,AMINUDDIN YAHAYA,GTA,DIRECT,0,0,088,TEMERLOH,Pahang,0,0,F,0,GTA
582,2022,LEE KAH HING,BN,MCA,0,0,122,SEPUTEH,KL,0,0,F,0,BN
583,2022,ALAN WONG YEE YENG,PN,GERAKAN,0,0,122,SEPUTEH,KL,0,0,F,0,PN
584,2022,CHOY SAN YEH,,IND,0,0,122,SEPUTEH,KL,0,0,M,0,BEBAS
585,2022,TERESA KOK SUH SIM,PH,DAP,0,0,122,SEPUTEH,KL,0,0,M,0,DAP
586,2022,LEE WAI HONG,,IND,0,0,122,SEPUTEH,KL,0,0,F,0,BEBAS
587,2022,KAMARULZAMAN KAMDIAS,GTA,PUTRA,0,0,129,KUALA PILAH,Negeri Sembilan,0,0,F,0,PUTRA
588,2022,EDDIN SYAZLEE SHITH,PN,BERSATU,0,0,129,KUALA PILAH,Negeri Sembilan,0,0,F,0,PN
589,2022,AZMAN BIN IDRIS,,WARISAN,0,0,129,KUALA PILAH,Negeri Sembilan,0,0,F,0,WARISAN
590,2022,NOR AZMAN MOHAMAD,PH,PKR,0,0,129,KUALA PILAH,Negeri Sembilan,0,0,F,0,PH
591,2022,ADNAN ABU HASSAN,BN,UMNO,0,0,129,KUALA PILAH,Negeri Sembilan,0,0,F,0,BN
592,2022,ADAM ADLI,PH,PKR,0,0,137,HANG TUAH JAYA,Melaka,0,0,F,0,PH
593,2022,SHEIKH IKHZAN SHEIKH SALLEH,GTA,PEJUANG,0,0,137,HANG TUAH JAYA,Melaka,0,0,F,0,PEJUANG
594,2022,MOHD RIDHWAN MOHD ALI,BN,UMNO,0,0,137,HANG TUAH JAYA,Melaka,0,0,F,0,BN
595,2022,MOHD AZRUDIN MD IDRIS,PN,BERSATU,0,0,137,HANG TUAH JAYA,Melaka,0,0,F,0,PN
596,2022,ONN ABU BAKAR,PH,PKR,0,0,150,BATU PAHAT,Johor,0,0,F,0,PH
597,2022,ZAHARI OSMAN,,PRM,0,0,150,BATU PAHAT,Johor,0,0,F,0,PRM
598,2022,ISHAK @ MOHD FARID SIRAJ,BN,UMNO,0,0,150,BATU PAHAT,Johor,0,0,F,0,BN
599,2022,NIZAM BASHIR ABDUL KARIEM BASHIR,GTA,PEJUANG,0,0,150,BATU PAHAT,Johor,0,0,F,0,PEJUANG
600,2022,RASHID HASNON,PN,BERSATU,0,0,150,BATU PAHAT,Johor,0,0,F,0,PN
601,2022,CHUA JIAN BOON,BN,MCA,0,0,163,KULAI,Johor,0,0,F,0,BN
602,2022,TEO NIE CHING,PH,DAP,0,0,163,KULAI,Johor,0,0,M,0,DAP
603,2022,TAN CHIN HOCK,PN,GERAKAN,0,0,163,KULAI,Johor,0,0,F,0,PN
604,2022,ROSLI AB GHANI,GTA,PEJUANG,0,0,040,KEMAMAN,Terengganu,0,0,F,0,PEJUANG
605,2022,CHE ALIAS HAMID,PN,PAS,0,0,040,KEMAMAN,Terengganu,0,0,F,0,PAS
606,2022,AHMAD SAID,BN,UMNO,0,0,040,KEMAMAN,Terengganu,0,0,F,0,BN
607,2022,HASUNI SUDIN,PH,PKR,0,0,040,KEMAMAN,Terengganu,0,0,F,0,PH
608,2022,JOHARI ABDULLAH,PH,AMANAH,0,0,016,BALING,Kedah,0,0,F,0,PH
609,2022,BASIR AB RAHMAN,GTA,PUTRA,0,0,016,BALING,Kedah,0,0,F,0,PUTRA
610,2022,ABDUL AZEEZ ABDUL RAHIM,BN,UMNO,0,0,016,BALING,Kedah,0,0,F,0,BN
611,2022,HASSAN SAAD,PN,PAS,0,0,016,BALING,Kedah,0,0,F,0,PAS
612,2022,FATHIN AMELINA FAZLIE,PH,PKR,0,0,003,ARAU,Perlis,0,0,M,0,PH
613,2022,SHAHIDAN KASSIM,PN,DIRECT,0,0,003,ARAU,Perlis,0,0,F,0,PN
614,2022,ROZABIL ABD RAHMAN,BN,UMNO,0,0,003,ARAU,Perlis,0,0,F,0,BN
615,2022,ABDUL RAHMAN MAT YASIN,BN,UMNO,0,0,034,SETIU,Terengganu,0,0,F,0,BN
616,2022,SHAHARIZUKIRNAIN ABD KADIR,PN,PAS,0,0,034,SETIU,Terengganu,0,0,F,0,PAS
617,2022,MOHAMAD NGAH,PH,PKR,0,0,034,SETIU,Terengganu,0,0,F,0,PH
618,2022,WAN ADNAN WAN ALI,GTA,PEJUANG,0,0,034,SETIU,Terengganu,0,0,F,0,PEJUANG
619,2022,AHMAD FAKRI ABU SAMAH,GTA,PUTRA,0,0,126,JELEBU,Negeri Sembilan,0,0,F,0,PUTRA
620,2022,JALALUDDIN ALIAS,BN,UMNO,0,0,126,JELEBU,Negeri Sembilan,0,0,F,0,BN
621,2022,ZULKEFLY MOHAMAD OMAR,PH,AMANAH,0,0,126,JELEBU,Negeri Sembilan,0,0,F,0,PH
622,2022,ZAHARUDDIN BABA SAMION,PN,BERSATU,0,0,126,JELEBU,Negeri Sembilan,0,0,F,0,PN
623,2022,SHAH HEADAN AYOOB HUSSAIN SHAH,BN,UMNO,0,0,053,BALIK PULAU,Penang,0,0,F,0,BN
624,2022,MUHAMMAD BAKHTIAR WAN CHIK,PH,PKR,0,0,053,BALIK PULAU,Penang,0,0,F,0,PH
625,2022,JOHNNY,,IND,0,0,053,BALIK PULAU,Penang,0,0,F,0,BEBAS
626,2022,MUHAMMAD HARRIS IDAHAM ABDUL RASHID,PN,BERSATU,0,0,053,BALIK PULAU,Penang,0,0,F,0,PN
627,2022,SABARUDDIN AHMAD,,IND,0,0,053,BALIK PULAU,Penang,0,0,F,0,BEBAS
628,2022,FAZLI MOHAMMAD,GTA,PEJUANG,0,0,053,BALIK PULAU,Penang,0,0,F,0,PEJUANG
629,2022,TEOH CHIN CHONG,BN,MCA,0,0,066,BATU GAJAH,Perak,0,0,F,0,BN
630,2022,V SIVAKUMAR,PH,DAP,0,0,066,BATU GAJAH,Perak,0,0,F,0,DAP
631,2022,WOO CHEONG YUEN,PN,GERAKAN,0,0,066,BATU GAJAH,Perak,0,0,F,0,PN
632,2022,YEO BEE YIN,PH,DAP,0,0,103,PUCHONG,Selangor,0,0,M,0,DAP
633,2022,KUAN CHEE HENG,,IND,0,0,103,PUCHONG,Selangor,0,0,F,0,BEBAS
634,2022,SYED IBRAHIM KADER,BN,KIMMA,0,0,103,PUCHONG,Selangor,0,0,F,0,BN
635,2022,CHEW JYH GANG,PN,GERAKAN,0,0,103,PUCHONG,Selangor,0,0,F,0,PN
636,2022,ACHIK KHALIL,,IND,0,0,089,BENTONG,Pahang,0,0,F,0,BEBAS
637,2022,YOUNG SYEFURA OTHMAN,PH,DAP,0,0,089,BENTONG,Pahang,0,0,M,0,DAP
638,2022,LIOW TIONG LAI,BN,MCA,0,0,089,BENTONG,Pahang,0,0,F,0,BN
639,2022,ROSLAN HASSAN,PN,BERSATU,0,0,089,BENTONG,Pahang,0,0,F,0,PN
640,2022,WONG TACK,,IND,0,0,089,BENTONG,Pahang,0,0,F,0,BEBAS
641,2022,RUSYDAN RUSMI,PN,PAS,0,0,001,PADANG BESAR,Perlis,0,0,F,0,PAS
642,2022,KO CHU LIANG,,WARISAN,0,0,001,PADANG BESAR,Perlis,0,0,F,0,WARISAN
643,2022,ZAHIDI ZAINUL ABIDIN,,IND,0,0,001,PADANG BESAR,Perlis,0,0,F,0,BEBAS
644,2022,ZAHIDA ZARIK KHAN,BN,UMNO,0,0,001,PADANG BESAR,Perlis,0,0,M,0,BN
645,2022,MOHAMAD SAAD @ YAHYA,PH,AMANAH,0,0,001,PADANG BESAR,Perlis,0,0,F,0,PH
646,2022,HUSAM MUSA,PH,PKR,0,0,022,PASIR MAS,Kelantan,0,0,F,0,PH
647,2022,AHMAD FADHLI SHAARI,PN,PAS,0,0,022,PASIR MAS,Kelantan,0,0,F,0,PAS
648,2022,AB GHANI HARUN,BN,UMNO,0,0,022,PASIR MAS,Kelantan,0,0,F,0,BN
649,2022,NASRUL ALI HASAN ABDUL LATIF,GTA,PUTRA,0,0,022,PASIR MAS,Kelantan,0,0,F,0,PUTRA
650,2022,CHELVARAJAN R. SUPPIAH,PN,BERSATU,0,0,145,BAKRI,Johor,0,0,F,0,PN
651,2022,LEE CHING YONG,BN,MCA,0,0,145,BAKRI,Johor,0,0,F,0,BN
652,2022,TAN HONG PIN,PH,DAP,0,0,145,BAKRI,Johor,0,0,F,0,DAP
653,2022,HARON JAFFAR,,IND,0,0,145,BAKRI,Johor,0,0,F,0,BEBAS
654,2022,ZAHIR HASSAN,PH,PKR,0,0,116,WANGSA MAJU,KL,0,0,F,0,PH
655,2022,WEE CHOO KEONG,,WARISAN,0,0,116,WANGSA MAJU,KL,0,0,F,0,WARISAN
656,2022,MOHD SHAFEI ABDULLAH,BN,UMNO,0,0,116,WANGSA MAJU,KL,0,0,F,0,BN
657,2022,RAVEE SUNTHERALINGAM,,IND,0,0,116,WANGSA MAJU,KL,0,0,F,0,BEBAS
658,2022,NURIDAH MOHD SALLEH,PN,PAS,0,0,116,WANGSA MAJU,KL,0,0,M,0,PAS
659,2022,NORZAILA ARIFIN,GTA,PUTRA,0,0,116,WANGSA MAJU,KL,0,0,M,0,PUTRA
660,2022,LEE AH LEONG,,PRM,0,0,046,BATU KAWAN,Penang,0,0,F,0,PRM
661,2022,CHOW KON YEOW,PH,DAP,0,0,046,BATU KAWAN,Penang,0,0,F,0,DAP
662,2022,TAN LEE HUAT,BN,MCA,0,0,046,BATU KAWAN,Penang,0,0,F,0,BN
663,2022,WONG CHIA ZHEN,PN,GERAKAN,0,0,046,BATU KAWAN,Penang,0,0,F,0,PN
664,2022,ONG CHIN WEN,,WARISAN,0,0,046,BATU KAWAN,Penang,0,0,F,0,WARISAN
665,2022,MUHAMMAD ISMI MAT TAIB,PN,PAS,0,0,069,PARIT,Perak,0,0,F,0,PAS
666,2022,NURTHAQAFFAH NORDIN,PH,AMANAH,0,0,069,PARIT,Perak,0,0,M,0,PH
667,2022,MOHD NIZAR ZAKARIA,BN,UMNO,0,0,069,PARIT,Perak,0,0,F,0,BN
668,2022,FAIZOL FADZLI MOHAMAD,GTA,PEJUANG,0,0,069,PARIT,Perak,0,0,F,0,PEJUANG
669,2022,LIM HUI YING,PH,DAP,0,0,049,TANJONG,Penang,0,0,M,0,DAP
670,2022,TAN KIM NEE,BN,MCA,0,0,049,TANJONG,Penang,0,0,M,0,BN
671,2022,H'NG KHOON LENG,PN,GERAKAN,0,0,049,TANJONG,Penang,0,0,F,0,PN
672,2022,AZLI YUSOF,PH,AMANAH,0,0,108,SHAH ALAM,Selangor,0,0,F,0,PH
673,2022,MUHAMMAD RAFIQUE RASHID ALI,GTA,PEJUANG,0,0,108,SHAH ALAM,Selangor,0,0,F,0,PEJUANG
674,2022,HIZATUL ISHAM ABDUL JALIL,BN,UMNO,0,0,108,SHAH ALAM,Selangor,0,0,F,0,BN
675,2022,AFIF BAHARDIN,PN,BERSATU,0,0,108,SHAH ALAM,Selangor,0,0,F,0,PN
676,2022,MUHAMMAD NAZRUL HAKIM MD NAZIR,PN,PAS,0,0,102,BANGI,Selangor,0,0,F,0,PAS
677,2022,JAMAL,,IND,0,0,102,BANGI,Selangor,0,0,F,0,BEBAS
678,2022,HOH HEE LEE,BN,MCA,0,0,102,BANGI,Selangor,0,0,F,0,BN
679,2022,FAUZI HASIM,,IND,0,0,102,BANGI,Selangor,0,0,F,0,BEBAS
680,2022,SUTHAN M,,IND,0,0,102,BANGI,Selangor,0,0,F,0,BEBAS
681,2022,CHEE CHEE MENG,,PRM,0,0,102,BANGI,Selangor,0,0,F,0,PRM
682,2022,SYAHREDZAN JOHAN,PH,DAP,0,0,102,BANGI,Selangor,0,0,F,0,DAP
683,2022,ANNUAR SALLEH,GTA,BERJASA,0,0,102,BANGI,Selangor,0,0,F,0,GTA
684,2022,FAIRULNIZAR RAHMAT,PN,BERSATU,0,0,157,PENGERANG,Johor,0,0,F,0,PN
685,2022,AZALINA OTHMAN SAID,BN,UMNO,0,0,157,PENGERANG,Johor,0,0,M,0,BN
686,2022,CHE ZAKARIA MOHD SALLEH,PH,AMANAH,0,0,157,PENGERANG,Johor,0,0,F,0,PH
687,2022,SYED IBRAHIM SYED NOR,PH,PKR,0,0,144,LEDANG,Johor,0,0,F,0,PH
688,2022,ZAINAL BAHROM,,IND,0,0,144,LEDANG,Johor,0,0,F,0,BEBAS
689,2022,YUNUS,,IND,0,0,144,LEDANG,Johor,0,0,F,0,BEBAS
690,2022,RAFIDAH RIDWAN,GTA,PEJUANG,0,0,144,LEDANG,Johor,0,0,M,0,PEJUANG
691,2022,HAMIM SAMURI,BN,UMNO,0,0,144,LEDANG,Johor,0,0,F,0,BN
692,2022,ZAIDI ABD MAJID,PN,BERSATU,0,0,144,LEDANG,Johor,0,0,F,0,PN
693,2022,TENGKU ZAFRUL TENGKU ABDUL AZIZ,BN,UMNO,0,0,096,KUALA SELANGOR,Selangor,0,0,F,0,BN
694,2022,MOHD SHAID ROSLI,GTA,PEJUANG,0,0,096,KUALA SELANGOR,Selangor,0,0,F,0,PEJUANG
695,2022,DZULKEFLY AHMAD,PH,AMANAH,0,0,096,KUALA SELANGOR,Selangor,0,0,F,0,PH
696,2022,MOHD NOOR MOHD SAHAR,PN,PAS,0,0,096,KUALA SELANGOR,Selangor,0,0,F,0,PAS
697,2022,SHAHRIL SUFIAN HAMDAN,BN,UMNO,0,0,135,ALOR GAJAH,Melaka,0,0,F,0,BN
698,2022,ADLY ZAHARI,PH,AMANAH,0,0,135,ALOR GAJAH,Melaka,0,0,F,0,PH
699,2022,MOHD REDZUAN MD YUSOF,PN,BERSATU,0,0,135,ALOR GAJAH,Melaka,0,0,F,0,PN
700,2022,MUHAMMAD NAZRIQ ABDUL RAHMAN,GTA,BERJASA,0,0,135,ALOR GAJAH,Melaka,0,0,F,0,GTA
701,2022,GHAZALI,,IND,0,0,039,DUNGUN,Terengganu,0,0,F,0,BEBAS
702,2022,NUR AISAH HASSAN,GTA,PEJUANG,0,0,039,DUNGUN,Terengganu,0,0,M,0,PEJUANG
703,2022,MOHD JOHARI MOHAMAD,PH,PKR,0,0,039,DUNGUN,Terengganu,0,0,F,0,PH
704,2022,NURHISAM JOHARI,BN,UMNO,0,0,039,DUNGUN,Terengganu,0,0,F,0,BN
705,2022,WAN HASSAN MOHD RAMLI,PN,PAS,0,0,039,DUNGUN,Terengganu,0,0,F,0,PAS
706,2022,JAMALUDDIN MOHD RADZI,,IND,0,0,077,TANJONG MALIM,Perak,0,0,F,0,BEBAS
707,2022,IZZAT JOHARI,,IND,0,0,077,TANJONG MALIM,Perak,0,0,F,0,BEBAS
708,2022,CHANG LIH KANG,PH,PKR,0,0,077,TANJONG MALIM,Perak,0,0,F,0,PH
709,2022,MAH HANG SOON,BN,MCA,0,0,077,TANJONG MALIM,Perak,0,0,F,0,BN
710,2022,NOLEE ASHILIN MOHAMMED RADZI,PN,BERSATU,0,0,077,TANJONG MALIM,Perak,0,0,M,0,PN
711,2022,AMIR HAMZAH ABDUL RAZAK,GTA,IMAN,0,0,077,TANJONG MALIM,Perak,0,0,F,0,GTA
712,2022,NORAINI MD SALLEH,,WARISAN,0,0,008,POKOK SENA,Kedah,0,0,M,0,WARISAN
713,2022,AHMAD SAAD @ YAHAYA,PN,PAS,0,0,008,POKOK SENA,Kedah,0,0,F,0,PAS
714,2022,NORAN ZAMINI JAMALUDDIN,BN,UMNO,0,0,008,POKOK SENA,Kedah,0,0,F,0,BN
715,2022,MAHFUZ OMAR,PH,AMANAH,0,0,008,POKOK SENA,Kedah,0,0,F,0,PH
716,2022,ZULHAZMI SHARIFF,PH,DAP,0,0,012,JERAI,Kedah,0,0,F,0,DAP
717,2022,JAMIL KHIR BAHAROM,BN,UMNO,0,0,012,JERAI,Kedah,0,0,F,0,BN
718,2022,SABRI AZIT,PN,PAS,0,0,012,JERAI,Kedah,0,0,F,0,PAS
719,2022,MOHD NIZAM MAHSHAR,GTA,DIRECT,0,0,012,JERAI,Kedah,0,0,F,0,GTA
720,2022,NAJWAH HALIMAH AB ALIM,PN,BERSATU,0,0,165,TANJUNG PIAI,Johor,0,0,M,0,PN
721,2022,WEE JECK SENG,BN,MCA,0,0,165,TANJUNG PIAI,Johor,0,0,F,0,BN
722,2022,LIM WEI JIET,PH,MUDA,0,0,165,TANJUNG PIAI,Johor,0,0,F,0,MUDA
723,2022,NIK NAZMI NIK AHMAD,PH,PKR,0,0,118,SETIAWANGSA,KL,0,0,F,0,PH
724,2022,BIBI SUNITA SAKANDAR KHAN,GTA,PEJUANG,0,0,118,SETIAWANGSA,KL,0,0,M,0,PEJUANG
725,2022,IZUDIN ISHAK,BN,UMNO,0,0,118,SETIAWANGSA,KL,0,0,F,0,BN
726,2022,STANLEY LIM YEN TIONG,,IND,0,0,118,SETIAWANGSA,KL,0,0,F,0,BEBAS
727,2022,MIOR ROSLI,,IND,0,0,118,SETIAWANGSA,KL,0,0,F,0,BEBAS
728,2022,NURUL FADZILAH KAMALUDDIN,PN,BERSATU,0,0,118,SETIAWANGSA,KL,0,0,M,0,PN
729,2022,IBRAHIM ALI,GTA,PUTRA,0,0,023,RANTAU PANJANG,Kelantan,0,0,F,0,PUTRA
730,2022,SITI ZAILAH MOHD YUSOFF,PN,PAS,0,0,023,RANTAU PANJANG,Kelantan,0,0,M,0,PAS
731,2022,DATUK ZAIN,,PRM,0,0,023,RANTAU PANJANG,Kelantan,0,0,F,0,PRM
732,2022,ZULKARNAIN YUSOFF,BN,UMNO,0,0,023,RANTAU PANJANG,Kelantan,0,0,F,0,BN
733,2022,WAN SHAH JIHAN WAN DIN,PH,AMANAH,0,0,023,RANTAU PANJANG,Kelantan,0,0,F,0,PH
734,2022,BENEDICT ASMAT,BN,UMNO,0,0,183,BELURAN,Sabah,0,0,F,0,BN
735,2022,ROWIENA RASID,,WARISAN,0,0,183,BELURAN,Sabah,0,0,M,0,WARISAN
736,2022,HAUSING SUDIN @ SAMSUDIN,GTA,PEJUANG,0,0,183,BELURAN,Sabah,0,0,F,0,PEJUANG
737,2022,RONALD KIANDEE,PN,BERSATU,0,0,183,BELURAN,Sabah,0,0,F,0,PN
738,2022,FELIX JOSEPH SAANG,PH,UPKO,0,0,183,BELURAN,Sabah,0,0,F,0,PH
739,2022,MOHD AZIS JAMMAN,,WARISAN,0,0,171,SEPANGGAR,Sabah,0,0,F,0,WARISAN
740,2022,YAKUB KHAN,BN,UMNO,0,0,171,SEPANGGAR,Sabah,0,0,F,0,BN
741,2022,YUSOF KUNCHANG,GTA,PEJUANG,0,0,171,SEPANGGAR,Sabah,0,0,F,0,PEJUANG
742,2022,MUSTAPHA SAKMUD,PH,PKR,0,0,171,SEPANGGAR,Sabah,0,0,F,0,PH
743,2022,JUMARDIE LUKMAN,,KDM,0,0,171,SEPANGGAR,Sabah,0,0,F,0,KDM
744,2022,ARASTAM PANDOROG,PH,PKR,0,0,189,SEMPORNA,Sabah,0,0,F,0,PH
745,2022,SHAFIE APDAL,,WARISAN,0,0,189,SEMPORNA,Sabah,0,0,F,0,WARISAN
746,2022,NIXON ABDUL HABI,GRS,BERSATU,0,0,189,SEMPORNA,Sabah,0,0,F,0,GRS
747,2022,AB RAJIK AB HAMID,GTA,PEJUANG,0,0,189,SEMPORNA,Sabah,0,0,F,0,PEJUANG
748,2022,MATBALI MUSA,GRS,BERSATU,0,0,178,SIPITANG,Sabah,0,0,F,0,GRS
749,2022,LAHIRUL LATIGU,PH,AMANAH,0,0,178,SIPITANG,Sabah,0,0,F,0,PH
750,2022,ADNAN OKK PUTEH,,WARISAN,0,0,178,SIPITANG,Sabah,0,0,F,0,WARISAN
751,2022,NUR AINI ABDUL RAHMAN,GTA,PEJUANG,0,0,191,KALABAKAN,Sabah,0,0,M,0,PEJUANG
752,2022,ANDI MUHAMMAD SURYADY BANDY,BN,UMNO,0,0,191,KALABAKAN,Sabah,0,0,F,0,BN
753,2022,MA'MUN SULAIMAN,,WARISAN,0,0,191,KALABAKAN,Sabah,0,0,F,0,WARISAN
754,2022,MUHAMAD,,IND,0,0,191,KALABAKAN,Sabah,0,0,F,0,BEBAS
755,2022,NORAINI ABD GHAPUR,PH,PKR,0,0,191,KALABAKAN,Sabah,0,0,M,0,PH
756,2022,DIKIN MUSAH,PH,PKR,0,0,177,BEAUFORT,Sabah,0,0,F,0,PH
757,2022,MATLANI SABLI,,IND,0,0,177,BEAUFORT,Sabah,0,0,F,0,BEBAS
758,2022,JOHAN @ CHRISTOPHER O T GHANI,,IND,0,0,177,BEAUFORT,Sabah,0,0,F,0,BEBAS
759,2022,MASRI ADUL,,WARISAN,0,0,177,BEAUFORT,Sabah,0,0,F,0,WARISAN
760,2022,SITI AMINAH ACHING,BN,UMNO,0,0,177,BEAUFORT,Sabah,0,0,M,0,BN
761,2022,JOHAIR MAT LANI,,KDM,0,0,177,BEAUFORT,Sabah,0,0,M,0,KDM
762,2022,AWANG HUSAINI SAHARI,PH,PKR,0,0,173,PUTATAN,Sabah,0,0,F,0,PH
763,2022,SHAHELMEY YAHYA,BN,UMNO,0,0,173,PUTATAN,Sabah,0,0,F,0,BN
764,2022,POYNE B TUDUS @ PATRICK PAYNE,GTA,IMAN,0,0,173,PUTATAN,Sabah,0,0,F,0,GTA
765,2022,AHMAD MOHD SAID,,WARISAN,0,0,173,PUTATAN,Sabah,0,0,F,0,WARISAN
766,2022,RUDDY AWAH,GRS,BERSATU,0,0,167,KUDAT,Sabah,0,0,F,0,GRS
767,2022,NUR ALYA HUMAIRAH USUN ABDULLAH,GTA,PEJUANG,0,0,167,KUDAT,Sabah,0,0,M,0,PEJUANG
768,2022,ABDUL RASHID ABDUL HARUN,,WARISAN,0,0,167,KUDAT,Sabah,0,0,F,0,WARISAN
769,2022,VERDON BAHANDA,,IND,0,0,167,KUDAT,Sabah,0,0,F,0,BEBAS
770,2022,THONNY CHEE,PH,PKR,0,0,167,KUDAT,Sabah,0,0,F,0,PH
771,2022,NORDIN KHANI,,PPRS,0,0,184,LIBARAN,Sabah,0,0,F,0,PPRS
772,2022,PETER JR NAINTIN,PH,UPKO,0,0,184,LIBARAN,Sabah,0,0,F,0,PH
773,2022,AMDAN TUMPONG,,IND,0,0,184,LIBARAN,Sabah,0,0,F,0,BEBAS
774,2022,JEFFRI @ AMAT PUDANG,GTA,PEJUANG,0,0,184,LIBARAN,Sabah,0,0,F,0,PEJUANG
775,2022,SH BOKRATA SH HASSAN,,WARISAN,0,0,184,LIBARAN,Sabah,0,0,F,0,WARISAN
776,2022,SUHAIMI NASIR,BN,UMNO,0,0,184,LIBARAN,Sabah,0,0,F,0,BN
777,2022,OSCAR SIA YU HOCK,PH,DAP,0,0,188,LAHAD DATU,Sabah,0,0,F,0,DAP
778,2022,MOHAMMAD YUSOF APDAL,,WARISAN,0,0,188,LAHAD DATU,Sabah,0,0,F,0,WARISAN
779,2022,MAIZATUL AKMAM ALAWI,BN,UMNO,0,0,188,LAHAD DATU,Sabah,0,0,M,0,BN
780,2022,GRELYDIA GILLOD,PH,DAP,0,0,180,KENINGAU,Sabah,0,0,M,0,DAP
781,2022,RASININ KOUTIS @ KAUTIS,,WARISAN,0,0,180,KENINGAU,Sabah,0,0,F,0,WARISAN
782,2022,JEFFREY KITINGAN,GRS,STAR,0,0,180,KENINGAU,Sabah,0,0,F,0,GRS
783,2022,JAKE NOINTIN,,KDM,0,0,180,KENINGAU,Sabah,0,0,F,0,KDM
784,2022,AMANDA YEO YAN YIN,,WARISAN,0,0,172,KOTA KINABALU,Sabah,0,0,M,0,WARISAN
785,2022,MARCEL JUDE,,IND,0,0,172,KOTA KINABALU,Sabah,0,0,F,0,BEBAS
786,2022,WINSTON LIAW KIT SIONG,,KDM,0,0,172,KOTA KINABALU,Sabah,0,0,F,0,KDM
787,2022,CHAN FOONG HIN,PH,DAP,0,0,172,KOTA KINABALU,Sabah,0,0,F,0,DAP
788,2022,YEE TSAI YIEW,GRS,PBS,0,0,172,KOTA KINABALU,Sabah,0,0,M,0,GRS
789,2022,PETER HII,,IND,0,0,186,SANDAKAN,Sabah,0,0,F,0,BEBAS
790,2022,SYEIKH LOKEMAN,,IND,0,0,186,SANDAKAN,Sabah,0,0,F,0,BEBAS
791,2022,THOMAS LAU CHEE KEONG,GRS,SAPP,0,0,186,SANDAKAN,Sabah,0,0,F,0,GRS
792,2022,VIVIAN WONG SHIR YEE,PH,DAP,0,0,186,SANDAKAN,Sabah,0,0,M,0,DAP
793,2022,ALEX THIEN CHIN QIANG,,WARISAN,0,0,186,SANDAKAN,Sabah,0,0,F,0,WARISAN
794,2022,LITA TAN ABDULLAH,,IND,0,0,186,SANDAKAN,Sabah,0,0,M,0,BEBAS
795,2022,JAMANI DERIMIN @ GAMPALID,GTA,PEJUANG,0,0,182,PENSIANGAN,Sabah,0,0,F,0,PEJUANG
796,2022,SITI NOORHASMAHWATTY OSMAN,,WARISAN,0,0,182,PENSIANGAN,Sabah,0,0,F,0,WARISAN
797,2022,JEKERISON KILAN,,KDM,0,0,182,PENSIANGAN,Sabah,0,0,F,0,KDM
798,2022,SANGKAR RASAM,PH,PKR,0,0,182,PENSIANGAN,Sabah,0,0,F,0,PH
799,2022,ARTHUR JOSEPH KURUP,BN,PBRS,0,0,182,PENSIANGAN,Sabah,0,0,F,0,PBRS
800,2022,LIAU FUI FUI,PH,DAP,0,0,185,BATU SAPI,Sabah,0,0,M,0,DAP
801,2022,OTHMAN AHMAD,,IND,0,0,185,BATU SAPI,Sabah,0,0,F,0,BEBAS
802,2022,BONI YUSUF ABDULLAH,GTA,PUTRA,0,0,185,BATU SAPI,Sabah,0,0,F,0,PUTRA
803,2022,ALIAS SANI,,WARISAN,0,0,185,BATU SAPI,Sabah,0,0,F,0,WARISAN
804,2022,KHAIRUL FIRDAUS AKBARKHAN,GRS,BERSATU,0,0,185,BATU SAPI,Sabah,0,0,F,0,GRS
805,2022,NICHOLAS SYLVESTER,GTA,PEJUANG,0,0,175,PAPAR,Sabah,0,0,F,0,PEJUANG
806,2022,NORBERT CHIN,,IND,0,0,175,PAPAR,Sabah,0,0,F,0,BEBAS
807,2022,HENRY SHIM CHEE ON,PH,DAP,0,0,175,PAPAR,Sabah,0,0,F,0,DAP
808,2022,JOHNNY SITAMIN,,IND,0,0,175,PAPAR,Sabah,0,0,F,0,BEBAS
809,2022,AHMAD HASSAN,,WARISAN,0,0,175,PAPAR,Sabah,0,0,F,0,WARISAN
810,2022,AMIRZAN MOHD ALI,GRS,BERSATU,0,0,175,PAPAR,Sabah,0,0,F,0,GRS
811,2022,MOHD ISMAIL AYOB,,WARISAN,0,0,187,KINABATANGAN,Sabah,0,0,M,0,WARISAN
812,2022,BUNG MOKTAR RADIN,BN,UMNO,0,0,187,KINABATANGAN,Sabah,0,0,F,0,BN
813,2022,CHEN KET CHUIN,,WARISAN,0,0,190,TAWAU,Sabah,0,0,F,0,WARISAN
814,2022,CHIN CHEE SYN,,IND,0,0,190,TAWAU,Sabah,0,0,F,0,BEBAS
815,2022,MOHD SALLEH BACHO,,IND,0,0,190,TAWAU,Sabah,0,0,F,0,BEBAS
816,2022,CHRISTINA LIEW CHIN JIN,PH,PKR,0,0,190,TAWAU,Sabah,0,0,M,0,PH
817,2022,HERMAN AMDAS,GTA,PEJUANG,0,0,190,TAWAU,Sabah,0,0,F,0,PEJUANG
818,2022,LO SU FUI,GRS,PBS,0,0,190,TAWAU,Sabah,0,0,F,0,GRS
819,2022,WILFRED MADIUS TANGAU,PH,UPKO,0,0,170,TUARAN,Sabah,0,0,F,0,PH
820,2022,BOBY LEWAT,,IND,0,0,170,TUARAN,Sabah,0,0,F,0,BEBAS
821,2022,NOORTAIP SUHAILI @ SUALEE,,IND,0,0,170,TUARAN,Sabah,0,0,F,0,BEBAS
822,2022,JO-ANNA SUE HENLY RAMPAS,,WARISAN,0,0,170,TUARAN,Sabah,0,0,M,0,WARISAN
823,2022,MUMININ KALINGKONG @ NORBINSHA,GTA,PEJUANG,0,0,170,TUARAN,Sabah,0,0,F,0,PEJUANG
824,2022,JONISTON BANGKUAI,GRS,PBS,0,0,170,TUARAN,Sabah,0,0,F,0,GRS
825,2022,JAHALAN TAUFIK SHAM,PH,PKR,0,0,179,RANAU,Sabah,0,0,F,0,PH
826,2022,JONATHAN YASIN,GRS,BERSATU,0,0,179,RANAU,Sabah,0,0,F,0,GRS
827,2022,AZIZUL JULIRIN,GTA,PEJUANG,0,0,179,RANAU,Sabah,0,0,F,0,PEJUANG
828,2022,MARKOS SITON,,WARISAN,0,0,179,RANAU,Sabah,0,0,F,0,WARISAN
829,2022,EWON EBIN,,PBRS,0,0,179,RANAU,Sabah,0,0,F,0,PBRS
830,2022,NOORITA SUAL,PH,DAP,0,0,181,TENOM,Sabah,0,0,M,0,DAP
831,2022,JAMAWI JAAFAR,BN,UMNO,0,0,181,TENOM,Sabah,0,0,F,0,BN
832,2022,RIDUAN RUBIN,,IND,0,0,181,TENOM,Sabah,0,0,F,0,BEBAS
833,2022,UKIN BUANDI,,WARISAN,0,0,181,TENOM,Sabah,0,0,F,0,WARISAN
834,2022,PEGGY CHAW ZHI TING,,IND,0,0,181,TENOM,Sabah,0,0,M,0,BEBAS
835,2022,MADELY MODILY BANGALI,PH,PKR,0,0,169,KOTA BELUD,Sabah,0,0,F,0,PH
836,2022,ABDUL RAHMAN DAHLAN,BN,UMNO,0,0,169,KOTA BELUD,Sabah,0,0,F,0,BN
837,2022,ISNARAISSAH MUNIRAH MAJILIS,,WARISAN,0,0,169,KOTA BELUD,Sabah,0,0,M,0,WARISAN
838,2022,EWON BENEDICK,PH,UPKO,0,0,174,PENAMPANG,Sabah,0,0,F,0,PH
839,2022,RICHARD JIMMY,,IND,0,0,174,PENAMPANG,Sabah,0,0,F,0,BEBAS
840,2022,KENNY CHUA,GRS,STAR,0,0,174,PENAMPANG,Sabah,0,0,F,0,GRS
841,2022,DARELL LEIKING,,WARISAN,0,0,174,PENAMPANG,Sabah,0,0,F,0,WARISAN
842,2022,MOHAMAD ALAMIN,BN,UMNO,0,0,176,KIMANIS,Sabah,0,0,F,0,BN
843,2022,DAUD YUSOF,,WARISAN,0,0,176,KIMANIS,Sabah,0,0,F,0,WARISAN
844,2022,YUSOP OSMAN,GTA,PEJUANG,0,0,176,KIMANIS,Sabah,0,0,F,0,PEJUANG
845,2022,ROWINDY LAWRENCE,PH,UPKO,0,0,176,KIMANIS,Sabah,0,0,M,0,PH
846,2022,AMAT MD YUSOF,,KDM,0,0,176,KIMANIS,Sabah,0,0,F,0,KDM
847,2022,MOHD AZMI ZULKIFLEE,GTA,PEJUANG,0,0,168,KOTA MARUDU,Sabah,0,0,F,0,PEJUANG
848,2022,SHARIZAL DENCI,PH,MUDA,0,0,168,KOTA MARUDU,Sabah,0,0,F,0,MUDA
849,2022,NORMAN TULANG,,IND,0,0,168,KOTA MARUDU,Sabah,0,0,F,0,BEBAS
850,2022,JILID KUMINDING @ ZAINUDDIN,,WARISAN,0,0,168,KOTA MARUDU,Sabah,0,0,F,0,WARISAN
851,2022,MAXIMUS ONGKILI,GRS,PBS,0,0,168,KOTA MARUDU,Sabah,0,0,F,0,GRS
852,2022,WETROM BAHANDA,,KDM,0,0,168,KOTA MARUDU,Sabah,0,0,F,0,KDM
853,2022,ALIM IMPIRA,,IND,0,0,199,SERIAN,Sarawak,0,0,F,0,BEBAS
854,2022,RICHARD RIOT JAEM,GPS,SUPP,0,0,199,SERIAN,Sarawak,0,0,F,0,GPS
855,2022,ELSIY TINGANG,,PSB,0,0,199,SERIAN,Sarawak,0,0,M,0,PSB
856,2022,LEARRY JABUL,PH,DAP,0,0,199,SERIAN,Sarawak,0,0,F,0,DAP
857,2022,RUBIAH WANG,GPS,PBB,0,0,197,KOTA SAMARAHAN,Sarawak,0,0,M,0,GPS
858,2022,ABANG ABDUL HALIL ABANG NAILI,PH,AMANAH,0,0,197,KOTA SAMARAHAN,Sarawak,0,0,F,0,PH
859,2022,DORIS SOPHIA BRODI,GPS,PRS,0,0,202,SRI AMAN,Sarawak,0,0,M,0,GPS
860,2022,WILSON ANAK ENTABANG,,PSB,0,0,202,SRI AMAN,Sarawak,0,0,F,0,PSB
861,2022,MASIR ANAK KUJAT,,IND,0,0,202,SRI AMAN,Sarawak,0,0,F,0,BEBAS
862,2022,TAY WEI WEI,PH,PKR,0,0,202,SRI AMAN,Sarawak,0,0,F,0,PH
863,2022,SUSAN GEORGE,,PBDS,0,0,209,JULAU,Sarawak,0,0,M,0,PBDS
864,2022,JOSEPH SALANG GANDUM,GPS,PRS,0,0,209,JULAU,Sarawak,0,0,F,0,GPS
865,2022,LARRY SNG WEI SHIEN,,PBM,0,0,209,JULAU,Sarawak,0,0,F,0,PBM
866,2022,ELLY LAWAI NGALAI,,IND,0,0,209,JULAU,Sarawak,0,0,F,0,BEBAS
867,2022,MOHAMAD SHAFIZAN KEPLI,GPS,PBB,0,0,201,BATANG LUPAR,Sarawak,0,0,F,0,GPS
868,2022,WEL @ MAXWEL AK ROJIS,PH,AMANAH,0,0,201,BATANG LUPAR,Sarawak,0,0,F,0,PH
869,2022,HAMDAN SANI,PN,PAS,0,0,201,BATANG LUPAR,Sarawak,0,0,F,0,PAS
870,2022,JUGAH MUYANG,PN,BERSATU,0,0,203,LUBOK ANTU,Sarawak,0,0,F,0,PN
871,2022,JOHNICHAL RAYONG NGIPA,,PSB,0,0,203,LUBOK ANTU,Sarawak,0,0,F,0,PSB
872,2022,ROY ANGAU GINGKOI,GPS,PRS,0,0,203,LUBOK ANTU,Sarawak,0,0,F,0,GPS
873,2022,LANGGA LIAS,PH,PKR,0,0,203,LUBOK ANTU,Sarawak,0,0,F,0,PH
874,2022,WONG TIING KIONG,,IND,0,0,211,LANANG,Sarawak,0,0,F,0,BEBAS
875,2022,PRISCILLA LAU,,PBK,0,0,211,LANANG,Sarawak,0,0,M,0,PBK
876,2022,ALICE LAU KIONG YIENG,PH,DAP,0,0,211,LANANG,Sarawak,0,0,M,0,DAP
877,2022,WONG CHING YONG,GPS,SUPP,0,0,211,LANANG,Sarawak,0,0,F,0,GPS
878,2022,RACHA BALANG,PH,PKR,0,0,221,LIMBANG,Sarawak,0,0,F,0,PH
879,2022,HASBI HABIBOLLAH,GPS,PBB,0,0,221,LIMBANG,Sarawak,0,0,F,0,GPS
880,2022,FADILLAH YUSOF,GPS,PBB,0,0,194,PETRA JAYA,Sarawak,0,0,F,0,GPS
881,2022,SOFIAN JULAIHI,PH,PKR,0,0,194,PETRA JAYA,Sarawak,0,0,F,0,PH
882,2022,OTHMAN ABDILLAH,,SEDAR,0,0,194,PETRA JAYA,Sarawak,0,0,F,0,SEDAR
883,2022,DUKE JANTENG,PN,BERSATU,0,0,217,BINTULU,Sarawak,0,0,F,0,PN
884,2022,TIONG KING SING,GPS,PDP,0,0,217,BINTULU,Sarawak,0,0,F,0,GPS
885,2022,TONY CHIEW CHAN YEW,PH,DAP,0,0,217,BINTULU,Sarawak,0,0,F,0,DAP
886,2022,NANCY SHUKRI,GPS,PBB,0,0,193,SANTUBONG,Sarawak,0,0,M,0,GPS
887,2022,AFFENDI JEMAN,,IND,0,0,193,SANTUBONG,Sarawak,0,0,F,0,BEBAS
888,2022,MOHAMAD ZEN PELI,PH,AMANAH,0,0,193,SANTUBONG,Sarawak,0,0,F,0,PH
889,2022,GIENDAM JONATHAN TAIT,GPS,PDP,0,0,205,SARATOK,Sarawak,0,0,F,0,GPS
890,2022,ALI BIJU,PN,BERSATU,0,0,205,SARATOK,Sarawak,0,0,F,0,PN
891,2022,IBIL JAYA,PH,PKR,0,0,205,SARATOK,Sarawak,0,0,F,0,PH
892,2022,WILLIE MONGIN,GPS,PBB,0,0,198,PUNCAK BORNEO,Sarawak,0,0,F,0,GPS
893,2022,DIOG DIOS,PH,PKR,0,0,198,PUNCAK BORNEO,Sarawak,0,0,F,0,PH
894,2022,TOMSON ANGO,,PBK,0,0,198,PUNCAK BORNEO,Sarawak,0,0,M,0,PBK
895,2022,YUSOF ABDUL WAHAB,GPS,PBB,0,0,206,TANJUNG MANIS,Sarawak,0,0,F,0,GPS
896,2022,ZAINAB SUHAILI,PH,AMANAH,0,0,206,TANJUNG MANIS,Sarawak,0,0,M,0,PH
897,2022,ABUN SUI ANYIT,PH,PKR,0,0,216,HULU RAJANG,Sarawak,0,0,F,0,PH
898,2022,UGAK KUMBONG,GPS,PRS,0,0,216,HULU RAJANG,Sarawak,0,0,F,0,GPS
899,2022,PATRICK KHAMIS,PH,PKR,0,0,204,BETONG,Sarawak,0,0,F,0,PH
900,2022,HASBIE SATAR,,IND,0,0,204,BETONG,Sarawak,0,0,F,0,BEBAS
901,2022,RICHARD RAPU @ AMAN BEGRI,GPS,PBB,0,0,204,BETONG,Sarawak,0,0,F,0,GPS
902,2022,HANIFAH HAJAR TAIB,GPS,PBB,0,0,213,MUKAH,Sarawak,0,0,M,0,GPS
903,2022,ABDUL JALIL BUJANG,PH,PKR,0,0,213,MUKAH,Sarawak,0,0,F,0,PH
904,2022,UMPANG SALANG,PH,PKR,0,0,214,SELANGAU,Sarawak,0,0,F,0,PH
905,2022,EDWIN BANTA,GPS,PRS,0,0,214,SELANGAU,Sarawak,0,0,F,0,GPS
906,2022,HENRY JOSEPH USAU,,IND,0,0,214,SELANGAU,Sarawak,0,0,F,0,BEBAS
907,2022,ANYI NGAU,GPS,PDP,0,0,220,BARAM,Sarawak,0,0,F,0,GPS
908,2022,ROLAND ENGAN,PH,PKR,0,0,220,BARAM,Sarawak,0,0,F,0,PH
909,2022,WILFRED ENTIKA,,IND,0,0,220,BARAM,Sarawak,0,0,F,0,BEBAS
910,2022,LUKANISMAN AWANG SAUNI,GPS,PBB,0,0,218,SIBUTI,Sarawak,0,0,F,0,GPS
911,2022,ZOLHAIDAH SUBOH,PH,PKR,0,0,218,SIBUTI,Sarawak,0,0,M,0,PH
912,2022,BOBBY WILLIAM,,PBDS,0,0,218,SIBUTI,Sarawak,0,0,F,0,PBDS
913,2022,JAPAR SUYUT,PH,PKR,0,0,222,LAWAS,Sarawak,0,0,F,0,PH
914,2022,BARU BIAN,,PSB,0,0,222,LAWAS,Sarawak,0,0,F,0,PSB
915,2022,HENRY SUM AGONG,GPS,PBB,0,0,222,LAWAS,Sarawak,0,0,F,0,GPS
916,2022,MOHD FAUZI ABDULLAH@JOSEPH,PH,PKR,0,0,210,KANOWIT,Sarawak,0,0,F,0,PH
917,2022,ELLI LUHAT,,IND,0,0,210,KANOWIT,Sarawak,0,0,F,0,BEBAS
918,2022,AARON AGO DAGANG,GPS,PRS,0,0,210,KANOWIT,Sarawak,0,0,F,0,GPS
919,2022,GEORGE CHEN,,IND,0,0,210,KANOWIT,Sarawak,0,0,F,0,BEBAS
920,2022,MICHAEL ANAK LIAS,,IND,0,0,210,KANOWIT,Sarawak,0,0,F,0,BEBAS
921,2022,HUANG TIONG SII,GPS,SUPP,0,0,208,SARIKEI,Sarawak,0,0,F,0,GPS
922,2022,RODERICK WONG SIEW LEAD,PH,DAP,0,0,208,SARIKEI,Sarawak,0,0,F,0,DAP
923,2022,RODIYAH SAPIEE,GPS,PBB,0,0,200,BATANG SADONG,Sarawak,0,0,M,0,GPS
924,2022,LAHAJI LAHIYA,PH,AMANAH,0,0,200,BATANG SADONG,Sarawak,0,0,F,0,PH
925,2022,OSCAR LING CHAI YEW,PH,DAP,0,0,212,SIBU,Sarawak,0,0,F,0,DAP
926,2022,CLARENCE TING ING HORH,GPS,SUPP,0,0,212,SIBU,Sarawak,0,0,F,0,GPS
927,2022,WONG SOON KOH,,PSB,0,0,212,SIBU,Sarawak,0,0,F,0,PSB
928,2022,ALEXANDER NANTA LINGGI,GPS,PBB,0,0,215,KAPIT,Sarawak,0,0,F,0,GPS
929,2022,KHUSYAIRY PANGKAS ABDULLAH,PH,PKR,0,0,215,KAPIT,Sarawak,0,0,F,0,PH
930,2022,ROBERT SAWENG,,PBDS,0,0,215,KAPIT,Sarawak,0,0,F,0,PBDS
931,2022,JEFFREY PHANG SIAW FOONG,GPS,SUPP,0,0,219,MIRI,Sarawak,0,0,F,0,GPS
932,2022,LAWRENCE LAI,,PSB,0,0,219,MIRI,Sarawak,0,0,F,0,PSB
933,2022,CHIEW CHOON MAN,PH,PKR,0,0,219,MIRI,Sarawak,0,0,F,0,PH
934,2022,AHMAD JOHNIE ZAWAWI,GPS,PBB,0,0,207,IGAN,Sarawak,0,0,F,0,GPS
935,2022,ANDRI ZULKARNAEN HAMDEN,PH,AMANAH,0,0,207,IGAN,Sarawak,0,0,F,0,PH
936,2022,TAY TZE KOK,GPS,SUPP,0,0,195,BANDAR KUCHING,Sarawak,0,0,F,0,GPS
937,2022,VOON LEE SHAN,,PBK,0,0,195,BANDAR KUCHING,Sarawak,0,0,F,0,PBK
938,2022,KELVIN YII LEE WUEN,PH,DAP,0,0,195,BANDAR KUCHING,Sarawak,0,0,F,0,DAP
939,2022,RYAN SIM MIN LEONG,,PBK,0,0,192,MAS GADING,Sarawak,0,0,F,0,PBK
940,2022,LIDANG DISEN,GPS,PDP,0,0,192,MAS GADING,Sarawak,0,0,F,0,GPS
941,2022,MORDI BIMOL,PH,DAP,0,0,192,MAS GADING,Sarawak,0,0,F,0,DAP
942,2022,CHONG CHIENG JEN,PH,DAP,0,0,196,STAMPIN,Sarawak,0,0,F,0,DAP
943,2022,LO KHERE CHANG,GPS,SUPP,0,0,196,STAMPIN,Sarawak,0,0,F,0,GPS
944,2022,LUE CHENG HING,,PBK,0,0,196,STAMPIN,Sarawak,0,0,F,0,PBK
